total_games,elo_accuracy,power_v2_accuracy,power_v3_recency_accuracy,elo_brier_score,power_v2_brier_score,power_v3_recency_brier_score
161,0.6894409937888198,0.7018633540372671,0.7142857142857143,0.2147298277949295,0.20360725420962345,0.20415801353779361
