total_predictions,accuracy,average_confidence,brier_score
183,0.6939890710382514,0.5584424862493643,0.21001922207963164
