bucket,games,average_predicted_probability,actual_win_rate,calibration_gap
50-55%,77,0.5174392825990628,0.5714285714285714,0.0539892888295086
55-60%,46,0.5745092006108422,0.7391304347826086,0.16462123417176644
60-65%,17,0.6245628618646454,1.0,0.3754371381353546
65-70%,14,0.6742733712331794,0.9285714285714286,0.2542980573382492
70-75%,4,0.7318731385512465,1.0,0.26812686144875353
75%+,3,0.7794995463243727,1.0,0.22050045367562732
