total_predictions,accuracy,average_confidence,brier_score
215,0.7069767441860465,0.5651086721268274,0.20562825082897696
