bucket,games,average_predicted_probability,actual_win_rate,calibration_gap
50-55%,66,0.5168499931324134,0.5757575757575758,0.05890758262516238
55-60%,38,0.5745465905842003,0.7368421052631579,0.16229551467895753
60-65%,31,0.6218651304259503,0.6774193548387096,0.05555422441275937
65-70%,12,0.6710379446597213,1.0,0.32896205534027867
70-75%,15,0.7223334123554108,0.9333333333333333,0.21099992097792253
75%+,11,0.8042631339956017,1.0,0.19573686600439832
