total_games,elo_accuracy,power_v2_accuracy,power_v3_recency_accuracy,elo_brier_score,power_v2_brier_score,power_v3_recency_brier_score
240,0.7083333333333334,0.7291666666666666,0.7291666666666666,0.2060227901043135,0.19720714266093928,0.19748972829631767
