bucket,games,average_predicted_probability,actual_win_rate,calibration_gap
50-55%,78,0.5177068555539643,0.5769230769230769,0.05921622136911253
55-60%,48,0.5744088099702246,0.75,0.1755911900297754
60-65%,17,0.6245653192823363,1.0,0.3754346807176637
65-70%,15,0.6734647534714107,0.9333333333333333,0.2598685798619227
70-75%,5,0.7308259537179834,1.0,0.2691740462820166
75%+,3,0.7794995463243727,1.0,0.22050045367562732
