total_games,elo_accuracy,power_v2_accuracy,power_v3_recency_accuracy,elo_brier_score,power_v2_brier_score,power_v3_recency_brier_score
214,0.705607476635514,0.7289719626168224,0.7383177570093458,0.20636045367715944,0.19587705545252374,0.1960924089512456
