total_games,elo_accuracy,power_v2_accuracy,hybrid_accuracy,elo_brier_score,power_v2_brier_score,hybrid_brier_score
166,0.6987951807228916,0.7108433734939759,0.7168674698795181,0.2135140109790534,0.20206698207458965,0.21028901383792703
