total_games,elo_accuracy,power_v2_accuracy,power_v3_recency_accuracy,elo_brier_score,power_v2_brier_score,power_v3_recency_brier_score
186,0.6989247311827957,0.7096774193548387,0.7204301075268817,0.2090947118960118,0.19867682075595622,0.19907538715016795
