total_games,elo_accuracy,power_v2_accuracy,hybrid_accuracy,elo_brier_score,power_v2_brier_score,hybrid_brier_score
227,0.7180616740088106,0.7400881057268722,0.7312775330396476,0.2043159917665443,0.19467322061693546,0.20341203644895758
