bucket,games,average_predicted_probability,actual_win_rate,calibration_gap
50-55%,67,0.5162258900897494,0.5373134328358209,0.021087542746071497
55-60%,41,0.5752171090231782,0.7317073170731707,0.15649020804999247
60-65%,37,0.6234419849736941,0.7297297297297297,0.10628774475603564
65-70%,13,0.6714634875800177,0.9230769230769231,0.2516134354969054
70-75%,18,0.724374132479344,0.9444444444444444,0.2200703119651004
75%+,15,0.8054116910241123,1.0,0.19458830897588775
