bucket,games,average_predicted_probability,actual_win_rate,calibration_gap
50-55%,92,0.5175069191585504,0.5869565217391305,0.06944960258058008
55-60%,58,0.5755395440276704,0.7413793103448276,0.16583976631715724
60-65%,30,0.6231370365079979,0.9,0.2768629634920021
65-70%,24,0.6774898129375576,0.9583333333333334,0.28084352039577576
70-75%,9,0.7256707793927081,1.0,0.2743292206072919
75%+,8,0.8022601812224065,1.0,0.1977398187775935
