total_games,elo_accuracy,power_v2_accuracy,hybrid_accuracy,elo_brier_score,power_v2_brier_score,hybrid_brier_score
208,0.7115384615384616,0.7307692307692307,0.7307692307692307,0.20533726264567256,0.19478973444974113,0.20373773603177817
