total_predictions,accuracy,average_confidence,brier_score
239,0.7112970711297071,0.568493784457114,0.20496267532699772
