bucket,games,average_predicted_probability,actual_win_rate,calibration_gap
50-55%,64,0.5166020902177147,0.578125,0.06152290978228525
55-60%,31,0.5761013523718038,0.7096774193548387,0.13357606698303492
60-65%,20,0.6237580597954316,0.75,0.12624194020456836
65-70%,11,0.6692071361228809,1.0,0.33079286387711915
70-75%,11,0.7240840641775526,0.9090909090909091,0.1850068449133565
75%+,7,0.8020867138797664,1.0,0.19791328612023362
