total_predictions,accuracy,average_confidence,brier_score
128,0.6640625,0.5444131404621697,0.22118843149344003
