bucket,games,average_predicted_probability,actual_win_rate,calibration_gap
50-55%,76,0.5173371440678818,0.5921052631578947,0.07476811909001291
55-60%,40,0.5736457127568109,0.7,0.1263542872431891
60-65%,43,0.6212712012583108,0.7674418604651163,0.1461706592068055
65-70%,22,0.6783436417994991,0.9090909090909091,0.23074726729140993
70-75%,17,0.7319720498551023,0.9411764705882353,0.20920442073313295
75%+,18,0.8027232433393197,1.0,0.19727675666068034
