bucket,games,average_predicted_probability,actual_win_rate,calibration_gap
50-55%,73,0.5175609806168286,0.5616438356164384,0.04408285499960973
55-60%,31,0.5722756393629458,0.7419354838709677,0.16965984450802196
60-65%,16,0.6270529896935582,1.0,0.37294701030644184
65-70%,10,0.6762546627325612,0.9,0.22374533726743884
70-75%,4,0.7255853773011174,1.0,0.2744146226988826
75%+,3,0.7673834028387437,1.0,0.23261659716125627
