total_predictions,accuracy,average_confidence,brier_score
171,0.7017543859649122,0.554585922872782,0.21183417564786827
