bucket,games,average_predicted_probability,actual_win_rate,calibration_gap
50-55%,75,0.5169838931979411,0.56,0.04301610680205892
55-60%,41,0.5732164602961015,0.7560975609756098,0.18288110067950825
60-65%,18,0.6235863353039867,0.9444444444444444,0.32085810914045776
65-70%,14,0.6738156017558449,0.9285714285714286,0.25475582681558373
70-75%,4,0.7316637782470495,1.0,0.26833622175295047
75%+,3,0.7795006010891709,1.0,0.22049939891082915
