bucket,games,average_predicted_probability,actual_win_rate,calibration_gap
50-55%,73,0.5167716432657969,0.5616438356164384,0.04487219235064144
55-60%,42,0.573681761925109,0.7142857142857143,0.1406039523606053
60-65%,42,0.6211414923119736,0.7619047619047619,0.1407632695927883
65-70%,18,0.6779152528363398,0.8888888888888888,0.21097363605254904
70-75%,20,0.7277859179579846,0.95,0.22221408204201532
75%+,17,0.8007943936977867,1.0,0.1992056063022133
