total_games,elo_accuracy,power_v2_accuracy,hybrid_accuracy,elo_brier_score,power_v2_brier_score,hybrid_brier_score
224,0.7142857142857143,0.7410714285714286,0.7321428571428571,0.20472470352257102,0.19468233088925788,0.20346450903406232
