bucket,games,average_predicted_probability,actual_win_rate,calibration_gap
50-55%,76,0.5173393436165504,0.5921052631578947,0.07476591954134426
55-60%,40,0.5736451646383517,0.7,0.12635483536164827
60-65%,42,0.6217069993814086,0.7619047619047619,0.14019776252335325
65-70%,22,0.6783436417994991,0.9090909090909091,0.23074726729140993
70-75%,17,0.7319720498551023,0.9411764705882353,0.20920442073313295
75%+,17,0.8010061002265606,1.0,0.1989938997734394
