bucket,games,average_predicted_probability,actual_win_rate,calibration_gap
50-55%,73,0.5175662430809785,0.5616438356164384,0.04407759253545984
55-60%,33,0.5726857923297005,0.7272727272727273,0.15458693494302678
60-65%,16,0.6270545121338176,1.0,0.3729454878661824
65-70%,10,0.6762518895575316,0.9,0.22374811044246845
70-75%,4,0.725598145999651,1.0,0.274401854000349
75%+,3,0.7673834028387437,1.0,0.23261659716125627
