total_games,elo_accuracy,power_v2_accuracy,power_v3_recency_accuracy,elo_brier_score,power_v2_brier_score,power_v3_recency_brier_score
227,0.7180616740088106,0.7400881057268722,0.7444933920704846,0.2043159917665443,0.19467322061693546,0.19497369799984623
