bucket,games,average_predicted_probability,actual_win_rate,calibration_gap
50-55%,66,0.5168499931324134,0.5757575757575758,0.05890758262516238
55-60%,38,0.5745658145712558,0.7368421052631579,0.16227629069190208
60-65%,29,0.6226120212490571,0.7241379310344828,0.10152590978542564
65-70%,12,0.6710379446597213,1.0,0.32896205534027867
70-75%,15,0.7223371929625872,0.9333333333333333,0.2109961403707461
75%+,9,0.8030628131375973,1.0,0.1969371868624027
