bucket,games,average_predicted_probability,actual_win_rate,calibration_gap
50-55%,66,0.5168499931324134,0.5757575757575758,0.05890758262516238
55-60%,37,0.5747438420916335,0.7297297297297297,0.15498588763809618
60-65%,28,0.6220651911871471,0.75,0.1279348088128529
65-70%,12,0.6710379446597213,1.0,0.32896205534027867
70-75%,14,0.7218372534493788,0.9285714285714286,0.20673417512204983
75%+,9,0.8030597081022265,1.0,0.1969402918977735
