total_games,elo_accuracy,power_v2_accuracy,power_v3_recency_accuracy,elo_brier_score,power_v2_brier_score,power_v3_recency_brier_score
156,0.6794871794871795,0.6923076923076923,0.7051282051282052,0.21569607773952973,0.20461098122274418,0.20502374758119882
