total_games,elo_accuracy,power_v2_accuracy,hybrid_accuracy,elo_brier_score,power_v2_brier_score,hybrid_brier_score
218,0.7155963302752294,0.7385321100917431,0.7339449541284404,0.20499904511084366,0.19463962870923757,0.20356496577939048
