total_predictions,accuracy,average_confidence,brier_score
223,0.7130044843049327,0.5679045755803909,0.20468957992008527
