total_predictions,accuracy,average_confidence,brier_score
153,0.6797385620915033,0.5497642950906979,0.2150919934070192
