total_games,elo_accuracy,power_v2_accuracy,power_v3_recency_accuracy,elo_brier_score,power_v2_brier_score,power_v3_recency_brier_score
212,0.7028301886792453,0.7216981132075472,0.7311320754716981,0.20654867243216465,0.19576944996679113,0.19609551840448528
