total_predictions,accuracy,average_confidence,brier_score
222,0.7162162162162162,0.5675460080525948,0.20372302508195142
