total_games,elo_accuracy,power_v2_accuracy,power_v3_recency_accuracy,elo_brier_score,power_v2_brier_score,power_v3_recency_brier_score
191,0.7015706806282722,0.7068062827225131,0.7172774869109948,0.2078048534314764,0.19665342361304478,0.1970363645926405
