total_predictions,accuracy,average_confidence,brier_score
233,0.7167381974248928,0.5680079668138737,0.20450672821958962
