total_games,elo_accuracy,power_v2_accuracy,power_v3_recency_accuracy,elo_brier_score,power_v2_brier_score,power_v3_recency_brier_score
169,0.6982248520710059,0.7100591715976331,0.7218934911242604,0.21347873172017706,0.2025168687861515,0.2029685957100289
