total_predictions,accuracy,average_confidence,brier_score
191,0.7015706806282722,0.5604138355901767,0.2078048534314764
