total_games,elo_accuracy,power_v2_accuracy,power_v3_recency_accuracy,elo_brier_score,power_v2_brier_score,power_v3_recency_brier_score
217,0.7142857142857143,0.7373271889400922,0.7419354838709677,0.20487718234982996,0.19446912151833834,0.19473763666229207
