bucket,games,average_predicted_probability,actual_win_rate,calibration_gap
50-55%,94,0.5177083474092011,0.5957446808510638,0.07803633344186267
55-60%,59,0.5751401313404293,0.7457627118644068,0.1706225805239775
60-65%,30,0.6231358821780304,0.9,0.2768641178219696
65-70%,27,0.6779138471618213,0.9259259259259259,0.24801207876410458
70-75%,9,0.7256707793927081,1.0,0.2743292206072919
75%+,8,0.802260515194171,1.0,0.19773948480582904
