total_predictions,accuracy,average_confidence,brier_score
216,0.7083333333333334,0.565119602898101,0.2055423906132061
