total_predictions,accuracy,average_confidence,brier_score
217,0.7142857142857143,0.5659794995470325,0.20487718234982996
