total_games,elo_accuracy,power_v2_accuracy,hybrid_accuracy,elo_brier_score,power_v2_brier_score,hybrid_brier_score
191,0.7015706806282722,0.7068062827225131,0.7120418848167539,0.2078048534314764,0.19665342361304478,0.2053041942513267
