total_predictions,accuracy,average_confidence,brier_score
224,0.7142857142857143,0.5677753617013287,0.20472470352257102
