total_games,elo_accuracy,power_v2_accuracy,power_v3_recency_accuracy,elo_brier_score,power_v2_brier_score,power_v3_recency_brier_score
147,0.6802721088435374,0.6938775510204082,0.7074829931972789,0.2178439304932277,0.2071421268359475,0.20743198068585256
