total_predictions,accuracy,average_confidence,brier_score
202,0.7029702970297029,0.5628586145251934,0.20643953920590621
