bucket,games,average_predicted_probability,actual_win_rate,calibration_gap
50-55%,74,0.5169253851466719,0.5675675675675675,0.05064218242089569
55-60%,39,0.5729263990830086,0.7692307692307693,0.1963043701477607
60-65%,17,0.6222355466115345,0.9411764705882353,0.3189409239767008
65-70%,12,0.6755953105707571,0.9166666666666666,0.24107135609590957
70-75%,4,0.7316514679472826,1.0,0.26834853205271736
75%+,3,0.7795006010891709,1.0,0.22049939891082915
