total_games,elo_accuracy,power_v2_accuracy,power_v3_recency_accuracy,elo_brier_score,power_v2_brier_score,power_v3_recency_brier_score
222,0.7162162162162162,0.7432432432432432,0.7477477477477478,0.20372302508195142,0.1935011156104376,0.19376826642864703
