total_games,elo_accuracy,power_v2_accuracy,power_v3_recency_accuracy,elo_brier_score,power_v2_brier_score,power_v3_recency_brier_score
178,0.6966292134831461,0.7078651685393258,0.7191011235955056,0.21132976525261343,0.20053266589840762,0.20094409997405624
