total_predictions,accuracy,average_confidence,brier_score
237,0.7130801687763713,0.5679280436798048,0.20526117381210723
