total_predictions,accuracy,average_confidence,brier_score
173,0.6936416184971098,0.5548927639055081,0.2132896907815847
