total_predictions,accuracy,average_confidence,brier_score
214,0.705607476635514,0.5641101926941974,0.20636045367715944
