total_games,elo_accuracy,power_v2_accuracy,power_v3_recency_accuracy,elo_brier_score,power_v2_brier_score,power_v3_recency_brier_score
133,0.6766917293233082,0.6992481203007519,0.706766917293233,0.21805185245390907,0.20750685624379173,0.20768215479277385
