total_predictions,accuracy,average_confidence,brier_score
175,0.6971428571428572,0.5555164607662131,0.2125952258132789
