total_predictions,accuracy,average_confidence,brier_score
155,0.6838709677419355,0.5501133672328057,0.21463362923795012
