bucket,games,average_predicted_probability,actual_win_rate,calibration_gap
50-55%,67,0.516732636997815,0.5671641791044776,0.050431542106662564
55-60%,40,0.5741883586784448,0.725,0.15081164132155522
60-65%,32,0.6216232203472539,0.6875,0.06587677965274608
65-70%,15,0.6713897476608257,0.9333333333333333,0.26194358567250764
70-75%,15,0.7223334123554108,0.9333333333333333,0.21099992097792253
75%+,14,0.8075855862129195,1.0,0.19241441378708046
