total_games,elo_accuracy,power_v2_accuracy,power_v3_recency_accuracy,elo_brier_score,power_v2_brier_score,power_v3_recency_brier_score
137,0.6715328467153284,0.6934306569343066,0.7007299270072993,0.21719258903336938,0.20670122116025963,0.20691515807905228
