total_predictions,accuracy,average_confidence,brier_score
184,0.6956521739130435,0.5587037602117849,0.20971927496863912
