bucket,games,average_predicted_probability,actual_win_rate,calibration_gap
50-55%,85,0.5181776431788333,0.5647058823529412,0.046528239174107866
55-60%,61,0.5750954004695856,0.7540983606557377,0.17900296018615203
60-65%,22,0.6215549158563931,0.9090909090909091,0.28753599323451595
65-70%,27,0.6756901179008066,0.9629629629629629,0.28727284506215633
70-75%,7,0.7274884034994448,1.0,0.27251159650055523
75%+,6,0.7988579446141068,1.0,0.20114205538589325
