total_games,elo_accuracy,power_v2_accuracy,hybrid_accuracy,elo_brier_score,power_v2_brier_score,hybrid_brier_score
217,0.7142857142857143,0.7373271889400922,0.7327188940092166,0.20487718234982996,0.19446912151833834,0.20341932080002056
