bucket,games,average_predicted_probability,actual_win_rate,calibration_gap
50-55%,90,0.5179317746117751,0.5888888888888889,0.07095711427711382
55-60%,58,0.5754728323945483,0.7413793103448276,0.16590647795027935
60-65%,28,0.6242117422625766,0.8928571428571429,0.2686454005945663
65-70%,24,0.6774904007776211,0.9583333333333334,0.28084293255571224
70-75%,8,0.7281939741369927,1.0,0.2718060258630073
75%+,7,0.7946869482269069,1.0,0.2053130517730931
