bucket,games,average_predicted_probability,actual_win_rate,calibration_gap
50-55%,78,0.5168432628902558,0.5897435897435898,0.07290032685333392
55-60%,40,0.5736933934977554,0.7,0.12630660650224457
60-65%,44,0.622376779978219,0.7727272727272727,0.15035049274905365
65-70%,22,0.6789918714068411,0.9090909090909091,0.23009903768406792
70-75%,17,0.7319735923423313,0.9411764705882353,0.209202878245904
75%+,20,0.8030743873981196,1.0,0.19692561260188035
