total_predictions,accuracy,average_confidence,brier_score
218,0.7155963302752294,0.5657636050253759,0.20499904511084366
