total_games,elo_accuracy,power_v2_accuracy,power_v3_recency_accuracy,elo_brier_score,power_v2_brier_score,power_v3_recency_brier_score
155,0.6838709677419355,0.6967741935483871,0.7096774193548387,0.21463362923795012,0.20334388628474293,0.20375752915398906
