total_predictions,accuracy,average_confidence,brier_score
145,0.6827586206896552,0.548039572971337,0.21696245436349088
