total_games,elo_accuracy,power_v2_accuracy,power_v3_recency_accuracy,elo_brier_score,power_v2_brier_score,power_v3_recency_brier_score
223,0.7130044843049327,0.7399103139013453,0.7443946188340808,0.20468957992008527,0.19465569796774757,0.1948990582629918
