total_games,elo_accuracy,power_v2_accuracy,hybrid_accuracy,elo_brier_score,power_v2_brier_score,hybrid_brier_score
171,0.7017543859649122,0.7134502923976608,0.7192982456140351,0.21183417564786833,0.20080292930319504,0.20905957703675077
