bucket,games,average_predicted_probability,actual_win_rate,calibration_gap
50-55%,80,0.5178868023890809,0.575,0.05711319761091904
55-60%,53,0.5742346932294108,0.7169811320754716,0.14274643884606086
60-65%,21,0.6246879319133942,0.9047619047619048,0.28007397284851054
65-70%,16,0.6737295444973441,0.9375,0.2637704555026559
70-75%,7,0.7264549910929681,1.0,0.27354500890703193
75%+,6,0.7915162176491736,1.0,0.20848378235082643
