total_predictions,accuracy,average_confidence,brier_score
240,0.7083333333333334,0.5689491575003983,0.2060227901043135
