bucket,games,average_predicted_probability,actual_win_rate,calibration_gap
50-55%,87,0.5176859256771094,0.5632183908045977,0.04553246512748832
55-60%,61,0.575168306139244,0.7540983606557377,0.1789300545164937
60-65%,23,0.622484448489968,0.8695652173913043,0.24708076890133635
65-70%,27,0.6752001705703272,0.9629629629629629,0.2877627923926357
70-75%,8,0.7281038970881608,1.0,0.2718961029118392
75%+,6,0.7986295959279305,1.0,0.20137040407206952
