bucket,games,average_predicted_probability,actual_win_rate,calibration_gap
50-55%,72,0.5174592949017289,0.5555555555555556,0.03809626065382665
55-60%,30,0.5715070553886262,0.7666666666666667,0.1951596112780405
60-65%,16,0.6270529896935582,1.0,0.37294701030644184
65-70%,10,0.6762546627325612,0.9,0.22374533726743884
70-75%,4,0.7255853773011174,1.0,0.2744146226988826
75%+,3,0.7673834028387437,1.0,0.23261659716125627
