bucket,games,average_predicted_probability,actual_win_rate,calibration_gap
50-55%,78,0.5177068555539643,0.5769230769230769,0.05921622136911253
55-60%,49,0.5739225697412672,0.7551020408163265,0.18117947107505927
60-65%,18,0.6234589450116403,0.9444444444444444,0.3209854994328041
65-70%,16,0.673732483726903,0.9375,0.263767516273097
70-75%,6,0.7275223143276502,1.0,0.27247768567234976
75%+,4,0.7901139899224827,1.0,0.20988601007751728
