bucket,games,average_predicted_probability,actual_win_rate,calibration_gap
50-55%,64,0.5166012244862954,0.578125,0.06152377551370458
55-60%,33,0.5758078640294282,0.7272727272727273,0.1514648632432991
60-65%,22,0.6244661379377539,0.7272727272727273,0.10280658933497344
65-70%,11,0.6692160199975421,1.0,0.3307839800024579
70-75%,11,0.7240363190117413,0.9090909090909091,0.1850545900791678
75%+,8,0.8050149110994373,1.0,0.19498508890056265
