bucket,games,average_predicted_probability,actual_win_rate,calibration_gap
50-55%,78,0.5177068555539643,0.5769230769230769,0.05921622136911253
55-60%,52,0.5745145210545465,0.7307692307692307,0.15625470971468425
60-65%,19,0.6230287437045128,0.9473684210526315,0.32433967734811875
65-70%,16,0.6737295444973441,0.9375,0.2637704555026559
70-75%,6,0.7278634051343738,1.0,0.27213659486562625
75%+,4,0.7901190955531524,1.0,0.2098809044468476
