bucket,games,average_predicted_probability,actual_win_rate,calibration_gap
50-55%,83,0.5175571266622049,0.5903614457831325,0.07280431912092766
55-60%,42,0.5732243917891866,0.6904761904761905,0.11725179868700386
60-65%,44,0.6223757657811202,0.7727272727272727,0.1503515069461525
65-70%,23,0.6789936169902062,0.9130434782608695,0.2340498612706633
70-75%,21,0.7330293871369429,0.9047619047619048,0.1717325176249619
75%+,20,0.8030750117137544,1.0,0.1969249882862456
