total_games,elo_accuracy,power_v2_accuracy,power_v3_recency_accuracy,elo_brier_score,power_v2_brier_score,power_v3_recency_brier_score
180,0.6944444444444444,0.7055555555555556,0.7166666666666667,0.2113975703530081,0.20049122307177375,0.20088071082330494
