total_predictions,accuracy,average_confidence,brier_score
144,0.6805555555555556,0.5478489197766497,0.2172177099103333
