total_predictions,accuracy,average_confidence,brier_score
227,0.7180616740088106,0.5680473694398295,0.2043159917665443
