bucket,games,average_predicted_probability,actual_win_rate,calibration_gap
50-55%,70,0.5168787152532222,0.5714285714285714,0.05454985617534924
55-60%,42,0.5735556125725237,0.6904761904761905,0.11692057790366672
60-65%,40,0.621516026011543,0.75,0.128483973988457
65-70%,16,0.6759801880934606,0.9375,0.2615198119065394
70-75%,21,0.7272097857609497,0.9523809523809523,0.22517116662000258
75%+,16,0.8012023178713189,1.0,0.1987976821286811
