total_games,elo_accuracy,power_v2_accuracy,hybrid_accuracy,elo_brier_score,power_v2_brier_score,hybrid_brier_score
183,0.6939890710382514,0.7049180327868853,0.7103825136612022,0.21001922207963164,0.19904706621361895,0.20723971419285037
