total_games,elo_accuracy,power_v2_accuracy,power_v3_recency_accuracy,elo_brier_score,power_v2_brier_score,power_v3_recency_brier_score
202,0.7029702970297029,0.7277227722772277,0.7326732673267327,0.20643953920590621,0.19537698287319474,0.19577028227228602
