total_predictions,accuracy,average_confidence,brier_score
163,0.6932515337423313,0.5505496604589497,0.21452485971356858
