bucket,games,average_predicted_probability,actual_win_rate,calibration_gap
50-55%,78,0.5177068555539643,0.5769230769230769,0.05921622136911253
55-60%,49,0.573933579204442,0.7551020408163265,0.1811684616118845
60-65%,18,0.6234574921839294,0.9444444444444444,0.320986952260515
65-70%,16,0.673732483726903,0.9375,0.263767516273097
70-75%,5,0.7308309111476868,1.0,0.26916908885231317
75%+,3,0.7794995463243727,1.0,0.22050045367562732
