total_predictions,accuracy,average_confidence,brier_score
156,0.6794871794871795,0.5503063671676026,0.21569607773952973
