game_date,home_team,away_team,actual_winner,elo_predicted_winner,elo_win_probability,power_v2_predicted_winner,power_v2_win_probability,power_v3_recency_predicted_winner,power_v3_recency_win_probability,elo_correct,power_v2_correct,power_v3_recency_correct
2026-04-04,Connecticut Valley Youth Lacrosse,Burlington 12U,Burlington 12U,Connecticut Valley Youth Lacrosse,0.5,Connecticut Valley Youth Lacrosse,0.5,Connecticut Valley Youth Lacrosse,0.5,False,False,False
2026-04-04,Meriden 12U,Connecticut Valley Youth Lacrosse,Connecticut Valley Youth Lacrosse,Meriden 12U,0.5254148122865702,Meriden 12U,0.5544704649604273,Meriden 12U,0.5544704649604273,False,False,False
2026-04-06,Farmington 12U Black,Connecticut Valley Youth Lacrosse,Connecticut Valley Youth Lacrosse,Connecticut Valley Youth Lacrosse,0.501517554082682,Farmington 12U Black,0.5,Connecticut Valley Youth Lacrosse,0.5046873626757262,True,False,True
2026-04-06,Connecticut Valley Youth Lacrosse,Burlington 12U,Burlington 12U,Connecticut Valley Youth Lacrosse,0.5046120346833178,Burlington 12U,0.5357462026471369,Burlington 12U,0.529905602510572,False,True,True
2026-04-09,West Hartford 12U Gold,Connecticut Valley Youth Lacrosse,West Hartford 12U Gold,Connecticut Valley Youth Lacrosse,0.5009684461269241,West Hartford 12U Gold,0.5,West Hartford 12U Gold,0.503551817209867,False,True,True
2026-04-09,Connecticut Valley Youth Lacrosse,Westfield 12U Black,Connecticut Valley Youth Lacrosse,Westfield 12U Black,0.5322826496238752,Westfield 12U Black,0.529652662447508,Westfield 12U Black,0.5356984304125845,False,False,False
2026-04-09,Connecticut Valley Youth Lacrosse,Ellington 12U,Connecticut Valley Youth Lacrosse,Ellington 12U,0.5175090917950402,Ellington 12U,0.5184575180867129,Ellington 12U,0.5211964672100597,False,False,False
2026-04-09,Suffield 12U White,Connecticut Valley Youth Lacrosse,Suffield 12U White,Connecticut Valley Youth Lacrosse,0.5172502841584012,Connecticut Valley Youth Lacrosse,0.5078118642792044,Connecticut Valley Youth Lacrosse,0.5093344619608982,False,False,False
2026-04-10,East Longmeadow 12U A,Westfield 12U Red,Westfield 12U Red,East Longmeadow 12U A,0.5,East Longmeadow 12U A,0.5,East Longmeadow 12U A,0.5,False,False,False
2026-04-10,East Longmeadow 12U A,Connecticut Valley Youth Lacrosse,Connecticut Valley Youth Lacrosse,Connecticut Valley Youth Lacrosse,0.5374448417181763,Connecticut Valley Youth Lacrosse,0.5467381519846138,Connecticut Valley Youth Lacrosse,0.5468266688966572,True,True,True
2026-04-11,Minnechaug 12U White,Connecticut Valley Youth Lacrosse,Tie,Connecticut Valley Youth Lacrosse,0.5349851290595657,Connecticut Valley Youth Lacrosse,0.5200784825276281,Connecticut Valley Youth Lacrosse,0.5232285165711805,False,False,False
2026-04-11,Meriden 12U,Connecticut Valley Youth Lacrosse,Connecticut Valley Youth Lacrosse,Connecticut Valley Youth Lacrosse,0.5607882412819504,Connecticut Valley Youth Lacrosse,0.587122690491888,Connecticut Valley Youth Lacrosse,0.5888741090023173,True,True,True
2026-04-11,Connecticut Valley Youth Lacrosse,South Hadley 12U,Connecticut Valley Youth Lacrosse,Connecticut Valley Youth Lacrosse,0.546545107328012,Connecticut Valley Youth Lacrosse,0.523420348936324,Connecticut Valley Youth Lacrosse,0.5260131396536185,True,True,True
2026-04-11,Connecticut Valley Youth Lacrosse,Westfield 12U Black,Tie,Connecticut Valley Youth Lacrosse,0.5945276825533871,Connecticut Valley Youth Lacrosse,0.5493562081188983,Connecticut Valley Youth Lacrosse,0.5524183576887398,False,False,False
2026-04-11,Minnechaug 12U,Connecticut Valley Youth Lacrosse,Minnechaug 12U,Connecticut Valley Youth Lacrosse,0.5777577988422269,Connecticut Valley Youth Lacrosse,0.5338025274706462,Connecticut Valley Youth Lacrosse,0.5368484239233553,False,False,False
2026-04-11,Connecticut Valley Youth Lacrosse,Newington 12U,Newington 12U,Connecticut Valley Youth Lacrosse,0.5345153387646108,Connecticut Valley Youth Lacrosse,0.5197265973605422,Connecticut Valley Youth Lacrosse,0.5202677828060611,False,False,False
2026-04-12,Connecticut Valley Youth Lacrosse,Northampton 12U,Connecticut Valley Youth Lacrosse,Connecticut Valley Youth Lacrosse,0.5191080295866584,Connecticut Valley Youth Lacrosse,0.5140587932870805,Connecticut Valley Youth Lacrosse,0.5136659682215855,True,True,True
2026-04-12,East Longmeadow 12U White,Connecticut Valley Youth Lacrosse,East Longmeadow 12U White,Connecticut Valley Youth Lacrosse,0.5394552866008349,Connecticut Valley Youth Lacrosse,0.5223066116281301,Connecticut Valley Youth Lacrosse,0.5231173670539687,False,False,False
2026-04-13,Minnechaug 12U,Connecticut Valley Youth Lacrosse,Connecticut Valley Youth Lacrosse,Minnechaug 12U,0.5272223696267809,Minnechaug 12U,0.5700847578303743,Minnechaug 12U,0.5707650733291215,False,False,False
2026-04-13,Connecticut Valley Youth Lacrosse,Westfield 12U Red,Westfield 12U Red,Connecticut Valley Youth Lacrosse,0.5042723655614769,Westfield 12U Red,0.5264697954667371,Westfield 12U Red,0.5260214049616725,False,True,True
2026-04-14,Connecticut Valley Youth Lacrosse,East Longmeadow 12U A,East Longmeadow 12U A,Connecticut Valley Youth Lacrosse,0.5838273786730453,Connecticut Valley Youth Lacrosse,0.6328326597598777,Connecticut Valley Youth Lacrosse,0.6332749631420842,False,False,False
2026-04-14,South Hadley 12U,East Longmeadow 12U A,East Longmeadow 12U A,South Hadley 12U,0.5050824960646708,East Longmeadow 12U A,0.5155548748290691,East Longmeadow 12U A,0.5248783603068685,False,True,True
2026-04-15,Connecticut Valley Youth Lacrosse,Wolcott 12U,Wolcott 12U,Wolcott 12U,0.5103427515937737,Connecticut Valley Youth Lacrosse,0.5087491068802403,Connecticut Valley Youth Lacrosse,0.5071313916120503,True,False,False
2026-04-15,Connecticut Valley Youth Lacrosse,Westfield 12U Red,Westfield 12U Red,Westfield 12U Red,0.5891873249660388,Westfield 12U Red,0.5968837487111583,Westfield 12U Red,0.5991743011852223,True,True,True
2026-04-15,Newington 12U,Connecticut Valley Youth Lacrosse,Connecticut Valley Youth Lacrosse,Newington 12U,0.5716218002134037,Newington 12U,0.5327768268635722,Newington 12U,0.536942246314553,False,False,False
2026-04-15,Agawam 12U,Connecticut Valley Youth Lacrosse,Connecticut Valley Youth Lacrosse,Agawam 12U,0.5291625072481095,Agawam 12U,0.503534167331449,Agawam 12U,0.5064145172652008,False,False,False
2026-04-15,Northampton 12U,Connecticut Valley Youth Lacrosse,Connecticut Valley Youth Lacrosse,Connecticut Valley Youth Lacrosse,0.5207721223599369,Connecticut Valley Youth Lacrosse,0.5484399955357615,Connecticut Valley Youth Lacrosse,0.5476761267197288,True,True,True
2026-04-15,Granby 12U,Connecticut Valley Youth Lacrosse,Connecticut Valley Youth Lacrosse,Connecticut Valley Youth Lacrosse,0.5182303500080514,Connecticut Valley Youth Lacrosse,0.5123238923360225,Connecticut Valley Youth Lacrosse,0.5121415954948458,True,True,True
2026-04-15,Connecticut Valley Youth Lacrosse,Westfield 12U Black,Westfield 12U Black,Connecticut Valley Youth Lacrosse,0.5556059979057666,Connecticut Valley Youth Lacrosse,0.5357069400688121,Connecticut Valley Youth Lacrosse,0.5359663426114513,False,False,False
2026-04-15,Somers Juniors,Connecticut Valley Youth Lacrosse,Somers Juniors,Connecticut Valley Youth Lacrosse,0.5226998338910014,Connecticut Valley Youth Lacrosse,0.5159451122118242,Connecticut Valley Youth Lacrosse,0.516209793782352,False,False,False
2026-04-16,Connecticut Valley Youth Lacrosse,East Longmeadow 12U A,East Longmeadow 12U A,Connecticut Valley Youth Lacrosse,0.5084738490036551,Connecticut Valley Youth Lacrosse,0.5506538565880744,Connecticut Valley Youth Lacrosse,0.5406798553076468,False,False,False
2026-04-16,Connecticut Valley Youth Lacrosse,Bristol 12U,Connecticut Valley Youth Lacrosse,Bristol 12U,0.5257018826007525,Bristol 12U,0.5001531862697168,Bristol 12U,0.5020450350285556,False,False,False
2026-04-16,Southington 12U Blue,Connecticut Valley Youth Lacrosse,Southington 12U Blue,Connecticut Valley Youth Lacrosse,0.5118556738014615,Connecticut Valley Youth Lacrosse,0.5083325618141192,Connecticut Valley Youth Lacrosse,0.5078380450215851,False,False,False
2026-04-16,Northampton 12U,East Longmeadow 12U A,East Longmeadow 12U A,East Longmeadow 12U A,0.5421376103373035,East Longmeadow 12U A,0.53953662317147,East Longmeadow 12U A,0.549593029366487,True,True,True
2026-04-17,Somers 12U Red,Connecticut Valley Youth Lacrosse,Connecticut Valley Youth Lacrosse,Somers 12U Red,0.5247584066791453,Connecticut Valley Youth Lacrosse,0.501302080389902,Somers 12U Red,0.5003113253381098,False,True,False
2026-04-17,Connecticut Valley Youth Lacrosse,Belchertown 12U,Connecticut Valley Youth Lacrosse,Belchertown 12U,0.5105124590348875,Connecticut Valley Youth Lacrosse,0.5025337620946138,Connecticut Valley Youth Lacrosse,0.5011959603827354,False,True,True
2026-04-17,Connecticut Valley Youth Lacrosse,Westfield 12U Black,Westfield 12U Black,Connecticut Valley Youth Lacrosse,0.5059317378715459,Westfield 12U Black,0.5011307546512218,Westfield 12U Black,0.5052304978739341,False,True,True
2026-04-17,Agawam 12U,Connecticut Valley Youth Lacrosse,Connecticut Valley Youth Lacrosse,Connecticut Valley Youth Lacrosse,0.5301188544244693,Connecticut Valley Youth Lacrosse,0.5787024515748078,Connecticut Valley Youth Lacrosse,0.5782715062866093,True,True,True
2026-04-17,Minnechaug 12U White,Connecticut Valley Youth Lacrosse,Minnechaug 12U White,Connecticut Valley Youth Lacrosse,0.5291581908196737,Connecticut Valley Youth Lacrosse,0.514597784775138,Connecticut Valley Youth Lacrosse,0.5154235738520043,False,False,False
2026-04-17,Connecticut Valley Youth Lacrosse,Minnechaug 12U,Minnechaug 12U,Minnechaug 12U,0.517102451459214,Minnechaug 12U,0.5266485291976226,Minnechaug 12U,0.5250384193262636,True,True,True
2026-04-18,Meriden 12U,Connecticut Valley Youth Lacrosse,Connecticut Valley Youth Lacrosse,Connecticut Valley Youth Lacrosse,0.5133389990818871,Connecticut Valley Youth Lacrosse,0.5801720540774703,Connecticut Valley Youth Lacrosse,0.5771779479605749,True,True,True
2026-04-18,Connecticut Valley Youth Lacrosse,Wolcott 12U,Wolcott 12U,Wolcott 12U,0.5311171356619444,Wolcott 12U,0.5481217021131127,Wolcott 12U,0.5488846812181172,True,True,True
2026-04-19,Connecticut Valley Youth Lacrosse,Bristol 12U,Bristol 12U,Connecticut Valley Youth Lacrosse,0.5120824031783907,Connecticut Valley Youth Lacrosse,0.5832815592145345,Connecticut Valley Youth Lacrosse,0.5821222630497612,False,False,False
2026-04-19,Middletown 12U,Connecticut Valley Youth Lacrosse,Connecticut Valley Youth Lacrosse,Middletown 12U,0.5394413256080438,Middletown 12U,0.5,Middletown 12U,0.5014189932065072,False,False,False
2026-04-19,Connecticut Valley Youth Lacrosse,Somers 12U Red,Somers 12U Red,Somers 12U Red,0.5104702273803443,Connecticut Valley Youth Lacrosse,0.5111162750208614,Connecticut Valley Youth Lacrosse,0.5100281480301417,True,False,False
2026-04-19,Simsbury 12U Blue,Connecticut Valley Youth Lacrosse,Connecticut Valley Youth Lacrosse,Simsbury 12U Blue,0.5380918095847511,Simsbury 12U Blue,0.5,Simsbury 12U Blue,0.5013033762071996,False,False,False
2026-04-20,Suffield 12U,Connecticut Valley Youth Lacrosse,Suffield 12U,Suffield 12U,0.5233759895240118,Connecticut Valley Youth Lacrosse,0.5009765612582384,Suffield 12U,0.500127630848943,True,False,True
2026-04-20,Connecticut Valley Youth Lacrosse,Southington 12U Blue,Connecticut Valley Youth Lacrosse,Southington 12U Blue,0.5934750703494793,Southington 12U Blue,0.5870655349123859,Southington 12U Blue,0.5887455238099575,False,False,False
2026-04-20,South Windsor 12U,Connecticut Valley Youth Lacrosse,South Windsor 12U,South Windsor 12U,0.5415382228427351,South Windsor 12U,0.5040624106062017,South Windsor 12U,0.5057787708914105,True,True,True
2026-04-20,Connecticut Valley Youth Lacrosse,Somers 12U White,Connecticut Valley Youth Lacrosse,Somers 12U White,0.5540357582083042,Somers 12U White,0.5049018037366293,Somers 12U White,0.506671123876482,False,False,False
2026-04-21,Connecticut Valley Youth Lacrosse,Simsbury 12U Blue,Connecticut Valley Youth Lacrosse,Connecticut Valley Youth Lacrosse,0.5007789296529641,Connecticut Valley Youth Lacrosse,0.5110392756983954,Connecticut Valley Youth Lacrosse,0.5102729169497889,True,True,True
2026-04-21,Connecticut Valley Youth Lacrosse,East Longmeadow 12U White,Connecticut Valley Youth Lacrosse,East Longmeadow 12U White,0.5218339599183968,East Longmeadow 12U White,0.5393118329051636,East Longmeadow 12U White,0.5398048697171662,False,False,False
2026-04-21,Wethersfield 12U B,Connecticut Valley Youth Lacrosse,Wethersfield 12U B,Connecticut Valley Youth Lacrosse,0.5290743548123751,Connecticut Valley Youth Lacrosse,0.5078118642792044,Connecticut Valley Youth Lacrosse,0.5080282779401306,False,False,False
2026-04-21,Connecticut Valley Youth Lacrosse,West Springfield 12U,West Springfield 12U,Connecticut Valley Youth Lacrosse,0.5130716300266916,Connecticut Valley Youth Lacrosse,0.5059656259882822,Connecticut Valley Youth Lacrosse,0.5059020256238534,False,False,False
2026-04-21,Suffield 12U White,Connecticut Valley Youth Lacrosse,Suffield 12U White,Suffield 12U White,0.5156192754707064,Suffield 12U White,0.5163158379393974,Suffield 12U White,0.5164764274644934,True,True,True
2026-04-22,Connecticut Valley Youth Lacrosse,Vernon 12U,Connecticut Valley Youth Lacrosse,Vernon 12U,0.5270886189794535,Connecticut Valley Youth Lacrosse,0.5,Vernon 12U,0.5009288639247347,False,True,False
2026-04-22,Southington 12U Blue,Connecticut Valley Youth Lacrosse,Southington 12U Blue,Southington 12U Blue,0.5154297262227338,Southington 12U Blue,0.5563001075391298,Southington 12U Blue,0.5532319864304738,True,True,True
2026-04-22,Connecticut Valley Youth Lacrosse,Farmington 12U Red,Connecticut Valley Youth Lacrosse,Farmington 12U Red,0.5211705411812322,Connecticut Valley Youth Lacrosse,0.5015889777015743,Connecticut Valley Youth Lacrosse,0.5009218999787144,False,True,True
2026-04-22,West Hartford 12U Green,Connecticut Valley Youth Lacrosse,West Hartford 12U Green,Connecticut Valley Youth Lacrosse,0.5087932394822166,Connecticut Valley Youth Lacrosse,0.5070307865509418,Connecticut Valley Youth Lacrosse,0.5071802505345687,False,False,False
2026-04-22,RHAM 12U,Connecticut Valley Youth Lacrosse,RHAM 12U,RHAM 12U,0.5204750269399858,Connecticut Valley Youth Lacrosse,0.5015368804057228,Connecticut Valley Youth Lacrosse,0.5008782195624613,True,False,False
2026-04-22,Connecticut Valley Youth Lacrosse,Suffield 12U,Suffield 12U,Suffield 12U,0.5834309695403207,Suffield 12U,0.5868874518782943,Suffield 12U,0.5882504822121488,True,True,True
2026-04-22,Connecticut Valley Youth Lacrosse,Wolcott 12U,Connecticut Valley Youth Lacrosse,Wolcott 12U,0.617345417823499,Wolcott 12U,0.579422292331473,Wolcott 12U,0.5804661429309539,False,False,False
2026-04-22,Connecticut Valley Youth Lacrosse,Newington 12U,Connecticut Valley Youth Lacrosse,Newington 12U,0.5329772571866398,Connecticut Valley Youth Lacrosse,0.5221738683900453,Connecticut Valley Youth Lacrosse,0.5223728019445653,False,True,True
2026-04-22,Connecticut Valley Youth Lacrosse,West Hartford 12U White,Connecticut Valley Youth Lacrosse,West Hartford 12U White,0.5162768487593843,West Hartford 12U White,0.5007211533460938,West Hartford 12U White,0.5015176731080915,False,False,False
2026-04-22,Glastonbury 12U Blue,Connecticut Valley Youth Lacrosse,Glastonbury 12U Blue,Connecticut Valley Youth Lacrosse,0.5067682340377304,Connecticut Valley Youth Lacrosse,0.5021306689211023,Connecticut Valley Youth Lacrosse,0.501774555297791,False,False,False
2026-04-22,South Windsor 12U,Connecticut Valley Youth Lacrosse,Connecticut Valley Youth Lacrosse,South Windsor 12U,0.5284508196408008,South Windsor 12U,0.5110724803326073,South Windsor 12U,0.511740167237541,False,False,False
2026-04-23,West Hartford 12U Gold,Connecticut Valley Youth Lacrosse,West Hartford 12U Gold,West Hartford 12U Gold,0.5126999260536391,West Hartford 12U Gold,0.5785415607335176,West Hartford 12U Gold,0.5785712640273091,True,True,True
2026-04-23,Suffield 12U,Connecticut Valley Youth Lacrosse,Suffield 12U,Suffield 12U,0.5802911555449701,Suffield 12U,0.6382883677879919,Suffield 12U,0.6386280893419549,True,True,True
2026-04-23,Connecticut Valley Youth Lacrosse,Ellington 12U,Connecticut Valley Youth Lacrosse,Ellington 12U,0.5145661734085403,Connecticut Valley Youth Lacrosse,0.5790921320941318,Connecticut Valley Youth Lacrosse,0.5779826083587681,False,True,True
2026-04-23,Connecticut Valley Youth Lacrosse,Farmington 12U Black,Connecticut Valley Youth Lacrosse,Connecticut Valley Youth Lacrosse,0.5179200036145566,Connecticut Valley Youth Lacrosse,0.5829982817298096,Connecticut Valley Youth Lacrosse,0.5824927205325833,True,True,True
2026-04-24,Connecticut Valley Youth Lacrosse,Wethersfield 12U A,Wethersfield 12U A,Connecticut Valley Youth Lacrosse,0.5273557820632889,Connecticut Valley Youth Lacrosse,0.5039061705290805,Connecticut Valley Youth Lacrosse,0.5039066114117174,False,False,False
2026-04-24,Southington 12U White,Connecticut Valley Youth Lacrosse,Connecticut Valley Youth Lacrosse,Connecticut Valley Youth Lacrosse,0.5112617569286997,Connecticut Valley Youth Lacrosse,0.5025684705579199,Connecticut Valley Youth Lacrosse,0.5023733459764903,True,True,True
2026-04-24,Colchester 12U,Connecticut Valley Youth Lacrosse,Colchester 12U,Connecticut Valley Youth Lacrosse,0.5355772239712335,Connecticut Valley Youth Lacrosse,0.5057007664706207,Connecticut Valley Youth Lacrosse,0.5059671686525578,False,False,False
2026-04-24,Berlin 12U A,Connecticut Valley Youth Lacrosse,Connecticut Valley Youth Lacrosse,Connecticut Valley Youth Lacrosse,0.5192448991863725,Connecticut Valley Youth Lacrosse,0.5043748883497735,Connecticut Valley Youth Lacrosse,0.5044373485136835,True,True,True
2026-04-24,Connecticut Valley Youth Lacrosse,Wolcott 12U,Wolcott 12U,Connecticut Valley Youth Lacrosse,0.5260008190542202,Wolcott 12U,0.5111450101364508,Wolcott 12U,0.5041803446291896,False,True,True
2026-04-24,Simsbury 12U A,Connecticut Valley Youth Lacrosse,Connecticut Valley Youth Lacrosse,Connecticut Valley Youth Lacrosse,0.5178565606136013,Connecticut Valley Youth Lacrosse,0.5042612604619747,Connecticut Valley Youth Lacrosse,0.5043003549513434,True,True,True
2026-04-24,Connecticut Valley Youth Lacrosse,Middletown 12U,Connecticut Valley Youth Lacrosse,Connecticut Valley Youth Lacrosse,0.5472737766749346,Connecticut Valley Youth Lacrosse,0.5153567333141543,Connecticut Valley Youth Lacrosse,0.5155608103910704,True,True,True
2026-04-24,Southington 12U White,Bristol 12U,Bristol 12U,Bristol 12U,0.5008170766013815,Southington 12U White,0.5100382664835275,Southington 12U White,0.5082866972814777,True,False,False
2026-04-25,Connecticut Valley Youth Lacrosse,Minnechaug 12U White,Minnechaug 12U White,Connecticut Valley Youth Lacrosse,0.5197023382251609,Minnechaug 12U White,0.5374999090001087,Minnechaug 12U White,0.5395940199998055,False,True,True
2026-04-25,Westfield 12U Black,Connecticut Valley Youth Lacrosse,Connecticut Valley Youth Lacrosse,Westfield 12U Black,0.5058831551488528,Westfield 12U Black,0.5108518835419512,Westfield 12U Black,0.5129095913933673,False,False,False
2026-04-25,Connecticut Valley Youth Lacrosse,Vernon 12U,Connecticut Valley Youth Lacrosse,Connecticut Valley Youth Lacrosse,0.5770848735200044,Connecticut Valley Youth Lacrosse,0.5896209943877475,Connecticut Valley Youth Lacrosse,0.5900316263118562,True,True,True
2026-04-25,Connecticut Valley Youth Lacrosse,Suffield Juniors 1 Blue,Suffield Juniors 1 Blue,Connecticut Valley Youth Lacrosse,0.5584078615519449,Connecticut Valley Youth Lacrosse,0.5088278427097932,Connecticut Valley Youth Lacrosse,0.5094034499186505,False,False,False
2026-04-25,Connecticut Valley Youth Lacrosse,Newington 12U,Connecticut Valley Youth Lacrosse,Connecticut Valley Youth Lacrosse,0.5580322080511944,Connecticut Valley Youth Lacrosse,0.5745966176199488,Connecticut Valley Youth Lacrosse,0.5792951461865664,True,True,True
2026-04-25,Avon 12U B,Connecticut Valley Youth Lacrosse,Avon 12U B,Connecticut Valley Youth Lacrosse,0.5523087343757431,Connecticut Valley Youth Lacrosse,0.5080598176693825,Connecticut Valley Youth Lacrosse,0.508506599326991,False,False,False
2026-04-25,Connecticut Valley Youth Lacrosse,Simsbury 12U Blue,Connecticut Valley Youth Lacrosse,Connecticut Valley Youth Lacrosse,0.5606863680448526,Connecticut Valley Youth Lacrosse,0.5321041001771218,Connecticut Valley Youth Lacrosse,0.5323325918324501,True,True,True
2026-04-25,Connecticut Valley Youth Lacrosse,West Hartford 12U White,Connecticut Valley Youth Lacrosse,Connecticut Valley Youth Lacrosse,0.5707027390758711,Connecticut Valley Youth Lacrosse,0.5487414429925785,Connecticut Valley Youth Lacrosse,0.5491114147745468,True,True,True
2026-04-25,West Hartford 12U Gold,Connecticut Valley Youth Lacrosse,West Hartford 12U Gold,West Hartford 12U Gold,0.5068786739318989,West Hartford 12U Gold,0.6303766039317463,West Hartford 12U Gold,0.6298032347621898,True,True,True
2026-04-25,Suffield 12U White,Connecticut Valley Youth Lacrosse,Suffield 12U White,Suffield 12U White,0.51486919520806,Suffield 12U White,0.564984193040266,Suffield 12U White,0.5677449019963238,True,True,True
2026-04-25,Connecticut Valley Youth Lacrosse,Ellington 12U,Ellington 12U,Connecticut Valley Youth Lacrosse,0.5797075017524665,Connecticut Valley Youth Lacrosse,0.643313056870114,Connecticut Valley Youth Lacrosse,0.6433172445576273,False,False,False
2026-04-25,Connecticut Valley Youth Lacrosse,Southington 12U Blue,Connecticut Valley Youth Lacrosse,Southington 12U Blue,0.5570800488815744,Southington 12U Blue,0.5967166190191553,Southington 12U Blue,0.59584985215046,False,False,False
2026-04-25,Avon 12U,Connecticut Valley Youth Lacrosse,Avon 12U,Connecticut Valley Youth Lacrosse,0.5169901773363974,Connecticut Valley Youth Lacrosse,0.5062382293981802,Connecticut Valley Youth Lacrosse,0.5063741634413587,False,False,False
2026-04-26,Somers 12U White,Connecticut Valley Youth Lacrosse,Somers 12U White,Connecticut Valley Youth Lacrosse,0.5312751084481027,Connecticut Valley Youth Lacrosse,0.5860322192877503,Connecticut Valley Youth Lacrosse,0.5858382608953352,False,False,False
2026-04-26,Connecticut Valley Youth Lacrosse,Suffield 12U,Suffield 12U,Suffield 12U,0.6410751814851072,Suffield 12U,0.6779348851677949,Suffield 12U,0.6784223097485779,True,True,True
2026-04-26,Connecticut Valley Youth Lacrosse,Simsbury 12U Blue,Connecticut Valley Youth Lacrosse,Simsbury 12U Blue,0.5133341844345387,Connecticut Valley Youth Lacrosse,0.547706543306187,Connecticut Valley Youth Lacrosse,0.5480365802898978,False,True,True
2026-04-26,Wethersfield 12U B,Connecticut Valley Youth Lacrosse,Wethersfield 12U B,Wethersfield 12U B,0.546234672527566,Wethersfield 12U B,0.5171153255141098,Wethersfield 12U B,0.5173864201083906,True,True,True
2026-04-26,Wethersfield 12U A,Connecticut Valley Youth Lacrosse,Wethersfield 12U A,Wethersfield 12U A,0.5688001016322509,Wethersfield 12U A,0.519449292278408,Wethersfield 12U A,0.5200583925423738,True,True,True
2026-04-26,Connecticut Valley Youth Lacrosse,Glastonbury 12U Blue,Connecticut Valley Youth Lacrosse,Glastonbury 12U Blue,0.5869510426969795,Glastonbury 12U Blue,0.5406716824992845,Glastonbury 12U Blue,0.5413338288924427,False,False,False
2026-04-26,Avon 12U B,Connecticut Valley Youth Lacrosse,Connecticut Valley Youth Lacrosse,Avon 12U B,0.5568687390292671,Avon 12U B,0.5280733854469725,Avon 12U B,0.5283955495110952,False,False,False
2026-04-26,Connecticut Valley Youth Lacrosse,West Hartford 12U Green,West Hartford 12U Green,West Hartford 12U Green,0.5492238902827618,West Hartford 12U Green,0.5689143114177012,West Hartford 12U Green,0.5691649062946947,True,True,True
2026-04-26,Connecticut Valley Youth Lacrosse,Simsbury 12U A,Connecticut Valley Youth Lacrosse,Simsbury 12U A,0.517975764563348,Connecticut Valley Youth Lacrosse,0.5238989896724806,Connecticut Valley Youth Lacrosse,0.5235789812619527,False,True,True
2026-04-26,Connecticut Valley Youth Lacrosse,Glastonbury 12U White,Connecticut Valley Youth Lacrosse,Connecticut Valley Youth Lacrosse,0.5075448748836369,Connecticut Valley Youth Lacrosse,0.5054659538623485,Connecticut Valley Youth Lacrosse,0.5054538576398199,True,True,True
2026-04-26,Avon 12U,Connecticut Valley Youth Lacrosse,Connecticut Valley Youth Lacrosse,Avon 12U,0.5045693318699277,Avon 12U,0.5462930077262432,Avon 12U,0.5462303605360243,False,False,False
2026-04-26,Minnechaug 12U White,Connecticut Valley Youth Lacrosse,Minnechaug 12U White,Minnechaug 12U White,0.5159325117798707,Minnechaug 12U White,0.5863530030942964,Minnechaug 12U White,0.5914291774058678,True,True,True
2026-04-26,Connecticut Valley Youth Lacrosse,Suffield 12U White,Connecticut Valley Youth Lacrosse,Suffield 12U White,0.5332643647402862,Suffield 12U White,0.579577915803421,Suffield 12U White,0.5807216264612417,False,False,False
2026-04-26,Connecticut Valley Youth Lacrosse,Tolland 12U,Connecticut Valley Youth Lacrosse,Connecticut Valley Youth Lacrosse,0.542417191066881,Connecticut Valley Youth Lacrosse,0.5070431848882839,Connecticut Valley Youth Lacrosse,0.5072559924672425,True,True,True
2026-04-26,Connecticut Valley Youth Lacrosse,West Hartford 12U Gold,West Hartford 12U Gold,West Hartford 12U Gold,0.5373158312553177,West Hartford 12U Gold,0.6702065716177266,West Hartford 12U Gold,0.6696095041640193,True,True,True
2026-04-26,Farmington 12U Red,Connecticut Valley Youth Lacrosse,Farmington 12U Red,Connecticut Valley Youth Lacrosse,0.5844774142549493,Connecticut Valley Youth Lacrosse,0.5805593176087918,Connecticut Valley Youth Lacrosse,0.5809824140005988,False,False,False
2026-04-26,Minnechaug 12U,Connecticut Valley Youth Lacrosse,Connecticut Valley Youth Lacrosse,Minnechaug 12U,0.5304980212998543,Minnechaug 12U,0.5873623319114168,Minnechaug 12U,0.5889457631954118,False,False,False
2026-04-26,RHAM 12U,Connecticut Valley Youth Lacrosse,RHAM 12U,Connecticut Valley Youth Lacrosse,0.5069029071150188,RHAM 12U,0.5766557116414088,RHAM 12U,0.5766138464392393,False,True,True
2026-04-27,Connecticut Valley Youth Lacrosse,Simsbury 12U A,Connecticut Valley Youth Lacrosse,Connecticut Valley Youth Lacrosse,0.5567246791694999,Connecticut Valley Youth Lacrosse,0.5910616103333343,Connecticut Valley Youth Lacrosse,0.5922899095324152,True,True,True
2026-04-27,Southington 12U White,Connecticut Valley Youth Lacrosse,Southington 12U White,Connecticut Valley Youth Lacrosse,0.5708107552790882,Connecticut Valley Youth Lacrosse,0.5976484522769434,Connecticut Valley Youth Lacrosse,0.5967926890897584,False,False,False
2026-04-27,Connecticut Valley Youth Lacrosse,East Longmeadow 12U White,Tie,East Longmeadow 12U White,0.5042343689879418,Connecticut Valley Youth Lacrosse,0.5193355909013573,Connecticut Valley Youth Lacrosse,0.5231669253496807,False,False,False
2026-04-27,Minnechaug 12U,Connecticut Valley Youth Lacrosse,Minnechaug 12U,Minnechaug 12U,0.5458120168465078,Minnechaug 12U,0.5743583844613093,Minnechaug 12U,0.5702204739797861,True,True,True
2026-04-27,Westfield 12U Black,Connecticut Valley Youth Lacrosse,Tie,Westfield 12U Black,0.5313864728088329,Connecticut Valley Youth Lacrosse,0.5301679566256887,Connecticut Valley Youth Lacrosse,0.5343400964776324,False,False,False
2026-04-27,Connecticut Valley Youth Lacrosse,Longmeadow 12U Black,Connecticut Valley Youth Lacrosse,Longmeadow 12U Black,0.5376064829930236,Longmeadow 12U Black,0.5016757183636777,Longmeadow 12U Black,0.5027086889298829,False,False,False
2026-04-27,Farmington 12U Black,Connecticut Valley Youth Lacrosse,Farmington 12U Black,Connecticut Valley Youth Lacrosse,0.5633300433049794,Connecticut Valley Youth Lacrosse,0.6404172758598565,Connecticut Valley Youth Lacrosse,0.6399031550185604,False,False,False
2026-04-27,Southington 12U White,West Hartford 12U White,Southington 12U White,Southington 12U White,0.5215888286533349,Southington 12U White,0.5266872522235376,Southington 12U White,0.5321485006911966,True,True,True
2026-04-27,Connecticut Valley Youth Lacrosse,Newington 12U,Connecticut Valley Youth Lacrosse,Connecticut Valley Youth Lacrosse,0.5472528333742015,Connecticut Valley Youth Lacrosse,0.6161698207157982,Connecticut Valley Youth Lacrosse,0.6214759703512173,True,True,True
2026-04-28,Agawam 12U,East Longmeadow 12U A,Agawam 12U,East Longmeadow 12U A,0.5795576819809005,East Longmeadow 12U A,0.6228255682935625,East Longmeadow 12U A,0.6262998557228223,False,False,False
2026-04-28,South Hadley 12U,Connecticut Valley Youth Lacrosse,Connecticut Valley Youth Lacrosse,Connecticut Valley Youth Lacrosse,0.5426093227251101,Connecticut Valley Youth Lacrosse,0.620205194527992,Connecticut Valley Youth Lacrosse,0.6191626034801114,True,True,True
2026-04-28,Wolcott 12U,Connecticut Valley Youth Lacrosse,Connecticut Valley Youth Lacrosse,Wolcott 12U,0.5267527398533397,Wolcott 12U,0.5262562208513288,Wolcott 12U,0.5234572751794317,False,False,False
2026-04-28,Southington 12U Blue,Connecticut Valley Youth Lacrosse,Southington 12U Blue,Southington 12U Blue,0.5063483311438116,Southington 12U Blue,0.5535344693520913,Southington 12U Blue,0.5479288615556336,True,True,True
2026-04-28,Colchester 12U,Connecticut Valley Youth Lacrosse,Colchester 12U,Colchester 12U,0.5331502092024539,Colchester 12U,0.5216118278236901,Colchester 12U,0.5224642701953537,True,True,True
2026-04-28,Connecticut Valley Youth Lacrosse,East Longmeadow 12U A,Connecticut Valley Youth Lacrosse,East Longmeadow 12U A,0.5390023439402074,Connecticut Valley Youth Lacrosse,0.5261706660305373,Connecticut Valley Youth Lacrosse,0.5259404128751465,False,True,True
2026-04-28,Connecticut Valley Youth Lacrosse,RHAM 12U,RHAM 12U,RHAM 12U,0.5823058067029075,RHAM 12U,0.6405436751844409,RHAM 12U,0.6413807059706897,True,True,True
2026-04-28,Wethersfield 12U B,Connecticut Valley Youth Lacrosse,Connecticut Valley Youth Lacrosse,Wethersfield 12U B,0.5848178736755989,Wethersfield 12U B,0.5662305232685241,Wethersfield 12U B,0.5687779987283332,False,False,False
2026-04-28,West Springfield 12U,Connecticut Valley Youth Lacrosse,West Springfield 12U,West Springfield 12U,0.5230159742641473,West Springfield 12U,0.5121339018888621,West Springfield 12U,0.5130518577809653,True,True,True
2026-04-28,Connecticut Valley Youth Lacrosse,Glastonbury 12U Blue,Connecticut Valley Youth Lacrosse,Glastonbury 12U Blue,0.5299472815438315,Connecticut Valley Youth Lacrosse,0.5050455511014023,Connecticut Valley Youth Lacrosse,0.5067698081451362,False,True,True
2026-04-28,Connecticut Valley Youth Lacrosse,Northampton 12U,Connecticut Valley Youth Lacrosse,Connecticut Valley Youth Lacrosse,0.5496033740660498,Connecticut Valley Youth Lacrosse,0.58072008016463,Connecticut Valley Youth Lacrosse,0.5797535309974974,True,True,True
2026-04-28,Connecticut Valley Youth Lacrosse,Berlin 12U A,Connecticut Valley Youth Lacrosse,Connecticut Valley Youth Lacrosse,0.535300357788243,Connecticut Valley Youth Lacrosse,0.5216673827576415,Connecticut Valley Youth Lacrosse,0.5211758046707469,True,True,True
2026-04-28,Connecticut Valley Youth Lacrosse,Belchertown 12U,Belchertown 12U,Connecticut Valley Youth Lacrosse,0.5722822389924821,Connecticut Valley Youth Lacrosse,0.555096319418552,Connecticut Valley Youth Lacrosse,0.5549719002000075,False,False,False
2026-04-28,Connecticut Valley Youth Lacrosse,Burlington 12U,Burlington 12U,Burlington 12U,0.5227430448386308,Burlington 12U,0.6281289882190436,Burlington 12U,0.6283324865681066,True,True,True
2026-04-29,Connecticut Valley Youth Lacrosse,Vernon 12U,Vernon 12U,Connecticut Valley Youth Lacrosse,0.5629313059958942,Connecticut Valley Youth Lacrosse,0.5907675985819226,Connecticut Valley Youth Lacrosse,0.5890879402765943,False,False,False
2026-04-29,Granby 12U,Connecticut Valley Youth Lacrosse,Connecticut Valley Youth Lacrosse,Connecticut Valley Youth Lacrosse,0.5179853852092694,Connecticut Valley Youth Lacrosse,0.5633147379894443,Connecticut Valley Youth Lacrosse,0.5628924618502396,True,True,True
2026-04-29,Belchertown 12U,Connecticut Valley Youth Lacrosse,Belchertown 12U,Connecticut Valley Youth Lacrosse,0.5279201616051603,Connecticut Valley Youth Lacrosse,0.5387332564138723,Connecticut Valley Youth Lacrosse,0.5331242804583838,False,False,False
2026-04-29,Connecticut Valley Youth Lacrosse,West Hartford 12U White,Connecticut Valley Youth Lacrosse,Connecticut Valley Youth Lacrosse,0.5697383180631428,Connecticut Valley Youth Lacrosse,0.6019057622134676,Connecticut Valley Youth Lacrosse,0.6021849064032454,True,True,True
2026-04-29,Connecticut Valley Youth Lacrosse,South Windsor 12U,South Windsor 12U,Connecticut Valley Youth Lacrosse,0.5475504646042572,Connecticut Valley Youth Lacrosse,0.5660909123995137,Connecticut Valley Youth Lacrosse,0.5676297815119218,False,False,False
2026-04-29,Connecticut Valley Youth Lacrosse,Northampton 12U,Connecticut Valley Youth Lacrosse,Connecticut Valley Youth Lacrosse,0.5751357140316511,Connecticut Valley Youth Lacrosse,0.6219732171350628,Connecticut Valley Youth Lacrosse,0.6256056693382123,True,True,True
2026-04-29,Connecticut Valley Youth Lacrosse,Southington 12U Blue,Connecticut Valley Youth Lacrosse,Southington 12U Blue,0.5415069901917566,Southington 12U Blue,0.5904508798976357,Southington 12U Blue,0.5894935124125933,False,False,False
2026-04-29,Simsbury 12U Blue,Connecticut Valley Youth Lacrosse,Simsbury 12U Blue,Connecticut Valley Youth Lacrosse,0.6194418502896846,Connecticut Valley Youth Lacrosse,0.5929422799384063,Connecticut Valley Youth Lacrosse,0.5953950431653366,False,False,False
2026-04-29,Connecticut Valley Youth Lacrosse,Westfield 12U Red,Westfield 12U Red,Westfield 12U Red,0.562080675570853,Westfield 12U Red,0.6371569096688092,Westfield 12U Red,0.6371221422963843,True,True,True
2026-04-29,Newington 12U,Connecticut Valley Youth Lacrosse,Connecticut Valley Youth Lacrosse,Connecticut Valley Youth Lacrosse,0.5846030989333462,Connecticut Valley Youth Lacrosse,0.6120896487811844,Connecticut Valley Youth Lacrosse,0.6138428547106433,True,True,True
2026-04-29,Somers 12U Red,Connecticut Valley Youth Lacrosse,Somers 12U Red,Connecticut Valley Youth Lacrosse,0.516636288022314,Connecticut Valley Youth Lacrosse,0.5028369265913085,Connecticut Valley Youth Lacrosse,0.5025356988304949,False,False,False
2026-04-29,Suffield 12U,Connecticut Valley Youth Lacrosse,Connecticut Valley Youth Lacrosse,Suffield 12U,0.6035795335988065,Suffield 12U,0.6648534631493612,Suffield 12U,0.662655596484558,False,False,False
2026-04-29,Connecticut Valley Youth Lacrosse,Longmeadow 12U White,Connecticut Valley Youth Lacrosse,Connecticut Valley Youth Lacrosse,0.5271916535228862,Connecticut Valley Youth Lacrosse,0.5037441025105303,Connecticut Valley Youth Lacrosse,0.5037418606906774,True,True,True
2026-04-29,West Hartford 12U Gold,Connecticut Valley Youth Lacrosse,West Hartford 12U Gold,West Hartford 12U Gold,0.5859816317989154,West Hartford 12U Gold,0.675501097599633,West Hartford 12U Gold,0.6728887165803387,True,True,True
2026-04-30,Connecticut Valley Youth Lacrosse,Glastonbury 12U Blue,Connecticut Valley Youth Lacrosse,Connecticut Valley Youth Lacrosse,0.5496428137535241,Connecticut Valley Youth Lacrosse,0.56428429641145,Connecticut Valley Youth Lacrosse,0.569349138726689,True,True,True
2026-04-30,West Hartford 12U Green,Connecticut Valley Youth Lacrosse,West Hartford 12U Green,West Hartford 12U Green,0.5095527057916459,West Hartford 12U Green,0.5677150719197136,West Hartford 12U Green,0.5656076173299524,True,True,True
2026-04-30,West Hartford 12U Gold,Connecticut Valley Youth Lacrosse,West Hartford 12U Gold,West Hartford 12U Gold,0.6444556794636229,West Hartford 12U Gold,0.7040017362952916,West Hartford 12U Gold,0.7029388535898271,True,True,True
2026-04-30,Connecticut Valley Youth Lacrosse,Agawam 12U,Agawam 12U,Connecticut Valley Youth Lacrosse,0.5327605477457479,Connecticut Valley Youth Lacrosse,0.5915974080405023,Connecticut Valley Youth Lacrosse,0.5814372566285103,False,False,False
2026-04-30,Connecticut Valley Youth Lacrosse,Wolcott 12U,Wolcott 12U,Wolcott 12U,0.525721699202872,Wolcott 12U,0.5176100171399778,Wolcott 12U,0.5141298767552649,True,True,True
2026-04-30,Bristol 12U,Connecticut Valley Youth Lacrosse,Connecticut Valley Youth Lacrosse,Bristol 12U,0.539428435970021,Connecticut Valley Youth Lacrosse,0.5144925569526009,Connecticut Valley Youth Lacrosse,0.50889417287254,False,True,True
2026-04-30,Ellington 12U,Connecticut Valley Youth Lacrosse,Connecticut Valley Youth Lacrosse,Connecticut Valley Youth Lacrosse,0.5420222658321125,Connecticut Valley Youth Lacrosse,0.6086930855148921,Connecticut Valley Youth Lacrosse,0.603119848735749,True,True,True
2026-04-30,Connecticut Valley Youth Lacrosse,Glastonbury 12U White,Connecticut Valley Youth Lacrosse,Connecticut Valley Youth Lacrosse,0.5254303510353877,Connecticut Valley Youth Lacrosse,0.513239844624797,Connecticut Valley Youth Lacrosse,0.5131611232864473,True,True,True
2026-04-30,West Springfield 12U,East Longmeadow 12U A,West Springfield 12U,West Springfield 12U,0.5711653510496303,West Springfield 12U,0.615583538618525,West Springfield 12U,0.6219299790723993,True,True,True
2026-04-30,Connecticut Valley Youth Lacrosse,Somers 12U White,Somers 12U White,Connecticut Valley Youth Lacrosse,0.5240395823746504,Connecticut Valley Youth Lacrosse,0.5030864287427056,Somers 12U White,0.502874214228969,False,False,True
2026-04-30,Westfield 12U Black,Connecticut Valley Youth Lacrosse,Connecticut Valley Youth Lacrosse,Connecticut Valley Youth Lacrosse,0.5042235965680786,Connecticut Valley Youth Lacrosse,0.5295776629782774,Connecticut Valley Youth Lacrosse,0.53182554256229,True,True,True
2026-04-30,Connecticut Valley Youth Lacrosse,East Longmeadow 12U A,Connecticut Valley Youth Lacrosse,Connecticut Valley Youth Lacrosse,0.5643916932406748,Connecticut Valley Youth Lacrosse,0.5658928723456138,Connecticut Valley Youth Lacrosse,0.5711327353420004,True,True,True
2026-05-01,Connecticut Valley Youth Lacrosse,Bristol 12U,Connecticut Valley Youth Lacrosse,Connecticut Valley Youth Lacrosse,0.558491586500381,Connecticut Valley Youth Lacrosse,0.5441329207748746,Connecticut Valley Youth Lacrosse,0.5434986094375132,True,True,True
2026-05-01,Wolcott 12U,Connecticut Valley Youth Lacrosse,Wolcott 12U,Connecticut Valley Youth Lacrosse,0.5248988582207844,Wolcott 12U,0.5354434123386486,Wolcott 12U,0.5346862597855704,False,True,True
2026-05-01,Connecticut Valley Youth Lacrosse,Middletown 12U,Connecticut Valley Youth Lacrosse,Connecticut Valley Youth Lacrosse,0.5532716918705235,Connecticut Valley Youth Lacrosse,0.5294138759764432,Connecticut Valley Youth Lacrosse,0.5296363052412759,True,True,True
2026-05-01,East Longmeadow 12U A,Minnechaug 12U,Minnechaug 12U,Minnechaug 12U,0.6395300814588682,Minnechaug 12U,0.6932688892732025,Minnechaug 12U,0.7005240335450122,True,True,True
2026-05-01,East Longmeadow 12U A,Connecticut Valley Youth Lacrosse,Connecticut Valley Youth Lacrosse,Connecticut Valley Youth Lacrosse,0.649672127630918,Connecticut Valley Youth Lacrosse,0.607229448174444,Connecticut Valley Youth Lacrosse,0.6169405867932078,True,True,True
2026-05-01,Connecticut Valley Youth Lacrosse,South Hadley 12U,Connecticut Valley Youth Lacrosse,Connecticut Valley Youth Lacrosse,0.6436011131555878,Connecticut Valley Youth Lacrosse,0.6225968214185352,Connecticut Valley Youth Lacrosse,0.6174713229703019,True,True,True
2026-05-01,Berlin 12U A,Connecticut Valley Youth Lacrosse,Berlin 12U A,Connecticut Valley Youth Lacrosse,0.6405074937485984,Connecticut Valley Youth Lacrosse,0.5876774261002098,Connecticut Valley Youth Lacrosse,0.5905498027223568,False,False,False
2026-05-02,Connecticut Valley Youth Lacrosse,Tolland 12U,Connecticut Valley Youth Lacrosse,Connecticut Valley Youth Lacrosse,0.602581157338022,Connecticut Valley Youth Lacrosse,0.5898556982948373,Connecticut Valley Youth Lacrosse,0.5904510963956795,True,True,True
2026-05-02,Connecticut Valley Youth Lacrosse,Simsbury 12U Blue,Connecticut Valley Youth Lacrosse,Connecticut Valley Youth Lacrosse,0.6463557414135259,Connecticut Valley Youth Lacrosse,0.5636673631207978,Connecticut Valley Youth Lacrosse,0.5615863208497869,True,True,True
2026-05-02,Connecticut Valley Youth Lacrosse,West Hartford 12U White,Connecticut Valley Youth Lacrosse,Connecticut Valley Youth Lacrosse,0.6989740113351176,Connecticut Valley Youth Lacrosse,0.6248122748760049,Connecticut Valley Youth Lacrosse,0.6260055639956175,True,True,True
2026-05-02,Connecticut Valley Youth Lacrosse,Farmington 12U Red,Connecticut Valley Youth Lacrosse,Connecticut Valley Youth Lacrosse,0.6274830675401418,Connecticut Valley Youth Lacrosse,0.5109662921364831,Connecticut Valley Youth Lacrosse,0.5065843160841772,True,True,True
2026-05-02,Westfield 12U Red,Connecticut Valley Youth Lacrosse,Westfield 12U Red,Connecticut Valley Youth Lacrosse,0.5458150524073863,Westfield 12U Red,0.6371164689696148,Westfield 12U Red,0.6334484515873041,False,True,True
2026-05-02,Connecticut Valley Youth Lacrosse,RHAM 12U,RHAM 12U,Connecticut Valley Youth Lacrosse,0.5175564515729307,RHAM 12U,0.6699624476536656,RHAM 12U,0.6690997444296914,False,True,True
2026-05-02,South Windsor 12U,Connecticut Valley Youth Lacrosse,South Windsor 12U,Connecticut Valley Youth Lacrosse,0.5848432515566311,Connecticut Valley Youth Lacrosse,0.5161368511754123,Connecticut Valley Youth Lacrosse,0.5109577604649537,False,False,False
2026-05-02,Vernon 12U,Connecticut Valley Youth Lacrosse,Connecticut Valley Youth Lacrosse,Connecticut Valley Youth Lacrosse,0.5683817802110731,Connecticut Valley Youth Lacrosse,0.5533468383664502,Connecticut Valley Youth Lacrosse,0.547565600329351,True,True,True
2026-05-02,Middletown 12U,Connecticut Valley Youth Lacrosse,Connecticut Valley Youth Lacrosse,Connecticut Valley Youth Lacrosse,0.6156531980389529,Connecticut Valley Youth Lacrosse,0.5844256758643169,Connecticut Valley Youth Lacrosse,0.5899120345219473,True,True,True
2026-05-02,Connecticut Valley Youth Lacrosse,Burlington 12U,Burlington 12U,Connecticut Valley Youth Lacrosse,0.5160433876074132,Burlington 12U,0.6139935257521958,Burlington 12U,0.6055663394749609,False,True,True
2026-05-02,Avon 12U B,Connecticut Valley Youth Lacrosse,Avon 12U B,Connecticut Valley Youth Lacrosse,0.5496315721376464,Avon 12U B,0.5105452165089122,Avon 12U B,0.5096289043097476,False,True,True
2026-05-02,Connecticut Valley Youth Lacrosse,Somers 12U White,Connecticut Valley Youth Lacrosse,Connecticut Valley Youth Lacrosse,0.5101525031152585,Somers 12U White,0.5396613307650341,Somers 12U White,0.5480123708226684,True,False,False
2026-05-02,Westfield 12U Black,Connecticut Valley Youth Lacrosse,Westfield 12U Black,Connecticut Valley Youth Lacrosse,0.5955252602635523,Connecticut Valley Youth Lacrosse,0.5441666565064642,Connecticut Valley Youth Lacrosse,0.5477387577340639,False,False,False
2026-05-02,Connecticut Valley Youth Lacrosse,Granby 12U,Connecticut Valley Youth Lacrosse,Connecticut Valley Youth Lacrosse,0.5853068914199051,Connecticut Valley Youth Lacrosse,0.6123059922664561,Connecticut Valley Youth Lacrosse,0.6127020511954765,True,True,True
2026-05-02,Newington 12U,Connecticut Valley Youth Lacrosse,Newington 12U,Connecticut Valley Youth Lacrosse,0.6573432811504468,Connecticut Valley Youth Lacrosse,0.6293619037904848,Connecticut Valley Youth Lacrosse,0.6314939437060565,False,False,False
2026-05-02,Simsbury 12U A,Connecticut Valley Youth Lacrosse,Simsbury 12U A,Connecticut Valley Youth Lacrosse,0.6083784919273032,Connecticut Valley Youth Lacrosse,0.6147498524990285,Connecticut Valley Youth Lacrosse,0.6159027706612195,False,False,False
2026-05-03,Connecticut Valley Youth Lacrosse,Berlin 12U A,Connecticut Valley Youth Lacrosse,Connecticut Valley Youth Lacrosse,0.516878505010667,Connecticut Valley Youth Lacrosse,0.5452053138370795,Connecticut Valley Youth Lacrosse,0.542839778423825,True,True,True
2026-05-03,Farmington 12U Red,Connecticut Valley Youth Lacrosse,Farmington 12U Red,Connecticut Valley Youth Lacrosse,0.5241657972216536,Connecticut Valley Youth Lacrosse,0.5142685735221139,Connecticut Valley Youth Lacrosse,0.5110224789039155,False,False,False
2026-05-03,Connecticut Valley Youth Lacrosse,Wethersfield 12U B,Connecticut Valley Youth Lacrosse,Connecticut Valley Youth Lacrosse,0.5006152237235367,Connecticut Valley Youth Lacrosse,0.5137793721067053,Connecticut Valley Youth Lacrosse,0.5183297028033235,True,True,True
2026-05-03,Simsbury 12U Blue,Connecticut Valley Youth Lacrosse,Connecticut Valley Youth Lacrosse,Connecticut Valley Youth Lacrosse,0.5878330726396088,Connecticut Valley Youth Lacrosse,0.6010836294871175,Connecticut Valley Youth Lacrosse,0.6029735964834948,True,True,True
2026-05-03,Farmington 12U Black,Connecticut Valley Youth Lacrosse,Connecticut Valley Youth Lacrosse,Connecticut Valley Youth Lacrosse,0.5783299787268037,Connecticut Valley Youth Lacrosse,0.5998655410453695,Connecticut Valley Youth Lacrosse,0.5921312698011006,True,True,True
2026-05-03,Simsbury 12U A,Connecticut Valley Youth Lacrosse,Connecticut Valley Youth Lacrosse,Connecticut Valley Youth Lacrosse,0.6054491277752658,Connecticut Valley Youth Lacrosse,0.5707519598501936,Connecticut Valley Youth Lacrosse,0.5654098512914909,True,True,True
2026-05-03,Connecticut Valley Youth Lacrosse,East Longmeadow 12U White,Connecticut Valley Youth Lacrosse,Connecticut Valley Youth Lacrosse,0.5926772840276128,Connecticut Valley Youth Lacrosse,0.5262089581786343,Connecticut Valley Youth Lacrosse,0.5286898379575674,True,True,True
2026-05-03,Middletown 12U,Connecticut Valley Youth Lacrosse,Middletown 12U,Connecticut Valley Youth Lacrosse,0.6789472488672867,Connecticut Valley Youth Lacrosse,0.6202301757896069,Connecticut Valley Youth Lacrosse,0.6267328902162304,False,False,False
2026-05-03,Connecticut Valley Youth Lacrosse,West Hartford 12U Gold,West Hartford 12U Gold,West Hartford 12U Gold,0.5763616379530623,West Hartford 12U Gold,0.6830755727398843,West Hartford 12U Gold,0.6785668850705744,True,True,True
2026-05-03,Connecticut Valley Youth Lacrosse,Colchester 12U,Connecticut Valley Youth Lacrosse,Connecticut Valley Youth Lacrosse,0.5204174891991934,Colchester 12U,0.5696272522495194,Colchester 12U,0.5705603516452749,True,False,False
2026-05-03,Connecticut Valley Youth Lacrosse,Wethersfield 12U A,Wethersfield 12U A,Connecticut Valley Youth Lacrosse,0.5621106084970571,Wethersfield 12U A,0.515211341067606,Wethersfield 12U A,0.514039427218457,False,True,True
2026-05-03,RHAM 12U,Connecticut Valley Youth Lacrosse,RHAM 12U,RHAM 12U,0.5489194809941814,RHAM 12U,0.6636507341148552,RHAM 12U,0.6598659569626981,True,True,True
2026-05-03,Minnechaug 12U White,Connecticut Valley Youth Lacrosse,Minnechaug 12U White,Minnechaug 12U White,0.5392173757203333,Minnechaug 12U White,0.5882951742846377,Minnechaug 12U White,0.5894113991792868,True,True,True
2026-05-03,Connecticut Valley Youth Lacrosse,West Hartford 12U Green,West Hartford 12U Green,West Hartford 12U Green,0.5568644652222519,West Hartford 12U Green,0.5859757109935695,West Hartford 12U Green,0.5842841363214013,True,True,True
2026-05-04,Connecticut Valley Youth Lacrosse,Wolcott 12U,Wolcott 12U,Wolcott 12U,0.5764815084292911,Wolcott 12U,0.5672348958176474,Wolcott 12U,0.569952418687766,True,True,True
2026-05-04,Bristol 12U,Connecticut Valley Youth Lacrosse,Connecticut Valley Youth Lacrosse,Connecticut Valley Youth Lacrosse,0.5063219563926551,Connecticut Valley Youth Lacrosse,0.5660005100664864,Connecticut Valley Youth Lacrosse,0.5670560213374649,True,True,True
2026-05-04,West Springfield 12U,Connecticut Valley Youth Lacrosse,West Springfield 12U,West Springfield 12U,0.5769482373396412,West Springfield 12U,0.5930635816458883,West Springfield 12U,0.5952836037585842,True,True,True
2026-05-04,Connecticut Valley Youth Lacrosse,Minnechaug 12U,Minnechaug 12U,Minnechaug 12U,0.6277154865813395,Minnechaug 12U,0.6386788638206695,Minnechaug 12U,0.6408975935609957,True,True,True
2026-05-04,Westfield 12U Red,Connecticut Valley Youth Lacrosse,Connecticut Valley Youth Lacrosse,Westfield 12U Red,0.6805563234007104,Westfield 12U Red,0.6751822552276932,Westfield 12U Red,0.6755979717754101,False,False,False
2026-05-04,Connecticut Valley Youth Lacrosse,Belchertown 12U,Connecticut Valley Youth Lacrosse,Belchertown 12U,0.5321950481521646,Connecticut Valley Youth Lacrosse,0.5275633838510159,Connecticut Valley Youth Lacrosse,0.5228886102889883,False,True,True
2026-05-05,Connecticut Valley Youth Lacrosse,Colchester 12U,Connecticut Valley Youth Lacrosse,Colchester 12U,0.5101487731292236,Colchester 12U,0.5176461354405644,Colchester 12U,0.5116311569156025,False,False,False
2026-05-05,Northampton 12U,Connecticut Valley Youth Lacrosse,Connecticut Valley Youth Lacrosse,Connecticut Valley Youth Lacrosse,0.6188063925551639,Connecticut Valley Youth Lacrosse,0.6234874791068761,Connecticut Valley Youth Lacrosse,0.6240797558264122,True,True,True
2026-05-05,East Longmeadow 12U A,Connecticut Valley Youth Lacrosse,East Longmeadow 12U A,Connecticut Valley Youth Lacrosse,0.6608176176067004,Connecticut Valley Youth Lacrosse,0.6324605887266996,Connecticut Valley Youth Lacrosse,0.642126180831679,False,False,False
2026-05-05,Agawam 12U,Connecticut Valley Youth Lacrosse,Agawam 12U,Connecticut Valley Youth Lacrosse,0.5335955240334889,Connecticut Valley Youth Lacrosse,0.5750808869324895,Connecticut Valley Youth Lacrosse,0.565100564790655,False,False,False
2026-05-05,Connecticut Valley Youth Lacrosse,Wethersfield 12U B,Wethersfield 12U B,Wethersfield 12U B,0.5055609265834289,Connecticut Valley Youth Lacrosse,0.5249729037518481,Connecticut Valley Youth Lacrosse,0.5293238369883136,True,False,False
2026-05-05,West Hartford 12U White,Connecticut Valley Youth Lacrosse,Connecticut Valley Youth Lacrosse,Connecticut Valley Youth Lacrosse,0.5548619941380875,Connecticut Valley Youth Lacrosse,0.6192465327143789,Connecticut Valley Youth Lacrosse,0.618150750906264,True,True,True
2026-05-05,West Hartford 12U Green,Connecticut Valley Youth Lacrosse,West Hartford 12U Green,West Hartford 12U Green,0.6072726330751145,West Hartford 12U Green,0.6120135462182076,West Hartford 12U Green,0.6116996833303165,True,True,True
2026-05-05,East Longmeadow 12U A,Longmeadow 12U Black,East Longmeadow 12U A,Longmeadow 12U Black,0.5727591343672074,Longmeadow 12U Black,0.5289676074254228,Longmeadow 12U Black,0.5351357813719892,False,False,False
2026-05-05,Connecticut Valley Youth Lacrosse,Belchertown 12U,Belchertown 12U,Belchertown 12U,0.510609887355453,Connecticut Valley Youth Lacrosse,0.5797121610571873,Connecticut Valley Youth Lacrosse,0.5808421422187277,True,False,False
2026-05-05,Connecticut Valley Youth Lacrosse,South Hadley 12U,Connecticut Valley Youth Lacrosse,Connecticut Valley Youth Lacrosse,0.5454027444659559,Connecticut Valley Youth Lacrosse,0.6576216765880855,Connecticut Valley Youth Lacrosse,0.6559739288693549,True,True,True
2026-05-06,Connecticut Valley Youth Lacrosse,West Springfield 12U,West Springfield 12U,West Springfield 12U,0.6097659214344622,West Springfield 12U,0.6372032601514371,West Springfield 12U,0.6414996018943062,True,True,True
2026-05-06,Connecticut Valley Youth Lacrosse,Southington 12U White,Southington 12U White,Southington 12U White,0.5396821256789778,Connecticut Valley Youth Lacrosse,0.5033913142455194,Southington 12U White,0.5009373844434082,True,False,True
2026-05-06,Granby 12U,Connecticut Valley Youth Lacrosse,Connecticut Valley Youth Lacrosse,Connecticut Valley Youth Lacrosse,0.5280318316444442,Connecticut Valley Youth Lacrosse,0.6340326100732907,Connecticut Valley Youth Lacrosse,0.6332681982249215,True,True,True
2026-05-06,Connecticut Valley Youth Lacrosse,Somers 12U White,Somers 12U White,Somers 12U White,0.5265256383609682,Connecticut Valley Youth Lacrosse,0.5189128808418548,Connecticut Valley Youth Lacrosse,0.5179555567337941,True,False,False
2026-05-06,South Windsor 12U,Connecticut Valley Youth Lacrosse,Connecticut Valley Youth Lacrosse,South Windsor 12U,0.6091954401398594,South Windsor 12U,0.5451290201611861,South Windsor 12U,0.5548252584593835,False,False,False
2026-05-06,Simsbury 12U Blue,Southington 12U White,Southington 12U White,Southington 12U White,0.6119271149905867,Southington 12U White,0.6194437743939845,Southington 12U White,0.6259551375896462,True,True,True
2026-05-07,Agawam 12U,Connecticut Valley Youth Lacrosse,Connecticut Valley Youth Lacrosse,Agawam 12U,0.5420496164806595,Connecticut Valley Youth Lacrosse,0.5171693023470338,Agawam 12U,0.5003542651872919,False,True,False
2026-05-07,Suffield 12U White,Connecticut Valley Youth Lacrosse,Suffield 12U White,Suffield 12U White,0.5267162769240447,Suffield 12U White,0.5559407367661297,Suffield 12U White,0.5540174084793577,True,True,True
2026-05-07,Connecticut Valley Youth Lacrosse,Longmeadow 12U Black,Longmeadow 12U Black,Connecticut Valley Youth Lacrosse,0.5552170619063785,Connecticut Valley Youth Lacrosse,0.6030233586964125,Connecticut Valley Youth Lacrosse,0.600739824237634,False,False,False
2026-05-07,Connecticut Valley Youth Lacrosse,Somers 12U Red,Connecticut Valley Youth Lacrosse,Somers 12U Red,0.5501289427162072,Somers 12U Red,0.511022533858827,Somers 12U Red,0.5128051368871667,False,False,False
2026-05-07,Connecticut Valley Youth Lacrosse,Suffield B,Suffield B,Suffield B,0.5194535354428297,Connecticut Valley Youth Lacrosse,0.5055460274941279,Connecticut Valley Youth Lacrosse,0.5054576786569849,True,False,False
2026-05-07,Connecticut Valley Youth Lacrosse,Burlington 12U,Burlington 12U,Burlington 12U,0.6267349743645052,Burlington 12U,0.6439490303031357,Burlington 12U,0.639606045041687,True,True,True
2026-05-07,Bristol 12U,Connecticut Valley Youth Lacrosse,Connecticut Valley Youth Lacrosse,Connecticut Valley Youth Lacrosse,0.5235761197174822,Connecticut Valley Youth Lacrosse,0.5873904523817002,Connecticut Valley Youth Lacrosse,0.5900643401352816,True,True,True
2026-05-08,South Hadley 12U,Connecticut Valley Youth Lacrosse,Connecticut Valley Youth Lacrosse,Connecticut Valley Youth Lacrosse,0.5979939815490889,Connecticut Valley Youth Lacrosse,0.688052592894141,Connecticut Valley Youth Lacrosse,0.6885239711574757,True,True,True
2026-05-08,Connecticut Valley Youth Lacrosse,Minnechaug 12U,Minnechaug 12U,Minnechaug 12U,0.6007428230240262,Minnechaug 12U,0.64205042839596,Minnechaug 12U,0.6432321794309486,True,True,True
2026-05-08,Connecticut Valley Youth Lacrosse,Farmington 12U Black,Connecticut Valley Youth Lacrosse,Connecticut Valley Youth Lacrosse,0.5361436470120404,Connecticut Valley Youth Lacrosse,0.6330016457716391,Connecticut Valley Youth Lacrosse,0.6296691500838805,True,True,True
2026-05-08,Southington 12U White,Farmington 12U Red,Farmington 12U Red,Southington 12U White,0.5222565784637391,Southington 12U White,0.5015026370998091,Southington 12U White,0.5015200586736437,False,False,False
2026-05-08,Southington 12U White,Connecticut Valley Youth Lacrosse,Connecticut Valley Youth Lacrosse,Southington 12U White,0.5197905955295532,Connecticut Valley Youth Lacrosse,0.5263510046902056,Connecticut Valley Youth Lacrosse,0.5256768858946499,False,True,True
2026-05-08,Southington 12U Blue,Connecticut Valley Youth Lacrosse,Southington 12U Blue,Connecticut Valley Youth Lacrosse,0.5041351466380036,Southington 12U Blue,0.5338788425264656,Southington 12U Blue,0.5282522471938892,False,True,True
2026-05-08,Belchertown 12U,Connecticut Valley Youth Lacrosse,Belchertown 12U,Connecticut Valley Youth Lacrosse,0.511094131107763,Connecticut Valley Youth Lacrosse,0.5676185845349472,Connecticut Valley Youth Lacrosse,0.5667416058878829,False,False,False
2026-05-08,Connecticut Valley Youth Lacrosse,Minnechaug 12U White,Connecticut Valley Youth Lacrosse,Minnechaug 12U White,0.6203450123230858,Minnechaug 12U White,0.6179182321779948,Minnechaug 12U White,0.6213201439149925,False,False,False
2026-05-09,Connecticut Valley Youth Lacrosse,Tolland 12U,Connecticut Valley Youth Lacrosse,Connecticut Valley Youth Lacrosse,0.5623055045910357,Connecticut Valley Youth Lacrosse,0.6445974657787061,Connecticut Valley Youth Lacrosse,0.6446113831789155,True,True,True
2026-05-09,Granby 12U,Connecticut Valley Youth Lacrosse,Granby 12U,Connecticut Valley Youth Lacrosse,0.6180507787192427,Connecticut Valley Youth Lacrosse,0.6352833340273449,Connecticut Valley Youth Lacrosse,0.6326906644496479,False,False,False
2026-05-09,Connecticut Valley Youth Lacrosse,South Windsor 12U,Connecticut Valley Youth Lacrosse,South Windsor 12U,0.5165641591106183,Connecticut Valley Youth Lacrosse,0.5120409951478511,Connecticut Valley Youth Lacrosse,0.5111000362818197,False,True,True
2026-05-09,Middletown 12U,Connecticut Valley Youth Lacrosse,Connecticut Valley Youth Lacrosse,Connecticut Valley Youth Lacrosse,0.561900724918742,Connecticut Valley Youth Lacrosse,0.5981729763880752,Connecticut Valley Youth Lacrosse,0.6000334068512643,True,True,True
2026-05-09,Connecticut Valley Youth Lacrosse,Burlington 12U,Connecticut Valley Youth Lacrosse,Burlington 12U,0.5881315810147015,Burlington 12U,0.6398902899763539,Burlington 12U,0.6331256328462476,False,False,False
2026-05-09,Connecticut Valley Youth Lacrosse,Meriden 12U,Meriden 12U,Connecticut Valley Youth Lacrosse,0.6149976371672818,Connecticut Valley Youth Lacrosse,0.5997663062342621,Connecticut Valley Youth Lacrosse,0.5993738655574232,False,False,False
2026-05-09,Connecticut Valley Youth Lacrosse,Newington 12U,Newington 12U,Connecticut Valley Youth Lacrosse,0.6127428829284239,Connecticut Valley Youth Lacrosse,0.6082959624989659,Connecticut Valley Youth Lacrosse,0.6062300410022231,False,False,False
2026-05-09,RHAM 12U,Connecticut Valley Youth Lacrosse,RHAM 12U,RHAM 12U,0.6203959617022711,RHAM 12U,0.684343061075618,RHAM 12U,0.6818906447692414,True,True,True
2026-05-09,Wolcott 12U,Connecticut Valley Youth Lacrosse,Wolcott 12U,Wolcott 12U,0.5845438159284873,Wolcott 12U,0.5852478811359183,Wolcott 12U,0.5890003032294016,True,True,True
2026-05-09,Connecticut Valley Youth Lacrosse,Berkshire,Berkshire,Berkshire,0.530453496410549,Connecticut Valley Youth Lacrosse,0.5053609742642192,Connecticut Valley Youth Lacrosse,0.5052094173012706,True,False,False
2026-05-09,Bristol 12U,Connecticut Valley Youth Lacrosse,Connecticut Valley Youth Lacrosse,Connecticut Valley Youth Lacrosse,0.5312185612275615,Connecticut Valley Youth Lacrosse,0.59249859762524,Connecticut Valley Youth Lacrosse,0.5944256719214134,True,True,True
2026-05-10,Middletown 12U,Connecticut Valley Youth Lacrosse,Connecticut Valley Youth Lacrosse,Connecticut Valley Youth Lacrosse,0.5423733173184835,Connecticut Valley Youth Lacrosse,0.5997007484233152,Connecticut Valley Youth Lacrosse,0.6005974591642957,True,True,True
2026-05-10,Connecticut Valley Youth Lacrosse,Simsbury 12U Blue,Connecticut Valley Youth Lacrosse,Connecticut Valley Youth Lacrosse,0.5953710927341104,Connecticut Valley Youth Lacrosse,0.6147974122755003,Connecticut Valley Youth Lacrosse,0.6158258021929162,True,True,True
2026-05-10,Connecticut Valley Youth Lacrosse,Simsbury 12U A,Connecticut Valley Youth Lacrosse,Connecticut Valley Youth Lacrosse,0.5749216684211947,Connecticut Valley Youth Lacrosse,0.6099102438465046,Connecticut Valley Youth Lacrosse,0.6081811436652766,True,True,True
2026-05-10,Avon 12U B,Connecticut Valley Youth Lacrosse,Avon 12U B,Connecticut Valley Youth Lacrosse,0.5142119307181929,Avon 12U B,0.5165866100163782,Avon 12U B,0.5161389975672578,False,True,True
2026-05-10,Connecticut Valley Youth Lacrosse,Vernon 12U,Vernon 12U,Connecticut Valley Youth Lacrosse,0.5521486829890819,Connecticut Valley Youth Lacrosse,0.5615171526984776,Connecticut Valley Youth Lacrosse,0.5577167884836348,False,False,False
2026-05-10,Avon 12U,Connecticut Valley Youth Lacrosse,Avon 12U,Avon 12U,0.5120942344879309,Avon 12U,0.5118448866578136,Avon 12U,0.511326212836794,True,True,True
2026-05-11,Berlin 12U A,Connecticut Valley Youth Lacrosse,Connecticut Valley Youth Lacrosse,Berlin 12U A,0.5138218017692866,Connecticut Valley Youth Lacrosse,0.5460747746895129,Connecticut Valley Youth Lacrosse,0.5439076257147064,False,True,True
2026-05-11,Vernon 12U,Connecticut Valley Youth Lacrosse,Connecticut Valley Youth Lacrosse,Vernon 12U,0.506542873434515,Connecticut Valley Youth Lacrosse,0.530175727431333,Connecticut Valley Youth Lacrosse,0.5218740614001922,False,True,True
2026-05-11,Connecticut Valley Youth Lacrosse,Glastonbury 12U White,Glastonbury 12U White,Connecticut Valley Youth Lacrosse,0.5330825977646414,Connecticut Valley Youth Lacrosse,0.5240224031889771,Connecticut Valley Youth Lacrosse,0.5240748851955892,False,False,False
2026-05-11,Connecticut Valley Youth Lacrosse,East Longmeadow 12U White,Connecticut Valley Youth Lacrosse,Connecticut Valley Youth Lacrosse,0.5039929898019536,Connecticut Valley Youth Lacrosse,0.5600715124634104,Connecticut Valley Youth Lacrosse,0.5653007765931537,True,True,True
2026-05-11,Connecticut Valley Youth Lacrosse,East Longmeadow 12U A,Connecticut Valley Youth Lacrosse,Connecticut Valley Youth Lacrosse,0.5813816638008031,Connecticut Valley Youth Lacrosse,0.6064752629775516,Connecticut Valley Youth Lacrosse,0.6090684344993532,True,True,True
2026-05-11,Connecticut Valley Youth Lacrosse,Meriden 12U,Meriden 12U,Connecticut Valley Youth Lacrosse,0.5505703545203454,Connecticut Valley Youth Lacrosse,0.554519648687225,Connecticut Valley Youth Lacrosse,0.5411930023080848,False,False,False
2026-05-11,Connecticut Valley Youth Lacrosse,West Hartford 12U Green,West Hartford 12U Green,West Hartford 12U Green,0.6046029201111973,West Hartford 12U Green,0.6176030744891724,West Hartford 12U Green,0.6167346769568636,True,True,True
2026-05-11,Connecticut Valley Youth Lacrosse,South Windsor 12U,South Windsor 12U,South Windsor 12U,0.5211853010531798,Connecticut Valley Youth Lacrosse,0.5153452675820396,Connecticut Valley Youth Lacrosse,0.5148079658767161,True,False,False
2026-05-11,Tolland 12U,Connecticut Valley Youth Lacrosse,Connecticut Valley Youth Lacrosse,Connecticut Valley Youth Lacrosse,0.5418625813898665,Connecticut Valley Youth Lacrosse,0.682327769536017,Connecticut Valley Youth Lacrosse,0.682055730997789,True,True,True
2026-05-11,Minnechaug 12U White,Connecticut Valley Youth Lacrosse,Minnechaug 12U White,Minnechaug 12U White,0.5869345423004974,Minnechaug 12U White,0.5855726230695124,Minnechaug 12U White,0.5819837635613223,True,True,True
2026-05-11,Minnechaug 12U,East Longmeadow 12U A,Minnechaug 12U,Minnechaug 12U,0.7420022855697654,Minnechaug 12U,0.768328463483072,Minnechaug 12U,0.7745982800418735,True,True,True
2026-05-11,Farmington 12U Black,Connecticut Valley Youth Lacrosse,Connecticut Valley Youth Lacrosse,Connecticut Valley Youth Lacrosse,0.5470892353437329,Connecticut Valley Youth Lacrosse,0.6264537241211876,Connecticut Valley Youth Lacrosse,0.6210658383069552,True,True,True
2026-05-12,Glastonbury 12U White,Connecticut Valley Youth Lacrosse,Connecticut Valley Youth Lacrosse,Glastonbury 12U White,0.5090181740755388,Glastonbury 12U White,0.525729355783582,Glastonbury 12U White,0.5307619593686189,False,False,False
2026-05-12,West Springfield 12U,Connecticut Valley Youth Lacrosse,West Springfield 12U,West Springfield 12U,0.5842430949340727,West Springfield 12U,0.6324487937112525,West Springfield 12U,0.6339123029550824,True,True,True
2026-05-12,Connecticut Valley Youth Lacrosse,Southington 12U Blue,Southington 12U Blue,Southington 12U Blue,0.5262626152459259,Southington 12U Blue,0.5366445283240235,Southington 12U Blue,0.532203187207569,True,True,True
2026-05-12,Longmeadow 12U Black,East Longmeadow 12U A,Longmeadow 12U Black,Longmeadow 12U Black,0.6248399522003584,Longmeadow 12U Black,0.6058942273983338,Longmeadow 12U Black,0.6174737378260395,True,True,True
2026-05-12,Wolcott 12U,Connecticut Valley Youth Lacrosse,Connecticut Valley Youth Lacrosse,Wolcott 12U,0.6337389682479464,Wolcott 12U,0.6142202797338331,Wolcott 12U,0.6207555180449048,False,False,False
2026-05-12,Connecticut Valley Youth Lacrosse,South Hadley 12U,Connecticut Valley Youth Lacrosse,Connecticut Valley Youth Lacrosse,0.6615081059812777,Connecticut Valley Youth Lacrosse,0.713324985251552,Connecticut Valley Youth Lacrosse,0.7146432321885612,True,True,True
2026-05-12,Connecticut Valley Youth Lacrosse,Agawam 12U,Connecticut Valley Youth Lacrosse,Connecticut Valley Youth Lacrosse,0.5377557503468692,Connecticut Valley Youth Lacrosse,0.5638966986249374,Connecticut Valley Youth Lacrosse,0.5558101445080279,True,True,True
2026-05-12,Connecticut Valley Youth Lacrosse,East Longmeadow 12U A,Connecticut Valley Youth Lacrosse,Connecticut Valley Youth Lacrosse,0.6967780456727458,Connecticut Valley Youth Lacrosse,0.6367973937396837,Connecticut Valley Youth Lacrosse,0.6421078779161558,True,True,True
2026-05-12,Connecticut Valley Youth Lacrosse,Suffield 12U,Suffield 12U,Suffield 12U,0.5140752606177561,Suffield 12U,0.6205471001156462,Suffield 12U,0.614593741900032,True,True,True
2026-05-13,Connecticut Valley Youth Lacrosse,Suffield 12U White,Suffield 12U White,Suffield 12U White,0.5178239695404889,Suffield 12U White,0.5558521795327225,Suffield 12U White,0.5533602116055767,True,True,True
2026-05-13,Connecticut Valley Youth Lacrosse,Southington 12U White,Connecticut Valley Youth Lacrosse,Connecticut Valley Youth Lacrosse,0.5448245272377704,Connecticut Valley Youth Lacrosse,0.5550419024750274,Connecticut Valley Youth Lacrosse,0.5566692479018267,True,True,True
2026-05-13,Wethersfield 12U A,Connecticut Valley Youth Lacrosse,Connecticut Valley Youth Lacrosse,Wethersfield 12U A,0.5209810240120142,Wethersfield 12U A,0.5706353718237603,Wethersfield 12U A,0.573770103562823,False,False,False
2026-05-13,RHAM 12U,Connecticut Valley Youth Lacrosse,RHAM 12U,RHAM 12U,0.5773673714606233,RHAM 12U,0.672189528242068,RHAM 12U,0.6673561554096298,True,True,True
2026-05-13,Connecticut Valley Youth Lacrosse,West Hartford 12U Gold,West Hartford 12U Gold,West Hartford 12U Gold,0.657542938968618,West Hartford 12U Gold,0.7083920618334305,West Hartford 12U Gold,0.7068667974829066,True,True,True
2026-05-13,Connecticut Valley Youth Lacrosse,Glastonbury 12U Blue,Connecticut Valley Youth Lacrosse,Connecticut Valley Youth Lacrosse,0.5755039719070334,Connecticut Valley Youth Lacrosse,0.5882506122885774,Connecticut Valley Youth Lacrosse,0.5912963982057695,True,True,True
2026-05-13,West Hartford 12U White,Connecticut Valley Youth Lacrosse,Connecticut Valley Youth Lacrosse,Connecticut Valley Youth Lacrosse,0.6383991030289509,Connecticut Valley Youth Lacrosse,0.6298048239322587,Connecticut Valley Youth Lacrosse,0.6291430596323189,True,True,True
2026-05-13,Avon 12U B,Southington 12U White,Avon 12U B,Avon 12U B,0.5829602017964423,Avon 12U B,0.5967217932937123,Avon 12U B,0.5997863526774656,True,True,True
2026-05-13,Newington 12U,Connecticut Valley Youth Lacrosse,Connecticut Valley Youth Lacrosse,Connecticut Valley Youth Lacrosse,0.6099915703975439,Connecticut Valley Youth Lacrosse,0.5914563939903976,Connecticut Valley Youth Lacrosse,0.5865223881487505,True,True,True
2026-05-13,Tolland 12U,Connecticut Valley Youth Lacrosse,Connecticut Valley Youth Lacrosse,Connecticut Valley Youth Lacrosse,0.6827162438330316,Connecticut Valley Youth Lacrosse,0.7145543039675214,Connecticut Valley Youth Lacrosse,0.7147387017513288,True,True,True
2026-05-13,Connecticut Valley Youth Lacrosse,Ellington 12U,Ellington 12U,Connecticut Valley Youth Lacrosse,0.6664792939876226,Connecticut Valley Youth Lacrosse,0.6429705178028061,Connecticut Valley Youth Lacrosse,0.6415418297350861,False,False,False
2026-05-13,Connecticut Valley Youth Lacrosse,Granby 12U,Connecticut Valley Youth Lacrosse,Connecticut Valley Youth Lacrosse,0.5968237413640213,Connecticut Valley Youth Lacrosse,0.5754998155130429,Connecticut Valley Youth Lacrosse,0.5672695419320437,True,True,True
2026-05-13,Connecticut Valley Youth Lacrosse,Berlin 12U A,Berlin 12U A,Connecticut Valley Youth Lacrosse,0.6316603096860849,Connecticut Valley Youth Lacrosse,0.5759978873419184,Connecticut Valley Youth Lacrosse,0.576726763940817,False,False,False
2026-05-13,Farmington 12U Red,Connecticut Valley Youth Lacrosse,Farmington 12U Red,Farmington 12U Red,0.5041886361300055,Farmington 12U Red,0.5337431347521173,Farmington 12U Red,0.5387796730632993,True,True,True
2026-05-14,East Longmeadow 12U A,Connecticut Valley Youth Lacrosse,Connecticut Valley Youth Lacrosse,Connecticut Valley Youth Lacrosse,0.6762546942407182,Connecticut Valley Youth Lacrosse,0.6363256989250894,Connecticut Valley Youth Lacrosse,0.6407982601562249,True,True,True
2026-05-14,Connecticut Valley Youth Lacrosse,Burlington 12U,Connecticut Valley Youth Lacrosse,Burlington 12U,0.5381510216843302,Burlington 12U,0.58301501255765,Burlington 12U,0.5692925880995665,False,False,False
2026-05-14,Meriden 12U,Connecticut Valley Youth Lacrosse,Tie,Connecticut Valley Youth Lacrosse,0.5527561176445394,Connecticut Valley Youth Lacrosse,0.5200397936467853,Connecticut Valley Youth Lacrosse,0.5031249228780255,False,False,False
2026-05-14,East Longmeadow 12U A,Agawam 12U,Agawam 12U,Agawam 12U,0.6231627984837504,Agawam 12U,0.5352045050529004,Agawam 12U,0.5417814779349426,True,True,True
2026-05-14,Connecticut Valley Youth Lacrosse,Suffield 12U,Connecticut Valley Youth Lacrosse,Suffield 12U,0.5491366483079411,Suffield 12U,0.6356591647447586,Suffield 12U,0.6315195081505082,False,False,False
2026-05-14,Southington 12U Blue,Connecticut Valley Youth Lacrosse,Southington 12U Blue,Connecticut Valley Youth Lacrosse,0.5259072671696019,Southington 12U Blue,0.5496697814333721,Southington 12U Blue,0.5476817267256366,False,True,True
2026-05-14,Connecticut Valley Youth Lacrosse,Bristol 12U,Tie,Connecticut Valley Youth Lacrosse,0.6485356185355533,Connecticut Valley Youth Lacrosse,0.6129767399468962,Connecticut Valley Youth Lacrosse,0.616054856185598,False,False,False
2026-05-14,Westfield 12U Red,Connecticut Valley Youth Lacrosse,Westfield 12U Red,Westfield 12U Red,0.5672484960599664,Westfield 12U Red,0.6412033182393138,Westfield 12U Red,0.6357592035752294,True,True,True
2026-05-15,East Longmeadow 12U A,Connecticut Valley Youth Lacrosse,East Longmeadow 12U A,Connecticut Valley Youth Lacrosse,0.6999877943334827,Connecticut Valley Youth Lacrosse,0.6325959226614947,Connecticut Valley Youth Lacrosse,0.635568160494627,False,False,False
2026-05-15,Connecticut Valley Youth Lacrosse,Meriden 12U,Connecticut Valley Youth Lacrosse,Connecticut Valley Youth Lacrosse,0.5033087890570676,Connecticut Valley Youth Lacrosse,0.517828554671909,Connecticut Valley Youth Lacrosse,0.5027551863810334,True,True,True
2026-05-15,Suffield 12U White,Connecticut Valley Youth Lacrosse,Suffield 12U White,Suffield 12U White,0.5414792594177575,Suffield 12U White,0.5662155805102537,Suffield 12U White,0.5649627219534599,True,True,True
2026-05-15,Wolcott 12U,Connecticut Valley Youth Lacrosse,Wolcott 12U,Wolcott 12U,0.5626913355287638,Wolcott 12U,0.5881286104450634,Wolcott 12U,0.5895897127807422,True,True,True
2026-05-15,Connecticut Valley Youth Lacrosse,Simsbury 12U A,Connecticut Valley Youth Lacrosse,Connecticut Valley Youth Lacrosse,0.594126650056881,Connecticut Valley Youth Lacrosse,0.6439919640151904,Connecticut Valley Youth Lacrosse,0.6450819861800585,True,True,True
2026-05-15,Glastonbury 12U White,Connecticut Valley Youth Lacrosse,Glastonbury 12U White,Connecticut Valley Youth Lacrosse,0.5395631965553733,Connecticut Valley Youth Lacrosse,0.5140641609689461,Connecticut Valley Youth Lacrosse,0.51327328088055,False,False,False
2026-05-15,Berlin 12U A,Connecticut Valley Youth Lacrosse,Berlin 12U A,Berlin 12U A,0.5064271333122536,Connecticut Valley Youth Lacrosse,0.523404783444509,Connecticut Valley Youth Lacrosse,0.5180559858555474,True,False,False
2026-05-15,Connecticut Valley Youth Lacrosse,Middletown 12U,Connecticut Valley Youth Lacrosse,Connecticut Valley Youth Lacrosse,0.554492041504388,Connecticut Valley Youth Lacrosse,0.6127125268885535,Connecticut Valley Youth Lacrosse,0.6138776647254092,True,True,True
2026-05-15,East Longmeadow 12U A,South Hadley 12U,East Longmeadow 12U A,East Longmeadow 12U A,0.5210470645563414,East Longmeadow 12U A,0.6134581791090682,East Longmeadow 12U A,0.6131103491462032,True,True,True
2026-05-15,Connecticut Valley Youth Lacrosse,Glastonbury 12U Blue,Connecticut Valley Youth Lacrosse,Connecticut Valley Youth Lacrosse,0.5562037454500246,Connecticut Valley Youth Lacrosse,0.587043869164038,Connecticut Valley Youth Lacrosse,0.5879427678586282,True,True,True
2026-05-16,West Springfield 12U,Connecticut Valley Youth Lacrosse,West Springfield 12U,West Springfield 12U,0.6247901739727522,West Springfield 12U,0.65275592846363,West Springfield 12U,0.6547630576021048,True,True,True
2026-05-16,Connecticut Valley Youth Lacrosse,Agawam 12U,Connecticut Valley Youth Lacrosse,Connecticut Valley Youth Lacrosse,0.5254883805209283,Connecticut Valley Youth Lacrosse,0.5919892406684443,Connecticut Valley Youth Lacrosse,0.588116718909753,True,True,True
2026-05-16,Longmeadow 12U Black,Connecticut Valley Youth Lacrosse,Longmeadow 12U Black,Connecticut Valley Youth Lacrosse,0.5058047902971448,Connecticut Valley Youth Lacrosse,0.5210484804015882,Connecticut Valley Youth Lacrosse,0.5154437142734438,False,False,False
2026-05-16,Connecticut Valley Youth Lacrosse,Glastonbury 12U Blue,Connecticut Valley Youth Lacrosse,Connecticut Valley Youth Lacrosse,0.5609304394537635,Connecticut Valley Youth Lacrosse,0.5901587863074482,Connecticut Valley Youth Lacrosse,0.5904467089179437,True,True,True
2026-05-16,Belchertown 12U,Connecticut Valley Youth Lacrosse,Belchertown 12U,Belchertown 12U,0.510974988646335,Connecticut Valley Youth Lacrosse,0.5405573343627885,Connecticut Valley Youth Lacrosse,0.5375926629674201,True,False,False
2026-05-16,Connecticut Valley Youth Lacrosse,Northampton 12U,Connecticut Valley Youth Lacrosse,Connecticut Valley Youth Lacrosse,0.5877858173253886,Connecticut Valley Youth Lacrosse,0.617556918422189,Connecticut Valley Youth Lacrosse,0.6159595743332511,True,True,True
2026-05-16,Avon 12U B,Connecticut Valley Youth Lacrosse,Avon 12U B,Avon 12U B,0.5594112625301104,Avon 12U B,0.5466594025599563,Avon 12U B,0.548162392912462,True,True,True
2026-05-16,Connecticut Valley Youth Lacrosse,South Hadley 12U,Connecticut Valley Youth Lacrosse,Connecticut Valley Youth Lacrosse,0.6655953054475565,Connecticut Valley Youth Lacrosse,0.7200384461100833,Connecticut Valley Youth Lacrosse,0.7189936517978551,True,True,True
2026-05-17,Suffield 12U White,Connecticut Valley Youth Lacrosse,Tie,Suffield 12U White,0.5970970218334338,Suffield 12U White,0.5713685832661318,Suffield 12U White,0.570274045822997,False,False,False
2026-05-17,Simsbury 12U A,Connecticut Valley Youth Lacrosse,Connecticut Valley Youth Lacrosse,Connecticut Valley Youth Lacrosse,0.6129888612060508,Connecticut Valley Youth Lacrosse,0.6570058967456679,Connecticut Valley Youth Lacrosse,0.6584388157251231,True,True,True
2026-05-17,RHAM 12U,Connecticut Valley Youth Lacrosse,RHAM 12U,RHAM 12U,0.6511099066143186,RHAM 12U,0.6944902336176376,RHAM 12U,0.6918455625399387,True,True,True
2026-05-17,Connecticut Valley Youth Lacrosse,Minnechaug 12U,Connecticut Valley Youth Lacrosse,Minnechaug 12U,0.653053263659136,Minnechaug 12U,0.6805991908853148,Minnechaug 12U,0.6840571985228884,False,False,False
2026-05-17,Wethersfield 12U A,Connecticut Valley Youth Lacrosse,Connecticut Valley Youth Lacrosse,Connecticut Valley Youth Lacrosse,0.5121617594704213,Wethersfield 12U A,0.5338037458323122,Wethersfield 12U A,0.5304937931541079,True,False,False
2026-05-17,Connecticut Valley Youth Lacrosse,Avon 12U,Avon 12U,Connecticut Valley Youth Lacrosse,0.5227429938982079,Avon 12U,0.5690130889712075,Avon 12U,0.573556395736208,False,True,True
2026-05-17,Connecticut Valley Youth Lacrosse,West Hartford 12U Green,Connecticut Valley Youth Lacrosse,West Hartford 12U Green,0.5776765159793024,West Hartford 12U Green,0.6469081942766629,West Hartford 12U Green,0.6478517505427852,False,False,False
2026-05-17,Suffield 12U,Connecticut Valley Youth Lacrosse,Suffield 12U,Suffield 12U,0.513532238396526,Suffield 12U,0.6143762369617789,Suffield 12U,0.6062916663374047,True,True,True
2026-05-17,Connecticut Valley Youth Lacrosse,Minnechaug 12U White,Tie,Minnechaug 12U White,0.5447037602613287,Minnechaug 12U White,0.5860684630295577,Minnechaug 12U White,0.582705869649341,False,False,False
2026-05-17,Wethersfield 12U B,Connecticut Valley Youth Lacrosse,Wethersfield 12U B,Connecticut Valley Youth Lacrosse,0.5334700302153292,Connecticut Valley Youth Lacrosse,0.5070728224113803,Connecticut Valley Youth Lacrosse,0.5083237845128965,False,False,False
2026-05-17,Connecticut Valley Youth Lacrosse,Glastonbury 12U White,Glastonbury 12U White,Connecticut Valley Youth Lacrosse,0.5191853679567057,Glastonbury 12U White,0.5180676373506419,Glastonbury 12U White,0.521165420733005,False,True,True
2026-05-18,Connecticut Valley Youth Lacrosse,East Longmeadow 12U White,Connecticut Valley Youth Lacrosse,Connecticut Valley Youth Lacrosse,0.5353538537277145,Connecticut Valley Youth Lacrosse,0.568097284363234,Connecticut Valley Youth Lacrosse,0.571846820844408,True,True,True
2026-05-18,Ellington 12U,Connecticut Valley Youth Lacrosse,Ellington 12U,Connecticut Valley Youth Lacrosse,0.548089764254792,Connecticut Valley Youth Lacrosse,0.5866216263772764,Connecticut Valley Youth Lacrosse,0.5738136597182754,False,False,False
2026-05-18,Southington 12U Blue,Connecticut Valley Youth Lacrosse,Connecticut Valley Youth Lacrosse,Southington 12U Blue,0.5765183772279855,Southington 12U Blue,0.5651967582060266,Southington 12U Blue,0.5652996639310314,False,False,False
2026-05-18,Northampton 12U,Connecticut Valley Youth Lacrosse,Northampton 12U,Connecticut Valley Youth Lacrosse,0.6426716580731657,Connecticut Valley Youth Lacrosse,0.6188925244457787,Connecticut Valley Youth Lacrosse,0.6165065172321378,False,False,False
2026-05-18,Southington 12U White,Connecticut Valley Youth Lacrosse,Southington 12U White,Connecticut Valley Youth Lacrosse,0.573810487640493,Connecticut Valley Youth Lacrosse,0.5792585440188764,Connecticut Valley Youth Lacrosse,0.58213748534842,False,False,False
2026-05-18,Connecticut Valley Youth Lacrosse,Granby 12U,Connecticut Valley Youth Lacrosse,Connecticut Valley Youth Lacrosse,0.5669893542980999,Connecticut Valley Youth Lacrosse,0.6126163992535624,Connecticut Valley Youth Lacrosse,0.6092657762044925,True,True,True
2026-05-18,Connecticut Valley Youth Lacrosse,Somers 12U White,Connecticut Valley Youth Lacrosse,Somers 12U White,0.5238841511853289,Somers 12U White,0.5302450457076424,Somers 12U White,0.5344459147073655,False,False,False
2026-05-18,Bristol 12U,Connecticut Valley Youth Lacrosse,Bristol 12U,Connecticut Valley Youth Lacrosse,0.6217529280016114,Connecticut Valley Youth Lacrosse,0.60477045590329,Connecticut Valley Youth Lacrosse,0.6058372523890306,False,False,False
2026-05-18,Southington 12U White,Glastonbury 12U Blue,Southington 12U White,Southington 12U White,0.5575251397124995,Southington 12U White,0.5395365657018861,Southington 12U White,0.5398448744900736,True,True,True
2026-05-18,Connecticut Valley Youth Lacrosse,Glastonbury 12U White,Glastonbury 12U White,Glastonbury 12U White,0.5310448049273591,Glastonbury 12U White,0.5555955362399871,Glastonbury 12U White,0.5609013158110395,True,True,True
2026-05-18,Minnechaug 12U,Connecticut Valley Youth Lacrosse,Minnechaug 12U,Minnechaug 12U,0.6386897145159675,Minnechaug 12U,0.6401528613060414,Minnechaug 12U,0.6357554333380283,True,True,True
2026-05-18,Somers 12U Red,Connecticut Valley Youth Lacrosse,Connecticut Valley Youth Lacrosse,Somers 12U Red,0.5380377339281234,Somers 12U Red,0.5010912461880356,Somers 12U Red,0.5008312327618935,False,False,False
2026-05-18,Longmeadow 12U Black,Connecticut Valley Youth Lacrosse,Connecticut Valley Youth Lacrosse,Longmeadow 12U Black,0.5398938001321231,Longmeadow 12U Black,0.5126913309368675,Longmeadow 12U Black,0.5197775996610307,False,False,False
2026-05-18,Connecticut Valley Youth Lacrosse,Minnechaug 12U White,Minnechaug 12U White,Minnechaug 12U White,0.5580446527607553,Minnechaug 12U White,0.5792388702073044,Minnechaug 12U White,0.5744621994571105,True,True,True
2026-05-18,Connecticut Valley Youth Lacrosse,Berlin 12U A,Connecticut Valley Youth Lacrosse,Berlin 12U A,0.5152638805092551,Berlin 12U A,0.5037757673600891,Berlin 12U A,0.5105782271963997,False,False,False
2026-05-18,Connecticut Valley Youth Lacrosse,Westfield 12U Red,Westfield 12U Red,Westfield 12U Red,0.6020495106735098,Westfield 12U Red,0.6404952916950709,Westfield 12U Red,0.6343558639167808,True,True,True
2026-05-19,Connecticut Valley Youth Lacrosse,Wethersfield 12U B,Connecticut Valley Youth Lacrosse,Wethersfield 12U B,0.5296093177733556,Connecticut Valley Youth Lacrosse,0.5002057664441503,Connecticut Valley Youth Lacrosse,0.5003744017469337,False,True,True
2026-05-19,Suffield 12U White,Connecticut Valley Youth Lacrosse,Suffield 12U White,Suffield 12U White,0.5718407904733409,Suffield 12U White,0.5656007234799777,Suffield 12U White,0.5633378508763814,True,True,True
2026-05-19,Connecticut Valley Youth Lacrosse,Meriden 12U,Connecticut Valley Youth Lacrosse,Connecticut Valley Youth Lacrosse,0.5195595275125544,Connecticut Valley Youth Lacrosse,0.547273827054324,Connecticut Valley Youth Lacrosse,0.538878371754227,True,True,True
2026-05-19,Connecticut Valley Youth Lacrosse,West Springfield 12U,West Springfield 12U,West Springfield 12U,0.6265019288079312,West Springfield 12U,0.6459303680764319,West Springfield 12U,0.6457966870644463,True,True,True
2026-05-19,Connecticut Valley Youth Lacrosse,Longmeadow 12U Black,Longmeadow 12U Black,Connecticut Valley Youth Lacrosse,0.5083622222648759,Connecticut Valley Youth Lacrosse,0.5337502824127165,Connecticut Valley Youth Lacrosse,0.5312096601455886,False,False,False
2026-05-19,Wolcott 12U,Connecticut Valley Youth Lacrosse,Wolcott 12U,Wolcott 12U,0.6521722526502036,Wolcott 12U,0.6069899041345986,Wolcott 12U,0.6101993131810872,True,True,True
2026-05-19,Belchertown 12U,Connecticut Valley Youth Lacrosse,Connecticut Valley Youth Lacrosse,Belchertown 12U,0.5859905895959884,Connecticut Valley Youth Lacrosse,0.5252545554501173,Connecticut Valley Youth Lacrosse,0.5208591837671633,False,True,True
2026-05-19,Connecticut Valley Youth Lacrosse,Agawam 12U,Connecticut Valley Youth Lacrosse,Connecticut Valley Youth Lacrosse,0.5155224652160983,Connecticut Valley Youth Lacrosse,0.5884364086602362,Connecticut Valley Youth Lacrosse,0.5844632978761073,True,True,True
2026-05-19,Connecticut Valley Youth Lacrosse,Bristol 12U,Connecticut Valley Youth Lacrosse,Connecticut Valley Youth Lacrosse,0.5854329558217998,Connecticut Valley Youth Lacrosse,0.593185828251329,Connecticut Valley Youth Lacrosse,0.592142901107833,True,True,True
2026-05-19,South Hadley 12U,Connecticut Valley Youth Lacrosse,Connecticut Valley Youth Lacrosse,Connecticut Valley Youth Lacrosse,0.7141678427603529,Connecticut Valley Youth Lacrosse,0.7247385435730969,Connecticut Valley Youth Lacrosse,0.7235456699107191,True,True,True
2026-05-19,Suffield 12U,Connecticut Valley Youth Lacrosse,Suffield 12U,Suffield 12U,0.5811043619735576,Suffield 12U,0.6427572706976817,Suffield 12U,0.6390917494090858,True,True,True
2026-05-19,Newington 12U,Connecticut Valley Youth Lacrosse,Newington 12U,Connecticut Valley Youth Lacrosse,0.6026276174404783,Connecticut Valley Youth Lacrosse,0.6190705399622642,Connecticut Valley Youth Lacrosse,0.6187384787447237,False,False,False
2026-05-20,Simsbury 12U Blue,Connecticut Valley Youth Lacrosse,Simsbury 12U Blue,Connecticut Valley Youth Lacrosse,0.6045860334712658,Connecticut Valley Youth Lacrosse,0.6161434512721532,Connecticut Valley Youth Lacrosse,0.6164755438180569,False,False,False
2026-05-20,Connecticut Valley Youth Lacrosse,East Longmeadow 12U A,Connecticut Valley Youth Lacrosse,Connecticut Valley Youth Lacrosse,0.6170137176029423,Connecticut Valley Youth Lacrosse,0.6197788886429073,Connecticut Valley Youth Lacrosse,0.6210047327257808,True,True,True
2026-05-20,Belchertown 12U,East Longmeadow 12U A,Belchertown 12U,Belchertown 12U,0.6573813839444387,Belchertown 12U,0.5825416854951543,Belchertown 12U,0.5860766299569682,True,True,True
2026-05-20,Connecticut Valley Youth Lacrosse,Glastonbury 12U Blue,Connecticut Valley Youth Lacrosse,Connecticut Valley Youth Lacrosse,0.6078894943734063,Connecticut Valley Youth Lacrosse,0.606673943028867,Connecticut Valley Youth Lacrosse,0.6073748244480393,True,True,True
2026-05-20,Vernon 12U,Connecticut Valley Youth Lacrosse,Vernon 12U,Connecticut Valley Youth Lacrosse,0.5288550126752305,Connecticut Valley Youth Lacrosse,0.5456866749397173,Connecticut Valley Youth Lacrosse,0.5413080528966818,False,False,False
2026-05-20,Connecticut Valley Youth Lacrosse,Simsbury 12U A,Connecticut Valley Youth Lacrosse,Connecticut Valley Youth Lacrosse,0.6085443498124169,Connecticut Valley Youth Lacrosse,0.6751599330488773,Connecticut Valley Youth Lacrosse,0.6773799959407498,True,True,True
2026-05-20,Westfield 12U Red,Connecticut Valley Youth Lacrosse,Westfield 12U Red,Westfield 12U Red,0.6568213705321884,Westfield 12U Red,0.665343660083638,Westfield 12U Red,0.6630013724891962,True,True,True
2026-05-20,Connecticut Valley Youth Lacrosse,South Hadley 12U,Connecticut Valley Youth Lacrosse,Connecticut Valley Youth Lacrosse,0.6894398376461623,Connecticut Valley Youth Lacrosse,0.7383559735489935,Connecticut Valley Youth Lacrosse,0.7381394096168415,True,True,True
2026-05-20,Connecticut Valley Youth Lacrosse,West Hartford 12U Green,Connecticut Valley Youth Lacrosse,West Hartford 12U Green,0.6149506823485626,West Hartford 12U Green,0.6216680236801189,West Hartford 12U Green,0.6183921737202995,False,False,False
2026-05-20,Ellington 12U,Connecticut Valley Youth Lacrosse,Ellington 12U,Connecticut Valley Youth Lacrosse,0.5371183873496227,Connecticut Valley Youth Lacrosse,0.5738805399737629,Connecticut Valley Youth Lacrosse,0.5606584452451522,False,False,False
2026-05-20,Connecticut Valley Youth Lacrosse,Tolland 12U,Connecticut Valley Youth Lacrosse,Connecticut Valley Youth Lacrosse,0.6144513062257614,Connecticut Valley Youth Lacrosse,0.7305192599453971,Connecticut Valley Youth Lacrosse,0.7302222035250894,True,True,True
2026-05-20,South Windsor 12U,Connecticut Valley Youth Lacrosse,South Windsor 12U,South Windsor 12U,0.5065468400333801,Connecticut Valley Youth Lacrosse,0.5011704193516507,South Windsor 12U,0.5003291244976029,True,False,True
2026-05-21,Suffield 12U White,Connecticut Valley Youth Lacrosse,Suffield 12U White,Suffield 12U White,0.6190099808611348,Suffield 12U White,0.5785645198078446,Suffield 12U White,0.5778401586826704,True,True,True
2026-05-21,Meriden 12U,Connecticut Valley Youth Lacrosse,Meriden 12U,Connecticut Valley Youth Lacrosse,0.5116671999625306,Connecticut Valley Youth Lacrosse,0.5485624199851546,Connecticut Valley Youth Lacrosse,0.541260190307677,False,False,False
2026-05-21,Colchester 12U,Connecticut Valley Youth Lacrosse,Colchester 12U,Colchester 12U,0.5498018191300958,Connecticut Valley Youth Lacrosse,0.5053110936722685,Connecticut Valley Youth Lacrosse,0.5096503790116222,True,False,False
2026-05-21,Connecticut Valley Youth Lacrosse,Tolland 12U,Connecticut Valley Youth Lacrosse,Connecticut Valley Youth Lacrosse,0.5837352194791963,Connecticut Valley Youth Lacrosse,0.7475873003693803,Connecticut Valley Youth Lacrosse,0.747303112914865,True,True,True
2026-05-21,Connecticut Valley Youth Lacrosse,West Springfield 12U,West Springfield 12U,West Springfield 12U,0.6983454386064627,West Springfield 12U,0.65341547317935,West Springfield 12U,0.6532881129590786,True,True,True
2026-05-21,Connecticut Valley Youth Lacrosse,Farmington 12U Red,Connecticut Valley Youth Lacrosse,Farmington 12U Red,0.6219053205836018,Farmington 12U Red,0.539157034439461,Farmington 12U Red,0.5430360557092475,False,False,False
2026-05-21,Connecticut Valley Youth Lacrosse,Westfield 12U Black,Connecticut Valley Youth Lacrosse,Westfield 12U Black,0.5548343005723733,Connecticut Valley Youth Lacrosse,0.5001443280642399,Westfield 12U Black,0.5024463719005214,False,True,False
2026-05-21,West Hartford 12U Gold,Connecticut Valley Youth Lacrosse,West Hartford 12U Gold,West Hartford 12U Gold,0.7185993825254348,West Hartford 12U Gold,0.7108453796799238,West Hartford 12U Gold,0.7087991791098689,True,True,True
2026-05-21,Connecticut Valley Youth Lacrosse,Longmeadow 12U Black,Connecticut Valley Youth Lacrosse,Longmeadow 12U Black,0.5662221656975647,Longmeadow 12U Black,0.51129530006562,Longmeadow 12U Black,0.5166794290254644,False,False,False
2026-05-21,Northampton 12U,Connecticut Valley Youth Lacrosse,Connecticut Valley Youth Lacrosse,Connecticut Valley Youth Lacrosse,0.5937078255402168,Connecticut Valley Youth Lacrosse,0.5998657858300904,Connecticut Valley Youth Lacrosse,0.5942033303466516,True,True,True
2026-05-22,Simsbury 12U A,Connecticut Valley Youth Lacrosse,Connecticut Valley Youth Lacrosse,Connecticut Valley Youth Lacrosse,0.6786055689722397,Connecticut Valley Youth Lacrosse,0.6918278599500074,Connecticut Valley Youth Lacrosse,0.6948827952473904,True,True,True
2026-05-22,Connecticut Valley Youth Lacrosse,East Longmeadow 12U White,Connecticut Valley Youth Lacrosse,Connecticut Valley Youth Lacrosse,0.5990674532015868,Connecticut Valley Youth Lacrosse,0.5742607291173827,Connecticut Valley Youth Lacrosse,0.5773029515826242,True,True,True
2026-05-22,Connecticut Valley Youth Lacrosse,Burlington 12U,Connecticut Valley Youth Lacrosse,Connecticut Valley Youth Lacrosse,0.5178198286355982,Burlington 12U,0.555086700583047,Burlington 12U,0.5412552075121091,True,False,False
2026-05-22,Suffield 12U,Connecticut Valley Youth Lacrosse,Suffield 12U,Suffield 12U,0.5546256286184682,Suffield 12U,0.663612012307766,Suffield 12U,0.6624718660165182,True,True,True
2026-05-22,Connecticut Valley Youth Lacrosse,Westfield 12U Red,Westfield 12U Red,Westfield 12U Red,0.6151260543530229,Westfield 12U Red,0.6843733739267084,Westfield 12U Red,0.6841568019657762,True,True,True
2026-05-22,Connecticut Valley Youth Lacrosse,Wethersfield 12U A,Wethersfield 12U A,Connecticut Valley Youth Lacrosse,0.512841725940022,Wethersfield 12U A,0.5247113557513772,Wethersfield 12U A,0.5207444101086163,False,True,True
2026-05-22,Somers 12U Red,Connecticut Valley Youth Lacrosse,Somers 12U Red,Connecticut Valley Youth Lacrosse,0.5377581031666747,Connecticut Valley Youth Lacrosse,0.5186709076969993,Connecticut Valley Youth Lacrosse,0.5218751350577888,False,False,False
2026-05-22,Southington 12U Blue,Connecticut Valley Youth Lacrosse,Connecticut Valley Youth Lacrosse,Southington 12U Blue,0.5389840244245097,Southington 12U Blue,0.527816158857341,Southington 12U Blue,0.5225049574000596,False,False,False
2026-05-22,Southington 12U White,Wethersfield 12U B,Wethersfield 12U B,Wethersfield 12U B,0.5320458294890198,Wethersfield 12U B,0.5439582678220953,Wethersfield 12U B,0.5417952434053968,True,True,True
2026-05-22,Farmington 12U Red,Connecticut Valley Youth Lacrosse,Tie,Farmington 12U Red,0.5084208714618884,Farmington 12U Red,0.5071877932643265,Farmington 12U Red,0.5059430179758011,False,False,False
2026-05-22,Southington 12U White,Connecticut Valley Youth Lacrosse,Connecticut Valley Youth Lacrosse,Connecticut Valley Youth Lacrosse,0.5781240960306435,Connecticut Valley Youth Lacrosse,0.5889008825739109,Connecticut Valley Youth Lacrosse,0.5920467460508556,True,True,True
2026-05-22,Connecticut Valley Youth Lacrosse,West Hartford 12U White,Tie,Connecticut Valley Youth Lacrosse,0.6602150744955687,Connecticut Valley Youth Lacrosse,0.6366199961031016,Connecticut Valley Youth Lacrosse,0.6360378038230196,False,False,False
2026-05-23,Connecticut Valley Youth Lacrosse,RHAM 12U,RHAM 12U,RHAM 12U,0.6475405249133377,RHAM 12U,0.6932445563172804,RHAM 12U,0.6900269082186006,True,True,True
2026-05-23,Connecticut Valley Youth Lacrosse,Vernon 12U,Vernon 12U,Connecticut Valley Youth Lacrosse,0.5080525986074739,Connecticut Valley Youth Lacrosse,0.5012848222159858,Vernon 12U,0.5086574678717246,False,False,True
2026-05-23,Connecticut Valley Youth Lacrosse,Berlin 12U A,Berlin 12U A,Berlin 12U A,0.5060000489172123,Connecticut Valley Youth Lacrosse,0.5013504625944415,Berlin 12U A,0.5036428713139318,True,False,True
2026-05-23,Meriden 12U,Connecticut Valley Youth Lacrosse,Connecticut Valley Youth Lacrosse,Meriden 12U,0.5040729724884057,Connecticut Valley Youth Lacrosse,0.5235174767675854,Connecticut Valley Youth Lacrosse,0.5138269789856595,False,True,True
2026-05-23,Connecticut Valley Youth Lacrosse,West Hartford 12U Gold,West Hartford 12U Gold,West Hartford 12U Gold,0.7165038353790636,West Hartford 12U Gold,0.7255569153795418,West Hartford 12U Gold,0.7249490398045135,True,True,True
2026-05-23,Newington 12U,Connecticut Valley Youth Lacrosse,Connecticut Valley Youth Lacrosse,Connecticut Valley Youth Lacrosse,0.5709540841178528,Connecticut Valley Youth Lacrosse,0.6081186735450976,Connecticut Valley Youth Lacrosse,0.6054005883169985,True,True,True
2026-05-23,Glastonbury 12U White,Connecticut Valley Youth Lacrosse,Connecticut Valley Youth Lacrosse,Glastonbury 12U White,0.5499186368145944,Glastonbury 12U White,0.5912161460097075,Glastonbury 12U White,0.5972792823559486,False,False,False
2026-05-23,Colchester 12U,Connecticut Valley Youth Lacrosse,Connecticut Valley Youth Lacrosse,Connecticut Valley Youth Lacrosse,0.5089188156646862,Colchester 12U,0.5306660982655638,Colchester 12U,0.5319300632258224,True,False,False
2026-05-24,East Longmeadow 12U A,Connecticut Valley Youth Lacrosse,East Longmeadow 12U A,Connecticut Valley Youth Lacrosse,0.7122137004754712,Connecticut Valley Youth Lacrosse,0.6315998552888642,Connecticut Valley Youth Lacrosse,0.6339723095229968,False,False,False
2026-05-24,East Longmeadow 12U A,Northampton 12U,East Longmeadow 12U A,Northampton 12U,0.5077045964472784,East Longmeadow 12U A,0.5080631779759033,East Longmeadow 12U A,0.5065401503530729,False,True,True
2026-05-26,Connecticut Valley Youth Lacrosse,West Springfield 12U,West Springfield 12U,West Springfield 12U,0.6705005925058167,West Springfield 12U,0.6673113308389838,West Springfield 12U,0.6679419585278781,True,True,True
2026-05-26,Suffield 12U,Connecticut Valley Youth Lacrosse,Suffield 12U,Suffield 12U,0.6904166924079115,Suffield 12U,0.6844817651498614,Suffield 12U,0.685474278842918,True,True,True
2026-05-26,Suffield 12U White,Connecticut Valley Youth Lacrosse,Suffield 12U White,Suffield 12U White,0.6559325893672519,Suffield 12U White,0.5816257900980449,Suffield 12U White,0.5810353361708493,True,True,True
2026-05-26,Connecticut Valley Youth Lacrosse,Somers 12U Red,Connecticut Valley Youth Lacrosse,Somers 12U Red,0.5552768906928012,Somers 12U Red,0.506143441185159,Somers 12U Red,0.5070950259334064,False,False,False
2026-05-26,Wethersfield 12U A,Connecticut Valley Youth Lacrosse,Connecticut Valley Youth Lacrosse,Wethersfield 12U A,0.5798266235468682,Wethersfield 12U A,0.5400621281293423,Wethersfield 12U A,0.5381908861380202,False,False,False
2026-05-26,Connecticut Valley Youth Lacrosse,South Windsor 12U,Connecticut Valley Youth Lacrosse,South Windsor 12U,0.5445077921870095,South Windsor 12U,0.5136231998085794,South Windsor 12U,0.5168022085496994,False,False,False
2026-05-26,Connecticut Valley Youth Lacrosse,Agawam 12U,Agawam 12U,Connecticut Valley Youth Lacrosse,0.6119086136061413,Connecticut Valley Youth Lacrosse,0.613689962832542,Connecticut Valley Youth Lacrosse,0.6129113119124141,False,False,False
2026-05-26,Connecticut Valley Youth Lacrosse,RHAM 12U,RHAM 12U,RHAM 12U,0.7054295430158092,RHAM 12U,0.7048081772056025,RHAM 12U,0.7025204501590638,True,True,True
2026-05-26,Connecticut Valley Youth Lacrosse,Belchertown 12U,Belchertown 12U,Belchertown 12U,0.539646754777598,Connecticut Valley Youth Lacrosse,0.5254877174615614,Connecticut Valley Youth Lacrosse,0.5217298923949719,True,False,False
2026-05-26,Northampton 12U,Connecticut Valley Youth Lacrosse,Connecticut Valley Youth Lacrosse,Connecticut Valley Youth Lacrosse,0.615404650614058,Connecticut Valley Youth Lacrosse,0.640892427132628,Connecticut Valley Youth Lacrosse,0.6414864994469822,True,True,True
2026-05-26,South Hadley 12U,Connecticut Valley Youth Lacrosse,Connecticut Valley Youth Lacrosse,Connecticut Valley Youth Lacrosse,0.7205480138795048,Connecticut Valley Youth Lacrosse,0.7476012257585416,Connecticut Valley Youth Lacrosse,0.7477211914557689,True,True,True
2026-05-27,Minnechaug 12U White,Connecticut Valley Youth Lacrosse,Minnechaug 12U White,Minnechaug 12U White,0.6057586169781662,Minnechaug 12U White,0.587524616250932,Minnechaug 12U White,0.5844179911421161,True,True,True
2026-05-27,Minnechaug 12U,Connecticut Valley Youth Lacrosse,Minnechaug 12U,Minnechaug 12U,0.6511689166418455,Minnechaug 12U,0.6418322852691155,Minnechaug 12U,0.6382475858166312,True,True,True
2026-05-27,Colchester 12U,Connecticut Valley Youth Lacrosse,Connecticut Valley Youth Lacrosse,Colchester 12U,0.5554705225352512,Colchester 12U,0.5182987957824463,Colchester 12U,0.5175084880076759,False,False,False
2026-05-27,Connecticut Valley Youth Lacrosse,West Springfield 12U,Connecticut Valley Youth Lacrosse,West Springfield 12U,0.6891493919973837,West Springfield 12U,0.668609437861416,West Springfield 12U,0.6686911037953845,False,False,False
2026-05-27,Westfield 12U Red,Connecticut Valley Youth Lacrosse,Westfield 12U Red,Westfield 12U Red,0.6922116826163937,Westfield 12U Red,0.7040256451175431,Westfield 12U Red,0.7054941808950947,True,True,True
2026-05-27,Connecticut Valley Youth Lacrosse,Somers 12U White,Connecticut Valley Youth Lacrosse,Somers 12U White,0.5299112096807432,Somers 12U White,0.5176570024330491,Somers 12U White,0.5188572778559515,False,False,False
2026-05-27,Suffield 12U White,Connecticut Valley Youth Lacrosse,Suffield 12U White,Suffield 12U White,0.6144832269845887,Suffield 12U White,0.5800470028902321,Suffield 12U White,0.5789858626228517,True,True,True
2026-05-27,Connecticut Valley Youth Lacrosse,Farmington 12U Black,Connecticut Valley Youth Lacrosse,Connecticut Valley Youth Lacrosse,0.5920926899948368,Connecticut Valley Youth Lacrosse,0.6479208825533233,Connecticut Valley Youth Lacrosse,0.6456993606516335,True,True,True
2026-05-27,Berlin 12U A,Connecticut Valley Youth Lacrosse,Berlin 12U A,Berlin 12U A,0.5049909095145358,Berlin 12U A,0.5079902592217835,Berlin 12U A,0.5133334508439391,True,True,True
2026-05-27,Connecticut Valley Youth Lacrosse,West Hartford 12U White,Connecticut Valley Youth Lacrosse,Connecticut Valley Youth Lacrosse,0.6212701445733702,Connecticut Valley Youth Lacrosse,0.6253865854227734,Connecticut Valley Youth Lacrosse,0.6221771627302202,True,True,True
2026-05-27,Connecticut Valley Youth Lacrosse,South Windsor 12U,South Windsor 12U,Connecticut Valley Youth Lacrosse,0.5353289650279531,Connecticut Valley Youth Lacrosse,0.5237998291514618,Connecticut Valley Youth Lacrosse,0.526226987350029,False,False,False
2026-05-27,Connecticut Valley Youth Lacrosse,Somers 12U Red,Connecticut Valley Youth Lacrosse,Connecticut Valley Youth Lacrosse,0.5034555919895506,Somers 12U Red,0.5000637361876492,Somers 12U Red,0.5000245293651542,True,False,False
2026-05-27,Vernon 12U,Connecticut Valley Youth Lacrosse,Connecticut Valley Youth Lacrosse,Vernon 12U,0.5071517092091589,Vernon 12U,0.5087360111939532,Vernon 12U,0.5183844579533667,False,False,False
2026-05-27,Wolcott 12U,Connecticut Valley Youth Lacrosse,Wolcott 12U,Wolcott 12U,0.5862886009265226,Wolcott 12U,0.6067387774724099,Wolcott 12U,0.6088691909376956,True,True,True
2026-05-27,Connecticut Valley Youth Lacrosse,Longmeadow 12U Black,Connecticut Valley Youth Lacrosse,Connecticut Valley Youth Lacrosse,0.5169209400800061,Connecticut Valley Youth Lacrosse,0.5259224371768053,Connecticut Valley Youth Lacrosse,0.5239519306997475,True,True,True
2026-05-27,Connecticut Valley Youth Lacrosse,West Hartford 12U Green,West Hartford 12U Green,West Hartford 12U Green,0.5399649589766446,West Hartford 12U Green,0.5987187994371916,West Hartford 12U Green,0.5927743383230006,True,True,True
2026-05-27,Connecticut Valley Youth Lacrosse,Bristol 12U,Connecticut Valley Youth Lacrosse,Connecticut Valley Youth Lacrosse,0.6222281631843045,Connecticut Valley Youth Lacrosse,0.596175419631878,Connecticut Valley Youth Lacrosse,0.5952709394571082,True,True,True
2026-05-28,Connecticut Valley Youth Lacrosse,Bristol 12U,Connecticut Valley Youth Lacrosse,Connecticut Valley Youth Lacrosse,0.6423109593737953,Connecticut Valley Youth Lacrosse,0.5945330573519466,Connecticut Valley Youth Lacrosse,0.5930931632490757,True,True,True
2026-05-28,Longmeadow 12U Black,Connecticut Valley Youth Lacrosse,Longmeadow 12U Black,Connecticut Valley Youth Lacrosse,0.6117682811166603,Connecticut Valley Youth Lacrosse,0.5611583357029981,Connecticut Valley Youth Lacrosse,0.562502706416519,False,False,False
2026-05-28,Connecticut Valley Youth Lacrosse,Agawam 12U,Connecticut Valley Youth Lacrosse,Connecticut Valley Youth Lacrosse,0.5902203215710087,Connecticut Valley Youth Lacrosse,0.5770847945333877,Connecticut Valley Youth Lacrosse,0.5710579988059266,True,True,True
2026-05-28,West Hartford 12U Gold,Connecticut Valley Youth Lacrosse,West Hartford 12U Gold,West Hartford 12U Gold,0.6741167179861647,West Hartford 12U Gold,0.7155804162545741,West Hartford 12U Gold,0.7123631299898777,True,True,True
2026-05-29,Suffield 12U,Connecticut Valley Youth Lacrosse,Suffield 12U,Suffield 12U,0.6653627016436092,Suffield 12U,0.7005941412179901,Suffield 12U,0.7027519229619801,True,True,True
2026-05-29,Glastonbury 12U Blue,Connecticut Valley Youth Lacrosse,Glastonbury 12U Blue,Connecticut Valley Youth Lacrosse,0.6372091837176914,Connecticut Valley Youth Lacrosse,0.6040540606972473,Connecticut Valley Youth Lacrosse,0.6039824168619492,False,False,False
2026-05-29,Connecticut Valley Youth Lacrosse,Meriden 12U,Meriden 12U,Connecticut Valley Youth Lacrosse,0.5001999915394733,Connecticut Valley Youth Lacrosse,0.5291388510025044,Connecticut Valley Youth Lacrosse,0.5214668089182394,False,False,False
2026-05-29,Middletown 12U,Connecticut Valley Youth Lacrosse,Connecticut Valley Youth Lacrosse,Connecticut Valley Youth Lacrosse,0.5606425405543918,Connecticut Valley Youth Lacrosse,0.6260068056415935,Connecticut Valley Youth Lacrosse,0.6273617090355579,True,True,True
2026-05-29,Connecticut Valley Youth Lacrosse,Simsbury 12U Blue,Connecticut Valley Youth Lacrosse,Connecticut Valley Youth Lacrosse,0.567822834047467,Connecticut Valley Youth Lacrosse,0.6048923748244184,Connecticut Valley Youth Lacrosse,0.6029580977105325,True,True,True
2026-05-29,Connecticut Valley Youth Lacrosse,Simsbury 12U A,Connecticut Valley Youth Lacrosse,Connecticut Valley Youth Lacrosse,0.6766720425244546,Connecticut Valley Youth Lacrosse,0.7080116932240834,Connecticut Valley Youth Lacrosse,0.7113938389092128,True,True,True
2026-05-30,Southington 12U White,Wolcott 12U,Wolcott 12U,Wolcott 12U,0.7208634028097205,Wolcott 12U,0.7239978479509294,Wolcott 12U,0.7318072643963638,True,True,True
2026-05-30,Southington 12U White,Connecticut Valley Youth Lacrosse,Connecticut Valley Youth Lacrosse,Connecticut Valley Youth Lacrosse,0.6257296397897623,Connecticut Valley Youth Lacrosse,0.6253422006364535,Connecticut Valley Youth Lacrosse,0.631094732805515,True,True,True
2026-05-30,Connecticut Valley Youth Lacrosse,Avon 12U,Connecticut Valley Youth Lacrosse,Avon 12U,0.51324614861085,Avon 12U,0.5690696895144638,Avon 12U,0.5707683344562888,False,False,False
2026-05-30,Granby 12U,Connecticut Valley Youth Lacrosse,Granby 12U,Connecticut Valley Youth Lacrosse,0.6404567327997019,Connecticut Valley Youth Lacrosse,0.6089520028190598,Connecticut Valley Youth Lacrosse,0.6056104597373404,False,False,False
2026-05-31,Bristol 12U,Connecticut Valley Youth Lacrosse,Bristol 12U,Connecticut Valley Youth Lacrosse,0.6673291223282224,Connecticut Valley Youth Lacrosse,0.6175192351225153,Connecticut Valley Youth Lacrosse,0.6189353778743001,False,False,False
2026-05-31,Connecticut Valley Youth Lacrosse,West Hartford 12U White,Connecticut Valley Youth Lacrosse,Connecticut Valley Youth Lacrosse,0.6519687381212612,Connecticut Valley Youth Lacrosse,0.6476390746945129,Connecticut Valley Youth Lacrosse,0.6472746227459786,True,True,True
2026-06-01,Connecticut Valley Youth Lacrosse,Simsbury,Connecticut Valley Youth Lacrosse,Connecticut Valley Youth Lacrosse,0.5261504968748241,Connecticut Valley Youth Lacrosse,0.5075476033027781,Connecticut Valley Youth Lacrosse,0.5076160168784499,True,True,True
2026-06-01,Connecticut Valley Youth Lacrosse,Glastonbury 12U Blue,Connecticut Valley Youth Lacrosse,Connecticut Valley Youth Lacrosse,0.634351291657133,Connecticut Valley Youth Lacrosse,0.571533066724827,Connecticut Valley Youth Lacrosse,0.5669936844504296,True,True,True
2026-06-01,East Longmeadow 12U White,Connecticut Valley Youth Lacrosse,East Longmeadow 12U White,Connecticut Valley Youth Lacrosse,0.641220465453359,Connecticut Valley Youth Lacrosse,0.5894658842240971,Connecticut Valley Youth Lacrosse,0.5931821217594883,False,False,False
2026-06-02,Connecticut Valley Youth Lacrosse,Granby 12U,Connecticut Valley Youth Lacrosse,Connecticut Valley Youth Lacrosse,0.5945438106617603,Connecticut Valley Youth Lacrosse,0.5966916477072748,Connecticut Valley Youth Lacrosse,0.5911903084541533,True,True,True
2026-06-02,Southington 12U White,West Hartford 12U White,Southington 12U White,Southington 12U White,0.5230296195293278,Southington 12U White,0.5081847106200307,West Hartford 12U White,0.5003292602225932,True,True,False
2026-06-02,Southington 12U White,Connecticut Valley Youth Lacrosse,Southington 12U White,Connecticut Valley Youth Lacrosse,0.64715736625708,Connecticut Valley Youth Lacrosse,0.624306183231357,Connecticut Valley Youth Lacrosse,0.628879526611278,False,False,False
2026-06-02,Bristol 12U,Connecticut Valley Youth Lacrosse,Bristol 12U,Connecticut Valley Youth Lacrosse,0.6136077670364872,Connecticut Valley Youth Lacrosse,0.6014793740570605,Connecticut Valley Youth Lacrosse,0.6005073601645838,False,False,False
2026-06-03,Meriden 12U,Connecticut Valley Youth Lacrosse,Meriden 12U,Meriden 12U,0.5151480782403683,Connecticut Valley Youth Lacrosse,0.5094857269076021,Connecticut Valley Youth Lacrosse,0.5000492709124649,True,False,False
2026-06-03,Connecticut Valley Youth Lacrosse,Simsbury 14U Blue,Connecticut Valley Youth Lacrosse,Simsbury 14U Blue,0.5477679390705225,Connecticut Valley Youth Lacrosse,0.5061894527244145,Connecticut Valley Youth Lacrosse,0.5060481487083519,False,True,True
2026-06-03,Connecticut Valley Youth Lacrosse,Wethersfield 12U B,Wethersfield 12U B,Wethersfield 12U B,0.5475914825119612,Wethersfield 12U B,0.5161080045886989,Wethersfield 12U B,0.5182758455789266,True,True,True
2026-06-03,Connecticut Valley Youth Lacrosse,Southington 12U Blue,Southington 12U Blue,Southington 12U Blue,0.5446262476055097,Southington 12U Blue,0.5142841941926641,Southington 12U Blue,0.5080519186833066,True,True,True
2026-06-03,Ellington 12U,Connecticut Valley Youth Lacrosse,Ellington 12U,Ellington 12U,0.5755497948765869,Connecticut Valley Youth Lacrosse,0.5308296082492328,Connecticut Valley Youth Lacrosse,0.5150340817901948,True,False,False
2026-06-03,Connecticut Valley Youth Lacrosse,West Hartford Green,Connecticut Valley Youth Lacrosse,West Hartford Green,0.5825799599556218,Connecticut Valley Youth Lacrosse,0.5054738889938952,Connecticut Valley Youth Lacrosse,0.5052250780427919,False,True,True
2026-06-03,Connecticut Valley Youth Lacrosse,Vernon 12U,Connecticut Valley Youth Lacrosse,Vernon 12U,0.5684883172160675,Vernon 12U,0.5040184186613945,Vernon 12U,0.511646625405831,False,False,False
2026-06-03,South Windsor 12U,Connecticut Valley Youth Lacrosse,Connecticut Valley Youth Lacrosse,South Windsor 12U,0.5644669116757502,South Windsor 12U,0.5115220108763279,South Windsor 12U,0.5138737112155327,False,False,False
2026-06-03,Connecticut Valley Youth Lacrosse,Northampton 12U,Connecticut Valley Youth Lacrosse,Connecticut Valley Youth Lacrosse,0.6633900738463054,Connecticut Valley Youth Lacrosse,0.6408663633532529,Connecticut Valley Youth Lacrosse,0.6408395940713416,True,True,True
2026-06-03,Connecticut Valley Youth Lacrosse,Middletown 12U,Connecticut Valley Youth Lacrosse,Connecticut Valley Youth Lacrosse,0.6530886422235512,Connecticut Valley Youth Lacrosse,0.6406053867631885,Connecticut Valley Youth Lacrosse,0.6431255096741311,True,True,True
2026-06-03,South Hadley 12U,Connecticut Valley Youth Lacrosse,South Hadley 12U,Connecticut Valley Youth Lacrosse,0.786557632792731,Connecticut Valley Youth Lacrosse,0.7593715552971219,Connecticut Valley Youth Lacrosse,0.7602368881241292,False,False,False
2026-06-03,Avon 12U B,Connecticut Valley Youth Lacrosse,Connecticut Valley Youth Lacrosse,Avon 12U B,0.5845082517607036,Avon 12U B,0.5695167328882329,Avon 12U B,0.5717807763937339,False,False,False
2026-06-04,Connecticut Valley Youth Lacrosse,Tolland,Connecticut Valley Youth Lacrosse,Connecticut Valley Youth Lacrosse,0.510457271883801,Connecticut Valley Youth Lacrosse,0.5079060761254849,Connecticut Valley Youth Lacrosse,0.508025577574719,True,True,True
2026-06-04,Connecticut Valley Youth Lacrosse,Berlin 12U A,Connecticut Valley Youth Lacrosse,Connecticut Valley Youth Lacrosse,0.5045864641280726,Berlin 12U A,0.5096042571376287,Berlin 12U A,0.5141704826003859,True,False,False
2026-06-04,Wolcott 12U,Connecticut Valley Youth Lacrosse,Wolcott 12U,Wolcott 12U,0.5970729274395445,Wolcott 12U,0.6414653542227983,Wolcott 12U,0.6474114415978989,True,True,True
2026-06-06,Connecticut Valley Youth Lacrosse,Wolcott 12U,Connecticut Valley Youth Lacrosse,Wolcott 12U,0.6360996404311163,Wolcott 12U,0.649227507108495,Wolcott 12U,0.6555514872362214,False,False,False
2026-06-06,Ellington 12U,Connecticut Valley Youth Lacrosse,Ellington 12U,Connecticut Valley Youth Lacrosse,0.5499082426901375,Connecticut Valley Youth Lacrosse,0.5216462362764711,Connecticut Valley Youth Lacrosse,0.5060520521338097,False,False,False
