total_games,elo_accuracy,power_v2_accuracy,hybrid_accuracy,elo_brier_score,power_v2_brier_score,hybrid_brier_score
133,0.6766917293233082,0.6992481203007519,0.6992481203007519,0.21805185245390907,0.20750685624379173,0.21502867170288076
