total_predictions,accuracy,average_confidence,brier_score
166,0.6987951807228916,0.551517762574049,0.21351401097905337
