bucket,games,average_predicted_probability,actual_win_rate,calibration_gap
50-55%,79,0.5180212942319479,0.5822784810126582,0.06425718678071035
55-60%,53,0.574190673593692,0.7169811320754716,0.14279045848177963
60-65%,21,0.6246735995089099,0.9047619047619048,0.2800883052529949
65-70%,16,0.6737295444973441,0.9375,0.2637704555026559
70-75%,7,0.726382151864799,1.0,0.27361784813520096
75%+,4,0.7901190955531524,1.0,0.2098809044468476
