total_games,elo_accuracy,power_v2_accuracy,power_v3_recency_accuracy,elo_brier_score,power_v2_brier_score,power_v3_recency_brier_score
215,0.7069767441860465,0.7302325581395349,0.7395348837209302,0.20562825082897696,0.19520922863155443,0.195429803488998
