bucket,games,average_predicted_probability,actual_win_rate,calibration_gap
50-55%,84,0.5179095814581985,0.5833333333333334,0.06542375187513483
55-60%,42,0.573224445534269,0.6904761904761905,0.11725174494192148
60-65%,44,0.6223757657811202,0.7727272727272727,0.1503515069461525
65-70%,23,0.6790079399855294,0.9130434782608695,0.23403553827534007
70-75%,21,0.7330445376896849,0.9047619047619048,0.17171736707221985
75%+,20,0.8030750117137544,1.0,0.1969249882862456
