bucket,games,average_predicted_probability,actual_win_rate,calibration_gap
50-55%,69,0.5168781332993065,0.5797101449275363,0.06283201162822971
55-60%,42,0.573573910584072,0.6904761904761905,0.11690227989211843
60-65%,40,0.6218167722070066,0.75,0.1281832277929934
65-70%,14,0.6734170366914664,0.9285714285714286,0.25515439187996225
70-75%,21,0.7254266581633229,0.9523809523809523,0.22695429421762947
75%+,16,0.8015448050947623,1.0,0.19845519490523766
