total_games,elo_accuracy,power_v2_accuracy,hybrid_accuracy,elo_brier_score,power_v2_brier_score,hybrid_brier_score
225,0.7155555555555555,0.7377777777777778,0.7288888888888889,0.20489029922066662,0.19500402135687753,0.20371478144588068
