bucket,games,average_predicted_probability,actual_win_rate,calibration_gap
50-55%,80,0.5178868023890809,0.575,0.05711319761091904
55-60%,55,0.5741541264003377,0.7272727272727273,0.1531186008723896
60-65%,22,0.6236345903908231,0.9090909090909091,0.2854563187000859
65-70%,16,0.6737295444973441,0.9375,0.2637704555026559
70-75%,7,0.7264549910929681,1.0,0.27354500890703193
75%+,6,0.7915162176491736,1.0,0.20848378235082643
