bucket,games,average_predicted_probability,actual_win_rate,calibration_gap
50-55%,62,0.516850024215432,0.5645161290322581,0.047666104816826094
55-60%,31,0.5747929424023432,0.7096774193548387,0.1348844769524955
60-65%,16,0.6224666717598935,0.6875,0.06503332824010655
65-70%,13,0.6713919724969337,1.0,0.3286080275030663
70-75%,9,0.7243356929928767,0.8888888888888888,0.16455319589601214
75%+,8,0.7985396474687012,1.0,0.2014603525312988
