total_games,elo_accuracy,power_v2_accuracy,hybrid_accuracy,elo_brier_score,power_v2_brier_score,hybrid_brier_score
184,0.6956521739130435,0.7065217391304348,0.7119565217391305,0.20971927496863912,0.1989778185603836,0.20716147962954995
