bucket,games,average_predicted_probability,actual_win_rate,calibration_gap
50-55%,67,0.516732636997815,0.5671641791044776,0.050431542106662564
55-60%,42,0.5752035586250746,0.7380952380952381,0.1628916794701636
60-65%,33,0.6219956253181443,0.696969696969697,0.07497407165155268
65-70%,15,0.6713897476608257,0.9333333333333333,0.26194358567250764
70-75%,15,0.7223334123554108,0.9333333333333333,0.21099992097792253
75%+,14,0.8075855862129195,1.0,0.19241441378708046
