total_predictions,accuracy,average_confidence,brier_score
225,0.7155555555555555,0.5675100559883499,0.20489029922066662
