total_games,elo_accuracy,power_v2_accuracy,power_v3_recency_accuracy,elo_brier_score,power_v2_brier_score,power_v3_recency_brier_score
171,0.7017543859649122,0.7134502923976608,0.7251461988304093,0.21183417564786833,0.20080292930319504,0.2012715851408333
