total_predictions,accuracy,average_confidence,brier_score
133,0.6766917293233082,0.5476494242986107,0.21805185245390904
