bucket,games,average_predicted_probability,actual_win_rate,calibration_gap
50-55%,79,0.5180213504992466,0.5822784810126582,0.06425713051341164
55-60%,52,0.5745145210545465,0.7307692307692307,0.15625470971468425
60-65%,21,0.6246747554532218,0.9047619047619048,0.28008714930868295
65-70%,16,0.6737295444973441,0.9375,0.2637704555026559
70-75%,6,0.7278634051343738,1.0,0.27213659486562625
75%+,4,0.7901190955531524,1.0,0.2098809044468476
