total_predictions,accuracy,average_confidence,brier_score
161,0.6894409937888198,0.5504941045209121,0.21472982779492947
