total_games,elo_accuracy,power_v2_accuracy,power_v3_recency_accuracy,elo_brier_score,power_v2_brier_score,power_v3_recency_brier_score
139,0.6690647482014388,0.6906474820143885,0.697841726618705,0.2177123087848649,0.20706675284042966,0.2074309478839996
