total_predictions,accuracy,average_confidence,brier_score
178,0.6966292134831461,0.555934970613323,0.21132976525261343
