bucket,games,average_predicted_probability,actual_win_rate,calibration_gap
50-55%,65,0.5165683782264258,0.5692307692307692,0.052662391004343445
55-60%,34,0.575848262446611,0.7058823529411765,0.1300340904945655
60-65%,23,0.6237650929800731,0.7391304347826086,0.11536534180253555
65-70%,14,0.6712941804427789,0.9285714285714286,0.2572772481286497
70-75%,12,0.72317552668205,0.9166666666666666,0.19349113998461664
75%+,8,0.8049036683828068,1.0,0.1950963316171932
