total_games,elo_accuracy,power_v2_accuracy,power_v3_recency_accuracy,elo_brier_score,power_v2_brier_score,power_v3_recency_brier_score
221,0.7149321266968326,0.7420814479638009,0.7420814479638009,0.20432041153169173,0.19395988807690953,0.19421730862099676
