total_games,elo_accuracy,power_v2_accuracy,power_v3_recency_accuracy,elo_brier_score,power_v2_brier_score,power_v3_recency_brier_score
225,0.7155555555555555,0.7377777777777778,0.7422222222222222,0.20489029922066662,0.19500402135687753,0.19529120154795962
