total_predictions,accuracy,average_confidence,brier_score
229,0.7205240174672489,0.5675463214725017,0.2046228408549831
