total_predictions,accuracy,average_confidence,brier_score
137,0.6715328467153284,0.5471084905314381,0.21719258903336938
