total_predictions,accuracy,average_confidence,brier_score
169,0.6982248520710059,0.552470715138237,0.21347873172017703
