total_games,elo_accuracy,power_v2_accuracy,power_v3_recency_accuracy,elo_brier_score,power_v2_brier_score,power_v3_recency_brier_score
170,0.7,0.711764705882353,0.7235294117647059,0.21252031417514985,0.20150811429056983,0.2019641653619219
