bucket,games,average_predicted_probability,actual_win_rate,calibration_gap
50-55%,68,0.5169428307606815,0.5735294117647058,0.05658658100402436
55-60%,41,0.5741332764029031,0.7073170731707317,0.13318379676782854
60-65%,40,0.622352612385607,0.75,0.12764738761439298
65-70%,14,0.6734161819683303,0.9285714285714286,0.2551552466030983
70-75%,21,0.725393926681023,0.9523809523809523,0.22698702569992935
75%+,16,0.8015227662952296,1.0,0.19847723370477044
