total_predictions,accuracy,average_confidence,brier_score
186,0.6989247311827957,0.5592647310084028,0.2090947118960118
