total_games,elo_accuracy,power_v2_accuracy,hybrid_accuracy,elo_brier_score,power_v2_brier_score,hybrid_brier_score
214,0.705607476635514,0.7289719626168224,0.7242990654205608,0.20636045367715944,0.19587705545252374,0.20464360288727845
