total_predictions,accuracy,average_confidence,brier_score
221,0.7149321266968326,0.5668008303239349,0.20432041153169173
