bucket,games,average_predicted_probability,actual_win_rate,calibration_gap
50-55%,78,0.5177068555539643,0.5769230769230769,0.05921622136911253
55-60%,51,0.5743120833352588,0.7254901960784313,0.1511781127431725
60-65%,18,0.6234603178076952,0.9444444444444444,0.32098412663674925
65-70%,16,0.6737295444973441,0.9375,0.2637704555026559
70-75%,6,0.7276336417179287,1.0,0.27236635828207134
75%+,4,0.7901190955531524,1.0,0.2098809044468476
