total_predictions,accuracy,average_confidence,brier_score
180,0.6944444444444444,0.5564128027485514,0.2113975703530081
