total_games,elo_accuracy,power_v2_accuracy,power_v3_recency_accuracy,elo_brier_score,power_v2_brier_score,power_v3_recency_brier_score
173,0.6936416184971098,0.7052023121387283,0.7167630057803468,0.21328969078158475,0.2023898413071812,0.20288387015786477
