bucket,games,average_predicted_probability,actual_win_rate,calibration_gap
50-55%,62,0.5168417671698339,0.5645161290322581,0.04767436186242424
55-60%,30,0.5743892626809,0.7333333333333333,0.15894407065243332
60-65%,15,0.622471364793877,0.6666666666666666,0.04419530187278964
65-70%,13,0.6713896307468625,1.0,0.32861036925313747
70-75%,9,0.7243394709598561,0.8888888888888888,0.16454941792903277
75%+,8,0.7985324451549489,1.0,0.20146755484505108
