total_games,elo_accuracy,power_v2_accuracy,power_v3_recency_accuracy,elo_brier_score,power_v2_brier_score,power_v3_recency_brier_score
234,0.7136752136752137,0.7307692307692307,0.7350427350427351,0.20477041496961826,0.19562792320326383,0.19591223648827483
