total_predictions,accuracy,average_confidence,brier_score
236,0.711864406779661,0.5676620832708968,0.20555301605506696
