total_predictions,accuracy,average_confidence,brier_score
149,0.6845637583892618,0.5487378520148422,0.21696889552261356
