total_predictions,accuracy,average_confidence,brier_score
147,0.6802721088435374,0.5478246783339996,0.2178439304932277
