total_games,elo_accuracy,power_v2_accuracy,hybrid_accuracy,elo_brier_score,power_v2_brier_score,hybrid_brier_score
216,0.7083333333333334,0.7314814814814815,0.7268518518518519,0.2055423906132061,0.1950756778469982,0.20394711123906387
