total_games,elo_accuracy,power_v2_accuracy,power_v3_recency_accuracy,elo_brier_score,power_v2_brier_score,power_v3_recency_brier_score
237,0.7130801687763713,0.729957805907173,0.7341772151898734,0.20526117381210723,0.19642126143067337,0.19670678091243585
