bucket,games,average_predicted_probability,actual_win_rate,calibration_gap
50-55%,70,0.516878732922882,0.5714285714285714,0.054549838505689396
55-60%,43,0.5731427332691557,0.6976744186046512,0.12453168533549552
60-65%,42,0.6210740744062055,0.7619047619047619,0.14083068749855632
65-70%,16,0.6759801880934606,0.9375,0.2615198119065394
70-75%,21,0.7272097857609497,0.9523809523809523,0.22517116662000258
75%+,16,0.8012023178713189,1.0,0.1987976821286811
