total_games,elo_accuracy,power_v2_accuracy,hybrid_accuracy,elo_brier_score,power_v2_brier_score,hybrid_brier_score
186,0.6989247311827957,0.7096774193548387,0.7150537634408602,0.2090947118960118,0.19867682075595622,0.20688995520406106
