total_games,elo_accuracy,power_v2_accuracy,hybrid_accuracy,elo_brier_score,power_v2_brier_score,hybrid_brier_score
229,0.7205240174672489,0.7379912663755459,0.7292576419213974,0.2046228408549831,0.19523707791900932,0.2038555300855883
