bucket,games,average_predicted_probability,actual_win_rate,calibration_gap
50-55%,76,0.5172774578962267,0.5657894736842105,0.04851201578798381
55-60%,41,0.5741000105095926,0.7317073170731707,0.15760730656357813
60-65%,19,0.6255105925287021,0.9473684210526315,0.3218578285239294
65-70%,13,0.674769969453921,0.9230769230769231,0.24830695362300215
70-75%,4,0.7314554399731201,1.0,0.2685445600268799
75%+,3,0.7794995463243727,1.0,0.22050045367562732
