bucket,games,average_predicted_probability,actual_win_rate,calibration_gap
50-55%,90,0.5179305643874291,0.5888888888888889,0.07095832450145978
55-60%,59,0.5755107711820269,0.7457627118644068,0.17025194068237992
60-65%,28,0.6242117422625766,0.8928571428571429,0.2686454005945663
65-70%,24,0.6774904007776211,0.9583333333333334,0.28084293255571224
70-75%,8,0.7281939741369927,1.0,0.2718060258630073
75%+,7,0.7946886817320511,1.0,0.2053113182679489
