bucket,games,average_predicted_probability,actual_win_rate,calibration_gap
50-55%,75,0.5169837240434468,0.56,0.04301627595655322
55-60%,40,0.5727287446507916,0.75,0.1772712553492084
60-65%,17,0.6221842905157358,0.9411764705882353,0.3189921800724995
65-70%,14,0.6738156017558449,0.9285714285714286,0.25475582681558373
70-75%,4,0.7316637782470495,1.0,0.26833622175295047
75%+,3,0.7795006010891709,1.0,0.22049939891082915
