bucket,games,average_predicted_probability,actual_win_rate,calibration_gap
50-55%,93,0.5175897543621177,0.5913978494623656,0.07380809510024788
55-60%,59,0.5751118736921862,0.7457627118644068,0.1706508381722206
60-65%,30,0.6231358821780304,0.9,0.2768641178219696
65-70%,26,0.6776888317584839,0.9230769230769231,0.2453880913184392
70-75%,9,0.7256707793927081,1.0,0.2743292206072919
75%+,8,0.802260515194171,1.0,0.19773948480582904
