total_predictions,accuracy,average_confidence,brier_score
208,0.7115384615384616,0.5637495483406681,0.20533726264567256
