bucket,games,average_predicted_probability,actual_win_rate,calibration_gap
50-55%,66,0.5168499931324134,0.5757575757575758,0.05890758262516238
55-60%,39,0.574086450476687,0.7435897435897436,0.16950329311305656
60-65%,32,0.621567400795954,0.6875,0.06593259920404604
65-70%,15,0.671366367111435,0.9333333333333333,0.2619669662218983
70-75%,15,0.7223334123554108,0.9333333333333333,0.21099992097792253
75%+,11,0.8044075041737561,1.0,0.19559249582624394
