total_predictions,accuracy,average_confidence,brier_score
135,0.674074074074074,0.5471461706117818,0.21856351856027542
