bucket,games,average_predicted_probability,actual_win_rate,calibration_gap
50-55%,101,0.5182126331548969,0.5742574257425742,0.05604479258767736
55-60%,59,0.57515953945221,0.7457627118644068,0.1706031724121968
60-65%,33,0.6238570738430855,0.8787878787878788,0.25493080494479325
65-70%,28,0.6791011438668823,0.9285714285714286,0.24947028470454635
70-75%,10,0.7255625751779549,1.0,0.27443742482204514
75%+,8,0.8021148709866199,1.0,0.19788512901338007
