game_id,team,opponent,points_for,points_against,win,game_date,season,division,status,pregame_elo,opponent_pregame_elo,postgame_elo
854cb0a420e3e87e,Burlington 12U,Connecticut Valley Youth Lacrosse,9,2,True,2026-04-04,2026,U12 Boys,completed,1500.0,1500.0,1517.6752531042787
854cb0a420e3e87e,Connecticut Valley Youth Lacrosse,Burlington 12U,2,9,False,2026-04-04,2026,U12 Boys,completed,1500.0,1500.0,1482.3247468957213
b9eb8fd793ea9472,Connecticut Valley Youth Lacrosse,Meriden 12U,9,2,True,2026-04-04,2026,U12 Boys,completed,1482.3247468957213,1500.0,1501.054507820566
b9eb8fd793ea9472,Meriden 12U,Connecticut Valley Youth Lacrosse,2,9,False,2026-04-04,2026,U12 Boys,completed,1500.0,1482.3247468957213,1481.2702390751554
1a4c5eeb8d2b43c1,Connecticut Valley Youth Lacrosse,Farmington 12U Black,13,4,True,2026-04-06,2026,U12 Boys,completed,1501.054507820566,1500.0,1520.8801139411842
1a4c5eeb8d2b43c1,Farmington 12U Black,Connecticut Valley Youth Lacrosse,4,13,False,2026-04-06,2026,U12 Boys,completed,1500.0,1501.054507820566,1480.1743938793818
4151a96de41b9e06,Burlington 12U,Connecticut Valley Youth Lacrosse,13,4,True,2026-04-06,2026,U12 Boys,completed,1517.6752531042787,1520.8801139411842,1537.8824209096213
4151a96de41b9e06,Connecticut Valley Youth Lacrosse,Burlington 12U,4,13,False,2026-04-06,2026,U12 Boys,completed,1520.8801139411842,1517.6752531042787,1500.6729461358416
729e4a2ff513fa40,Connecticut Valley Youth Lacrosse,West Hartford 12U Gold,2,15,False,2026-04-09,2026,U12 Boys,completed,1500.6729461358416,1500.0,1477.53646826684
729e4a2ff513fa40,West Hartford 12U Gold,Connecticut Valley Youth Lacrosse,15,2,True,2026-04-09,2026,U12 Boys,completed,1500.0,1500.6729461358416,1523.1364778690015
8eff7c54188d90c9,Connecticut Valley Youth Lacrosse,Westfield 12U Black,4,2,True,2026-04-09,2026,U12 Boys,completed,1477.53646826684,1500.0,1487.8284600414604
8eff7c54188d90c9,Westfield 12U Black,Connecticut Valley Youth Lacrosse,2,4,False,2026-04-09,2026,U12 Boys,completed,1500.0,1477.53646826684,1489.7080082253797
ba0b3e32aed538e5,Connecticut Valley Youth Lacrosse,Ellington 12U,15,2,True,2026-04-09,2026,U12 Boys,completed,1487.8284600414604,1500.0,1511.99148444332
ba0b3e32aed538e5,Ellington 12U,Connecticut Valley Youth Lacrosse,2,15,False,2026-04-09,2026,U12 Boys,completed,1500.0,1487.8284600414604,1475.8369755981405
f39f8d39b2a31436,Connecticut Valley Youth Lacrosse,Suffield 12U White,2,4,False,2026-04-09,2026,U12 Boys,completed,1511.99148444332,1500.0,1501.8891285589912
f39f8d39b2a31436,Suffield 12U White,Connecticut Valley Youth Lacrosse,4,2,True,2026-04-09,2026,U12 Boys,completed,1500.0,1511.99148444332,1510.1023558843287
36c329bf225a8a70,Connecticut Valley Youth Lacrosse,Westfield 12U Red,0,14,False,2026-04-10,2026,U12 Boys,completed,1501.8891285589912,1500.0,1477.5786404317987
36c329bf225a8a70,Westfield 12U Red,Connecticut Valley Youth Lacrosse,14,0,True,2026-04-10,2026,U12 Boys,completed,1500.0,1501.8891285589912,1524.3104881271925
c5f90e5b1e1540af,Connecticut Valley Youth Lacrosse,East Longmeadow 12U A,14,0,True,2026-04-10,2026,U12 Boys,completed,1477.5786404317987,1500.0,1503.4223619082256
c5f90e5b1e1540af,East Longmeadow 12U A,Connecticut Valley Youth Lacrosse,0,14,False,2026-04-10,2026,U12 Boys,completed,1500.0,1477.5786404317987,1474.156278523573
1602d8344539e8a3,Connecticut Valley Youth Lacrosse,Minnechaug 12U White,5,5,False,2026-04-11,2026,U12 Boys,completed,1503.4223619082256,1500.0,1503.3337116309162
1602d8344539e8a3,Minnechaug 12U White,Connecticut Valley Youth Lacrosse,5,5,False,2026-04-11,2026,U12 Boys,completed,1500.0,1503.4223619082256,1500.0886502773094
34c5af1157c3fd13,Connecticut Valley Youth Lacrosse,Meriden 12U,4,2,True,2026-04-11,2026,U12 Boys,completed,1503.3337116309162,1481.2702390751554,1512.627362236138
34c5af1157c3fd13,Meriden 12U,Connecticut Valley Youth Lacrosse,2,4,False,2026-04-11,2026,U12 Boys,completed,1481.2702390751554,1503.3337116309162,1471.9765884699336
4ddca04c0f49d47c,Minnechaug 12U,South Hadley 12U,20,3,True,2026-04-11,2026,U12 Boys,completed,1500.0,1500.0,1526.193994055934
4ddca04c0f49d47c,South Hadley 12U,Minnechaug 12U,3,20,False,2026-04-11,2026,U12 Boys,completed,1500.0,1500.0,1473.806005944066
540d2d8f0c3cf8cb,Connecticut Valley Youth Lacrosse,Westfield 12U Black,5,5,False,2026-04-11,2026,U12 Boys,completed,1512.627362236138,1489.7080082253797,1512.0285287755175
540d2d8f0c3cf8cb,Westfield 12U Black,Connecticut Valley Youth Lacrosse,5,5,False,2026-04-11,2026,U12 Boys,completed,1489.7080082253797,1512.627362236138,1490.306841686
5f32622b84b09838,Connecticut Valley Youth Lacrosse,Minnechaug 12U,3,20,False,2026-04-11,2026,U12 Boys,completed,1512.0285287755175,1526.193994055934,1486.7490111129287
5f32622b84b09838,Minnechaug 12U,Connecticut Valley Youth Lacrosse,20,3,True,2026-04-11,2026,U12 Boys,completed,1526.193994055934,1512.0285287755175,1551.4735117185228
773d1a4ca4c750bb,Connecticut Valley Youth Lacrosse,Newington 12U,2,4,False,2026-04-11,2026,U12 Boys,completed,1486.7490111129287,1500.0,1477.0874598750706
773d1a4ca4c750bb,Newington 12U,Connecticut Valley Youth Lacrosse,4,2,True,2026-04-11,2026,U12 Boys,completed,1500.0,1486.7490111129287,1509.661551237858
52ef78622739b7a7,Connecticut Valley Youth Lacrosse,Northampton 12U,10,6,True,2026-04-12,2026,U12 Boys,completed,1477.0874598750706,1500.0,1492.8121694743563
52ef78622739b7a7,Northampton 12U,Connecticut Valley Youth Lacrosse,6,10,False,2026-04-12,2026,U12 Boys,completed,1500.0,1477.0874598750706,1484.2752904007143
5ee6b94c1912f763,Connecticut Valley Youth Lacrosse,East Longmeadow 12U White,6,10,False,2026-04-12,2026,U12 Boys,completed,1492.8121694743563,1500.0,1478.328663620071
5ee6b94c1912f763,East Longmeadow 12U White,Connecticut Valley Youth Lacrosse,10,6,True,2026-04-12,2026,U12 Boys,completed,1500.0,1492.8121694743563,1514.4835058542853
07d8018206c7ea62,Minnechaug 12U,Westfield 12U Red,2,6,False,2026-04-13,2026,U12 Boys,completed,1551.4735117185228,1524.3104881271925,1535.493152903977
07d8018206c7ea62,Westfield 12U Red,Minnechaug 12U,6,2,True,2026-04-13,2026,U12 Boys,completed,1524.3104881271925,1551.4735117185228,1540.2908469417382
bda7a40de134d301,Connecticut Valley Youth Lacrosse,Minnechaug 12U,6,2,True,2026-04-13,2026,U12 Boys,completed,1478.328663620071,1535.493152903977,1495.6075470817225
bda7a40de134d301,Minnechaug 12U,Connecticut Valley Youth Lacrosse,2,6,False,2026-04-13,2026,U12 Boys,completed,1535.493152903977,1478.328663620071,1518.2142694423255
58740d76179979fc,Connecticut Valley Youth Lacrosse,East Longmeadow 12U A,6,11,False,2026-04-14,2026,U12 Boys,completed,1495.6075470817225,1474.156278523573,1478.011777008093
58740d76179979fc,East Longmeadow 12U A,Connecticut Valley Youth Lacrosse,11,6,True,2026-04-14,2026,U12 Boys,completed,1474.156278523573,1495.6075470817225,1491.7520485972025
7c487185eddaa50e,Connecticut Valley Youth Lacrosse,South Hadley 12U,11,6,True,2026-04-14,2026,U12 Boys,completed,1478.011777008093,1473.806005944066,1494.4173126771855
7c487185eddaa50e,South Hadley 12U,Connecticut Valley Youth Lacrosse,6,11,False,2026-04-14,2026,U12 Boys,completed,1473.806005944066,1478.011777008093,1457.4004702749737
172087de9d23ab6e,Connecticut Valley Youth Lacrosse,Wolcott 12U,4,9,False,2026-04-15,2026,U12 Boys,completed,1494.4173126771855,1500.0,1478.0468632252669
172087de9d23ab6e,Wolcott 12U,Connecticut Valley Youth Lacrosse,9,4,True,2026-04-15,2026,U12 Boys,completed,1500.0,1494.4173126771855,1516.3704494519186
2ec2b47ed2187cdf,Connecticut Valley Youth Lacrosse,Westfield 12U Red,3,10,False,2026-04-15,2026,U12 Boys,completed,1478.0468632252669,1540.2908469417382,1462.1320789600775
2ec2b47ed2187cdf,Westfield 12U Red,Connecticut Valley Youth Lacrosse,10,3,True,2026-04-15,2026,U12 Boys,completed,1540.2908469417382,1478.0468632252669,1556.2056312069276
3f91756fb0e9ceef,Connecticut Valley Youth Lacrosse,Newington 12U,9,4,True,2026-04-15,2026,U12 Boys,completed,1462.1320789600775,1509.661551237858,1481.09789558322
3f91756fb0e9ceef,Newington 12U,Connecticut Valley Youth Lacrosse,4,9,False,2026-04-15,2026,U12 Boys,completed,1509.661551237858,1462.1320789600775,1490.6957346147155
42e31f30a58f246f,Agawam 12U,Connecticut Valley Youth Lacrosse,3,10,False,2026-04-15,2026,U12 Boys,completed,1500.0,1481.09789558322,1479.537027835991
42e31f30a58f246f,Connecticut Valley Youth Lacrosse,Agawam 12U,10,3,True,2026-04-15,2026,U12 Boys,completed,1481.09789558322,1500.0,1501.560867747229
6b430695a3a2d201,Connecticut Valley Youth Lacrosse,Northampton 12U,8,5,True,2026-04-15,2026,U12 Boys,completed,1501.560867747229,1484.2752904007143,1513.875511043656
6b430695a3a2d201,Northampton 12U,Connecticut Valley Youth Lacrosse,5,8,False,2026-04-15,2026,U12 Boys,completed,1484.2752904007143,1501.560867747229,1471.9606471042873
7d9f576570a7f3f7,Connecticut Valley Youth Lacrosse,Granby 12U,7,1,True,2026-04-15,2026,U12 Boys,completed,1513.875511043656,1500.0,1531.3653964549603
7d9f576570a7f3f7,Granby 12U,Connecticut Valley Youth Lacrosse,1,7,False,2026-04-15,2026,U12 Boys,completed,1500.0,1513.875511043656,1482.5101145886956
c7729aa8d5238fc4,Connecticut Valley Youth Lacrosse,Westfield 12U Black,5,8,False,2026-04-15,2026,U12 Boys,completed,1531.3653964549603,1490.306841686,1516.8401211130004
c7729aa8d5238fc4,Westfield 12U Black,Connecticut Valley Youth Lacrosse,8,5,True,2026-04-15,2026,U12 Boys,completed,1490.306841686,1531.3653964549603,1504.83211702796
f821152d4a7d3066,Connecticut Valley Youth Lacrosse,Somers Juniors,1,8,False,2026-04-15,2026,U12 Boys,completed,1516.8401211130004,1500.0,1496.3733812087685
f821152d4a7d3066,Somers Juniors,Connecticut Valley Youth Lacrosse,8,1,True,2026-04-15,2026,U12 Boys,completed,1500.0,1516.8401211130004,1520.4667399042319
362d6eb16fd2c3b9,Connecticut Valley Youth Lacrosse,East Longmeadow 12U A,7,10,False,2026-04-16,2026,U12 Boys,completed,1496.3733812087685,1491.7520485972025,1483.168893437004
362d6eb16fd2c3b9,East Longmeadow 12U A,Connecticut Valley Youth Lacrosse,10,7,True,2026-04-16,2026,U12 Boys,completed,1491.7520485972025,1496.3733812087685,1504.956536368967
608404c5544321c3,Connecticut Valley Youth Lacrosse,Northampton 12U,10,7,True,2026-04-16,2026,U12 Boys,completed,1483.168893437004,1471.9606471042873,1495.7956051072504
608404c5544321c3,Northampton 12U,Connecticut Valley Youth Lacrosse,7,10,False,2026-04-16,2026,U12 Boys,completed,1471.9606471042873,1483.168893437004,1459.333935434041
6e1e022892b1b5e6,Bristol 12U,Connecticut Valley Youth Lacrosse,1,14,False,2026-04-16,2026,U12 Boys,completed,1500.0,1495.7956051072504,1474.831040810364
6e1e022892b1b5e6,Connecticut Valley Youth Lacrosse,Bristol 12U,14,1,True,2026-04-16,2026,U12 Boys,completed,1495.7956051072504,1500.0,1520.9645642968865
ec637184f11d203b,Connecticut Valley Youth Lacrosse,Southington 12U Blue,1,14,False,2026-04-16,2026,U12 Boys,completed,1520.9645642968865,1500.0,1494.567325166744
ec637184f11d203b,Southington 12U Blue,Connecticut Valley Youth Lacrosse,14,1,True,2026-04-16,2026,U12 Boys,completed,1500.0,1520.9645642968865,1526.3972391301425
0e50ca430ed8c0bb,Connecticut Valley Youth Lacrosse,Somers 12U Red,4,3,True,2026-04-17,2026,U12 Boys,completed,1494.567325166744,1500.0,1504.159435585959
0e50ca430ed8c0bb,Somers 12U Red,Connecticut Valley Youth Lacrosse,3,4,False,2026-04-17,2026,U12 Boys,completed,1500.0,1494.567325166744,1490.407889580785
372ce7c402f73233,Belchertown 12U,Connecticut Valley Youth Lacrosse,3,8,False,2026-04-17,2026,U12 Boys,completed,1500.0,1504.159435585959,1483.2625248110155
372ce7c402f73233,Connecticut Valley Youth Lacrosse,Belchertown 12U,8,3,True,2026-04-17,2026,U12 Boys,completed,1504.159435585959,1500.0,1520.8969107749435
3edbbdb8add73e9f,Agawam 12U,Minnechaug 12U,2,11,False,2026-04-17,2026,U12 Boys,completed,1479.537027835991,1518.2142694423255,1460.1606988131884
3edbbdb8add73e9f,Minnechaug 12U,Agawam 12U,11,2,True,2026-04-17,2026,U12 Boys,completed,1518.2142694423255,1479.537027835991,1537.590598465128
b92cf45e6bb281f6,Connecticut Valley Youth Lacrosse,Westfield 12U Black,3,4,False,2026-04-17,2026,U12 Boys,completed,1520.8969107749435,1504.83211702796,1510.9854924328242
b92cf45e6bb281f6,Westfield 12U Black,Connecticut Valley Youth Lacrosse,4,3,True,2026-04-17,2026,U12 Boys,completed,1504.83211702796,1520.8969107749435,1514.7435353700794
d4c08072b854220f,Belchertown 12U,Minnechaug 12U White,3,8,False,2026-04-17,2026,U12 Boys,completed,1483.2625248110155,1500.0886502773094,1467.0939162840311
d4c08072b854220f,Minnechaug 12U White,Belchertown 12U,8,3,True,2026-04-17,2026,U12 Boys,completed,1500.0886502773094,1483.2625248110155,1516.2572588042938
e5a6bc6a79dfa164,Connecticut Valley Youth Lacrosse,Minnechaug 12U,2,11,False,2026-04-17,2026,U12 Boys,completed,1510.9854924328242,1537.590598465128,1490.8007482589987
e5a6bc6a79dfa164,Minnechaug 12U,Connecticut Valley Youth Lacrosse,11,2,True,2026-04-17,2026,U12 Boys,completed,1537.590598465128,1510.9854924328242,1557.7753426389536
d3f7f8200927d90c,Connecticut Valley Youth Lacrosse,Meriden 12U,6,3,True,2026-04-18,2026,U12 Boys,completed,1490.8007482589987,1471.9765884699336,1503.2576987214927
d3f7f8200927d90c,Meriden 12U,Connecticut Valley Youth Lacrosse,3,6,False,2026-04-18,2026,U12 Boys,completed,1471.9765884699336,1490.8007482589987,1459.5196380074397
f00e7622dcb450c8,Connecticut Valley Youth Lacrosse,Wolcott 12U,3,6,False,2026-04-18,2026,U12 Boys,completed,1503.2576987214927,1516.3704494519186,1490.5737802834535
f00e7622dcb450c8,Wolcott 12U,Connecticut Valley Youth Lacrosse,6,3,True,2026-04-18,2026,U12 Boys,completed,1516.3704494519186,1503.2576987214927,1529.0543678899578
51cb1b6a16077c16,Bristol 12U,Connecticut Valley Youth Lacrosse,1,0,True,2026-04-19,2026,U12 Boys,completed,1474.831040810364,1490.5737802834535,1484.7780626616993
51cb1b6a16077c16,Connecticut Valley Youth Lacrosse,Bristol 12U,0,1,False,2026-04-19,2026,U12 Boys,completed,1490.5737802834535,1474.831040810364,1480.626758432118
788c5b36a285a6f0,Connecticut Valley Youth Lacrosse,Middletown 12U,1,0,True,2026-04-19,2026,U12 Boys,completed,1480.626758432118,1500.0,1490.6810722606479
788c5b36a285a6f0,Middletown 12U,Connecticut Valley Youth Lacrosse,0,1,False,2026-04-19,2026,U12 Boys,completed,1500.0,1480.626758432118,1489.9456861714702
954ea13285e14129,Connecticut Valley Youth Lacrosse,Somers 12U Red,4,5,False,2026-04-19,2026,U12 Boys,completed,1490.6810722606479,1490.407889580785,1481.1423280027498
954ea13285e14129,Somers 12U Red,Connecticut Valley Youth Lacrosse,5,4,True,2026-04-19,2026,U12 Boys,completed,1490.407889580785,1490.6810722606479,1499.946633838683
ebd50b96acfcd536,Connecticut Valley Youth Lacrosse,Simsbury 12U Blue,5,4,True,2026-04-19,2026,U12 Boys,completed,1481.1423280027498,1500.0,1491.1979983738108
ebd50b96acfcd536,Simsbury 12U Blue,Connecticut Valley Youth Lacrosse,4,5,False,2026-04-19,2026,U12 Boys,completed,1500.0,1481.1423280027498,1489.944329628939
1332e78837015747,Connecticut Valley Youth Lacrosse,Suffield 12U,0,13,False,2026-04-20,2026,U12 Boys,completed,1491.1979983738108,1500.0,1466.6450538966287
1332e78837015747,Suffield 12U,Connecticut Valley Youth Lacrosse,13,0,True,2026-04-20,2026,U12 Boys,completed,1500.0,1491.1979983738108,1524.552944477182
5305622defff6c20,Connecticut Valley Youth Lacrosse,Southington 12U Blue,7,6,True,2026-04-20,2026,U12 Boys,completed,1466.6450538966287,1526.3972391301425,1477.8240854027513
5305622defff6c20,Southington 12U Blue,Connecticut Valley Youth Lacrosse,6,7,False,2026-04-20,2026,U12 Boys,completed,1526.3972391301425,1466.6450538966287,1515.21820762402
82a5ff26c55cfe6c,Connecticut Valley Youth Lacrosse,South Windsor 12U,6,7,False,2026-04-20,2026,U12 Boys,completed,1477.8240854027513,1500.0,1468.8745496745064
82a5ff26c55cfe6c,South Windsor 12U,Connecticut Valley Youth Lacrosse,7,6,True,2026-04-20,2026,U12 Boys,completed,1500.0,1477.8240854027513,1508.9495357282449
cb71933c6e72bcec,Connecticut Valley Youth Lacrosse,Somers 12U White,13,0,True,2026-04-20,2026,U12 Boys,completed,1468.8745496745064,1500.0,1496.373115938052
cb71933c6e72bcec,Somers 12U White,Connecticut Valley Youth Lacrosse,0,13,False,2026-04-20,2026,U12 Boys,completed,1500.0,1468.8745496745064,1472.5014337364544
25153c51b785cbbb,Connecticut Valley Youth Lacrosse,Simsbury 12U Blue,6,4,True,2026-04-21,2026,U12 Boys,completed,1496.373115938052,1489.944329628939,1506.693857176713
25153c51b785cbbb,Simsbury 12U Blue,Connecticut Valley Youth Lacrosse,4,6,False,2026-04-21,2026,U12 Boys,completed,1489.944329628939,1496.373115938052,1479.623588390278
47ac37a8843ccf36,Connecticut Valley Youth Lacrosse,East Longmeadow 12U White,9,3,True,2026-04-21,2026,U12 Boys,completed,1506.693857176713,1514.4835058542853,1525.7485197570552
47ac37a8843ccf36,East Longmeadow 12U White,Connecticut Valley Youth Lacrosse,3,9,False,2026-04-21,2026,U12 Boys,completed,1514.4835058542853,1506.693857176713,1495.4288432739431
6524b1e0579aa42d,Connecticut Valley Youth Lacrosse,Wethersfield 12U B,4,6,False,2026-04-21,2026,U12 Boys,completed,1525.7485197570552,1500.0,1514.441317926465
6524b1e0579aa42d,Wethersfield 12U B,Connecticut Valley Youth Lacrosse,6,4,True,2026-04-21,2026,U12 Boys,completed,1500.0,1525.7485197570552,1511.3072018305902
69e8bf9de794a958,Connecticut Valley Youth Lacrosse,West Springfield 12U,3,4,False,2026-04-21,2026,U12 Boys,completed,1514.441317926465,1500.0,1504.4539333596922
69e8bf9de794a958,West Springfield 12U,Connecticut Valley Youth Lacrosse,4,3,True,2026-04-21,2026,U12 Boys,completed,1500.0,1514.441317926465,1509.9873845667728
7736c96fcd703c4d,Connecticut Valley Youth Lacrosse,Suffield 12U White,3,9,False,2026-04-21,2026,U12 Boys,completed,1504.4539333596922,1510.1023558843287,1486.087218090264
7736c96fcd703c4d,Suffield 12U White,Connecticut Valley Youth Lacrosse,9,3,True,2026-04-21,2026,U12 Boys,completed,1510.1023558843287,1504.4539333596922,1528.4690711537569
474c49190e5856bd,Connecticut Valley Youth Lacrosse,Vernon 12U,10,2,True,2026-04-22,2026,U12 Boys,completed,1486.087218090264,1500.0,1508.0247895124435
474c49190e5856bd,Vernon 12U,Connecticut Valley Youth Lacrosse,2,10,False,2026-04-22,2026,U12 Boys,completed,1500.0,1486.087218090264,1478.0624285778206
51db3be9e2e6b22f,Connecticut Valley Youth Lacrosse,Southington 12U Blue,3,9,False,2026-04-22,2026,U12 Boys,completed,1508.0247895124435,1515.21820762402,1489.7207392048952
51db3be9e2e6b22f,Southington 12U Blue,Connecticut Valley Youth Lacrosse,9,3,True,2026-04-22,2026,U12 Boys,completed,1515.21820762402,1508.0247895124435,1533.5222579315682
5c211eb83d0befc8,Connecticut Valley Youth Lacrosse,Farmington 12U Red,7,0,True,2026-04-22,2026,U12 Boys,completed,1489.7207392048952,1500.0,1510.2960657771941
5c211eb83d0befc8,Farmington 12U Red,Connecticut Valley Youth Lacrosse,0,7,False,2026-04-22,2026,U12 Boys,completed,1500.0,1489.7207392048952,1479.424673427701
68fbcf66d7b120ad,Connecticut Valley Youth Lacrosse,West Hartford 12U Green,0,7,False,2026-04-22,2026,U12 Boys,completed,1510.2960657771941,1500.0,1489.709078902852
68fbcf66d7b120ad,West Hartford 12U Green,Connecticut Valley Youth Lacrosse,7,0,True,2026-04-22,2026,U12 Boys,completed,1500.0,1510.2960657771941,1520.586986874342
6ba833ad530b3d8d,Connecticut Valley Youth Lacrosse,RHAM 12U,2,10,False,2026-04-22,2026,U12 Boys,completed,1489.709078902852,1500.0,1469.197135134376
6ba833ad530b3d8d,RHAM 12U,Connecticut Valley Youth Lacrosse,10,2,True,2026-04-22,2026,U12 Boys,completed,1500.0,1489.709078902852,1520.5119437684762
ad6f3cf22ac05e18,Connecticut Valley Youth Lacrosse,Suffield 12U,1,12,False,2026-04-22,2026,U12 Boys,completed,1469.197135134376,1524.552944477182,1449.0586439684855
ad6f3cf22ac05e18,Suffield 12U,Connecticut Valley Youth Lacrosse,12,1,True,2026-04-22,2026,U12 Boys,completed,1524.552944477182,1469.197135134376,1544.6914356430725
d047cf94f598c393,Connecticut Valley Youth Lacrosse,Wolcott 12U,9,3,True,2026-04-22,2026,U12 Boys,completed,1449.0586439684855,1529.0543678899578,1472.036823810288
d047cf94f598c393,Wolcott 12U,Connecticut Valley Youth Lacrosse,3,9,False,2026-04-22,2026,U12 Boys,completed,1529.0543678899578,1449.0586439684855,1506.0761880481552
df1810c987b55a87,Connecticut Valley Youth Lacrosse,Newington 12U,7,1,True,2026-04-22,2026,U12 Boys,completed,1472.036823810288,1490.6957346147155,1491.7898512643778
df1810c987b55a87,Newington 12U,Connecticut Valley Youth Lacrosse,1,7,False,2026-04-22,2026,U12 Boys,completed,1490.6957346147155,1472.036823810288,1470.9427071606258
e7bf1f825cc3bfdc,Connecticut Valley Youth Lacrosse,West Hartford 12U White,6,2,True,2026-04-22,2026,U12 Boys,completed,1491.7898512643778,1500.0,1507.669012628819
e7bf1f825cc3bfdc,West Hartford 12U White,Connecticut Valley Youth Lacrosse,2,6,False,2026-04-22,2026,U12 Boys,completed,1500.0,1491.7898512643778,1484.1208386355588
f1a3f1d86f407361,Connecticut Valley Youth Lacrosse,Glastonbury 12U Blue,2,6,False,2026-04-22,2026,U12 Boys,completed,1507.669012628819,1500.0,1491.8069217068214
f1a3f1d86f407361,Glastonbury 12U Blue,Connecticut Valley Youth Lacrosse,6,2,True,2026-04-22,2026,U12 Boys,completed,1500.0,1507.669012628819,1515.8620909219976
f855a6a4a17b66cf,Connecticut Valley Youth Lacrosse,South Windsor 12U,12,1,True,2026-04-22,2026,U12 Boys,completed,1491.8069217068214,1508.9495357282449,1516.960793735029
f855a6a4a17b66cf,South Windsor 12U,Connecticut Valley Youth Lacrosse,1,12,False,2026-04-22,2026,U12 Boys,completed,1508.9495357282449,1491.8069217068214,1483.7956637000373
0da91d456ea3f936,Connecticut Valley Youth Lacrosse,West Hartford 12U Gold,0,16,False,2026-04-23,2026,U12 Boys,completed,1516.960793735029,1523.1364778690015,1490.1029767575262
0da91d456ea3f936,West Hartford 12U Gold,Connecticut Valley Youth Lacrosse,16,0,True,2026-04-23,2026,U12 Boys,completed,1523.1364778690015,1516.960793735029,1549.9942948465043
16fd11ae9cfb3461,Connecticut Valley Youth Lacrosse,Suffield 12U,0,14,False,2026-04-23,2026,U12 Boys,completed,1490.1029767575262,1544.6914356430725,1468.0309326160639
16fd11ae9cfb3461,Suffield 12U,Connecticut Valley Youth Lacrosse,14,0,True,2026-04-23,2026,U12 Boys,completed,1544.6914356430725,1490.1029767575262,1566.7634797845349
d1cb6d2833d694cf,Connecticut Valley Youth Lacrosse,Ellington 12U,14,0,True,2026-04-23,2026,U12 Boys,completed,1468.0309326160639,1475.8369755981405,1494.7758285912919
d1cb6d2833d694cf,Ellington 12U,Connecticut Valley Youth Lacrosse,0,14,False,2026-04-23,2026,U12 Boys,completed,1475.8369755981405,1468.0309326160639,1449.0920796229125
f5cad7308dbba4a2,Connecticut Valley Youth Lacrosse,Farmington 12U Black,16,0,True,2026-04-23,2026,U12 Boys,completed,1494.7758285912919,1480.1743938793818,1521.0030640323364
f5cad7308dbba4a2,Farmington 12U Black,Connecticut Valley Youth Lacrosse,0,16,False,2026-04-23,2026,U12 Boys,completed,1480.1743938793818,1494.7758285912919,1453.9471584383373
133573704b969964,Connecticut Valley Youth Lacrosse,Wethersfield 12U A,9,11,False,2026-04-24,2026,U12 Boys,completed,1521.0030640323364,1500.0,1509.741934225542
133573704b969964,Wethersfield 12U A,Connecticut Valley Youth Lacrosse,11,9,True,2026-04-24,2026,U12 Boys,completed,1500.0,1521.0030640323364,1511.2611298067943
1ab4c600a6ec71ac,Bristol 12U,Connecticut Valley Youth Lacrosse,7,2,True,2026-04-24,2026,U12 Boys,completed,1484.7780626616993,1509.741934225542,1503.3477986378273
1ab4c600a6ec71ac,Connecticut Valley Youth Lacrosse,Bristol 12U,2,7,False,2026-04-24,2026,U12 Boys,completed,1509.741934225542,1484.7780626616993,1491.1721982494141
1f7c914ea1d90df6,Connecticut Valley Youth Lacrosse,Southington 12U White,7,2,True,2026-04-24,2026,U12 Boys,completed,1491.1721982494141,1500.0,1508.9458418300374
1f7c914ea1d90df6,Southington 12U White,Connecticut Valley Youth Lacrosse,2,7,False,2026-04-24,2026,U12 Boys,completed,1500.0,1491.1721982494141,1482.2263564193768
2397240b2a85900b,Colchester 12U,Connecticut Valley Youth Lacrosse,4,2,True,2026-04-24,2026,U12 Boys,completed,1500.0,1508.9458418300374,1510.9054193308345
2397240b2a85900b,Connecticut Valley Youth Lacrosse,Colchester 12U,2,4,False,2026-04-24,2026,U12 Boys,completed,1508.9458418300374,1500.0,1498.0404224992028
381752ac51671dc0,Berlin 12U A,Connecticut Valley Youth Lacrosse,2,4,False,2026-04-24,2026,U12 Boys,completed,1500.0,1498.0404224992028,1489.304513212707
381752ac51671dc0,Connecticut Valley Youth Lacrosse,Berlin 12U A,4,2,True,2026-04-24,2026,U12 Boys,completed,1498.0404224992028,1500.0,1508.7359092864958
393c69edbece1ade,Connecticut Valley Youth Lacrosse,Wolcott 12U,2,4,False,2026-04-24,2026,U12 Boys,completed,1508.7359092864958,1506.0761880481552,1498.015272048885
393c69edbece1ade,Wolcott 12U,Connecticut Valley Youth Lacrosse,4,2,True,2026-04-24,2026,U12 Boys,completed,1506.0761880481552,1508.7359092864958,1516.796825285766
6ceb06b7607eee26,Connecticut Valley Youth Lacrosse,Simsbury 12U A,11,9,True,2026-04-24,2026,U12 Boys,completed,1498.015272048885,1500.0,1508.7188750328737
6ceb06b7607eee26,Simsbury 12U A,Connecticut Valley Youth Lacrosse,9,11,False,2026-04-24,2026,U12 Boys,completed,1500.0,1498.015272048885,1489.2963970160113
7475f9d1d0db638b,Connecticut Valley Youth Lacrosse,Middletown 12U,4,2,True,2026-04-24,2026,U12 Boys,completed,1508.7188750328737,1489.9456861714702,1518.7905199252968
7475f9d1d0db638b,Middletown 12U,Connecticut Valley Youth Lacrosse,2,4,False,2026-04-24,2026,U12 Boys,completed,1489.9456861714702,1508.7188750328737,1479.874041279047
1e5f270c6d498aef,Connecticut Valley Youth Lacrosse,Minnechaug 12U White,2,9,False,2026-04-25,2026,U12 Boys,completed,1518.7905199252968,1516.2572588042938,1498.4856936721537
1e5f270c6d498aef,Minnechaug 12U White,Connecticut Valley Youth Lacrosse,9,2,True,2026-04-25,2026,U12 Boys,completed,1516.2572588042938,1518.7905199252968,1536.562085057437
4bb4ddedc35c9847,Connecticut Valley Youth Lacrosse,Westfield 12U Black,9,2,True,2026-04-25,2026,U12 Boys,completed,1498.4856936721537,1514.7435353700794,1519.5928511600237
4bb4ddedc35c9847,Westfield 12U Black,Connecticut Valley Youth Lacrosse,2,9,False,2026-04-25,2026,U12 Boys,completed,1514.7435353700794,1498.4856936721537,1493.6363778822094
6648fb04f0447740,Connecticut Valley Youth Lacrosse,Vernon 12U,7,5,True,2026-04-25,2026,U12 Boys,completed,1519.5928511600237,1478.0624285778206,1528.9816023296603
6648fb04f0447740,Vernon 12U,Connecticut Valley Youth Lacrosse,5,7,False,2026-04-25,2026,U12 Boys,completed,1478.0624285778206,1519.5928511600237,1468.673677408184
825beccb6712c484,Connecticut Valley Youth Lacrosse,Suffield Juniors 1 Blue,0,13,False,2026-04-25,2026,U12 Boys,completed,1528.9816023296603,1500.0,1501.2438460979831
825beccb6712c484,Suffield Juniors 1 Blue,Connecticut Valley Youth Lacrosse,13,0,True,2026-04-25,2026,U12 Boys,completed,1500.0,1528.9816023296603,1527.7377562316772
838de0821326515d,Connecticut Valley Youth Lacrosse,Newington 12U,17,1,True,2026-04-25,2026,U12 Boys,completed,1501.2438460979831,1470.9427071606258,1526.350468795666
838de0821326515d,Newington 12U,Connecticut Valley Youth Lacrosse,1,17,False,2026-04-25,2026,U12 Boys,completed,1470.9427071606258,1501.2438460979831,1445.8360844629428
83d9947254e82c62,Avon 12U B,Connecticut Valley Youth Lacrosse,4,1,True,2026-04-25,2026,U12 Boys,completed,1500.0,1526.350468795666,1514.4779961291288
83d9947254e82c62,Connecticut Valley Youth Lacrosse,Avon 12U B,1,4,False,2026-04-25,2026,U12 Boys,completed,1526.350468795666,1500.0,1511.8724726665373
9541dfa02af1b28d,Connecticut Valley Youth Lacrosse,Simsbury 12U Blue,6,3,True,2026-04-25,2026,U12 Boys,completed,1511.8724726665373,1479.623588390278,1524.0894630686992
9541dfa02af1b28d,Simsbury 12U Blue,Connecticut Valley Youth Lacrosse,3,6,False,2026-04-25,2026,U12 Boys,completed,1479.623588390278,1511.8724726665373,1467.4065979881161
b457480f351df8db,Connecticut Valley Youth Lacrosse,West Hartford 12U White,4,1,True,2026-04-25,2026,U12 Boys,completed,1524.0894630686992,1484.1208386355588,1536.0139073108971
b457480f351df8db,West Hartford 12U White,Connecticut Valley Youth Lacrosse,1,4,False,2026-04-25,2026,U12 Boys,completed,1484.1208386355588,1524.0894630686992,1472.1963943933608
c22adc06944f3384,Connecticut Valley Youth Lacrosse,West Hartford 12U Gold,1,17,False,2026-04-25,2026,U12 Boys,completed,1536.0139073108971,1549.9942948465043,1509.5908143743648
c22adc06944f3384,West Hartford 12U Gold,Connecticut Valley Youth Lacrosse,17,1,True,2026-04-25,2026,U12 Boys,completed,1549.9942948465043,1536.0139073108971,1576.4173877830367
de94ff18146e8f6d,Connecticut Valley Youth Lacrosse,Suffield 12U White,3,6,False,2026-04-25,2026,U12 Boys,completed,1509.5908143743648,1528.4690711537569,1496.8479691819082
de94ff18146e8f6d,Suffield 12U White,Connecticut Valley Youth Lacrosse,6,3,True,2026-04-25,2026,U12 Boys,completed,1528.4690711537569,1509.5908143743648,1541.2119163462135
f078c9d87ef0a804,Connecticut Valley Youth Lacrosse,Ellington 12U,5,7,False,2026-04-25,2026,U12 Boys,completed,1496.8479691819082,1449.0920796229125,1484.7080692208242
f078c9d87ef0a804,Ellington 12U,Connecticut Valley Youth Lacrosse,7,5,True,2026-04-25,2026,U12 Boys,completed,1449.0920796229125,1496.8479691819082,1461.2319795839965
f70dc207bd2e269d,Connecticut Valley Youth Lacrosse,Southington 12U Blue,8,3,True,2026-04-25,2026,U12 Boys,completed,1484.7080692208242,1533.5222579315682,1504.5646464387278
f70dc207bd2e269d,Southington 12U Blue,Connecticut Valley Youth Lacrosse,3,8,False,2026-04-25,2026,U12 Boys,completed,1533.5222579315682,1484.7080692208242,1513.6656807136646
f954d75740877c34,Avon 12U,Connecticut Valley Youth Lacrosse,8,3,True,2026-04-25,2026,U12 Boys,completed,1500.0,1504.5646464387278,1517.6579030588541
f954d75740877c34,Connecticut Valley Youth Lacrosse,Avon 12U,3,8,False,2026-04-25,2026,U12 Boys,completed,1504.5646464387278,1500.0,1486.9067433798737
0c59e53e5d0bf7d9,Connecticut Valley Youth Lacrosse,Somers 12U White,5,20,False,2026-04-26,2026,U12 Boys,completed,1486.9067433798737,1472.5014337364544,1458.8123487087528
0c59e53e5d0bf7d9,Somers 12U White,Connecticut Valley Youth Lacrosse,20,5,True,2026-04-26,2026,U12 Boys,completed,1472.5014337364544,1486.9067433798737,1500.5958284075753
1e8bb174812111c1,Connecticut Valley Youth Lacrosse,Simsbury 12U Blue,8,1,True,2026-04-26,2026,U12 Boys,completed,1458.8123487087528,1467.4065979881161,1479.5502664658875
1e8bb174812111c1,Simsbury 12U Blue,Connecticut Valley Youth Lacrosse,1,8,False,2026-04-26,2026,U12 Boys,completed,1467.4065979881161,1458.8123487087528,1446.6686802309814
263cd8599520fc99,Connecticut Valley Youth Lacrosse,Wethersfield 12U B,1,6,False,2026-04-26,2026,U12 Boys,completed,1479.5502664658875,1511.3072018305902,1463.6981917422313
263cd8599520fc99,Wethersfield 12U B,Connecticut Valley Youth Lacrosse,6,1,True,2026-04-26,2026,U12 Boys,completed,1511.3072018305902,1479.5502664658875,1527.1592765542464
28e90486c992c021,Connecticut Valley Youth Lacrosse,Wethersfield 12U A,8,9,False,2026-04-26,2026,U12 Boys,completed,1463.6981917422313,1511.2611298067943,1455.2860305908362
28e90486c992c021,Wethersfield 12U A,Connecticut Valley Youth Lacrosse,9,8,True,2026-04-26,2026,U12 Boys,completed,1511.2611298067943,1463.6981917422313,1519.6732909581895
2fdcce3efd6ffac1,Connecticut Valley Youth Lacrosse,Glastonbury 12U Blue,6,1,True,2026-04-26,2026,U12 Boys,completed,1455.2860305908362,1515.8620909219976,1475.748223309876
2fdcce3efd6ffac1,Glastonbury 12U Blue,Connecticut Valley Youth Lacrosse,1,6,False,2026-04-26,2026,U12 Boys,completed,1515.8620909219976,1455.2860305908362,1495.3998982029577
5cda15f6cc026608,Avon 12U B,Connecticut Valley Youth Lacrosse,4,5,False,2026-04-26,2026,U12 Boys,completed,1514.4779961291288,1475.748223309876,1503.655189306426
5cda15f6cc026608,Connecticut Valley Youth Lacrosse,Avon 12U B,5,4,True,2026-04-26,2026,U12 Boys,completed,1475.748223309876,1514.4779961291288,1486.5710301325787
5d13bbde8362ab40,Connecticut Valley Youth Lacrosse,West Hartford 12U Green,4,5,False,2026-04-26,2026,U12 Boys,completed,1486.5710301325787,1520.586986874342,1477.7783578617577
5d13bbde8362ab40,West Hartford 12U Green,Connecticut Valley Youth Lacrosse,5,4,True,2026-04-26,2026,U12 Boys,completed,1520.586986874342,1486.5710301325787,1529.379659145163
69fc1506845a49ab,Connecticut Valley Youth Lacrosse,Simsbury 12U A,20,5,True,2026-04-26,2026,U12 Boys,completed,1477.7783578617577,1489.2963970160113,1505.6948102383853
69fc1506845a49ab,Simsbury 12U A,Connecticut Valley Youth Lacrosse,5,20,False,2026-04-26,2026,U12 Boys,completed,1489.2963970160113,1477.7783578617577,1461.3799446393837
7645fad7b987c7c4,Connecticut Valley Youth Lacrosse,Glastonbury 12U White,9,8,True,2026-04-26,2026,U12 Boys,completed,1505.6948102383853,1500.0,1515.282946071028
7645fad7b987c7c4,Glastonbury 12U White,Connecticut Valley Youth Lacrosse,8,9,False,2026-04-26,2026,U12 Boys,completed,1500.0,1505.6948102383853,1490.4118641673574
7848a45f0e7eec10,Avon 12U,Connecticut Valley Youth Lacrosse,5,8,False,2026-04-26,2026,U12 Boys,completed,1517.6579030588541,1515.282946071028,1504.0491409549345
7848a45f0e7eec10,Connecticut Valley Youth Lacrosse,Avon 12U,8,5,True,2026-04-26,2026,U12 Boys,completed,1515.282946071028,1517.6579030588541,1528.8917081749476
800374f3f650fabe,Connecticut Valley Youth Lacrosse,Minnechaug 12U White,2,4,False,2026-04-26,2026,U12 Boys,completed,1528.8917081749476,1536.562085057437,1518.4144585891988
800374f3f650fabe,Minnechaug 12U White,Connecticut Valley Youth Lacrosse,4,2,True,2026-04-26,2026,U12 Boys,completed,1536.562085057437,1528.8917081749476,1547.0393346431856
8632a9e427eba57f,Connecticut Valley Youth Lacrosse,Suffield 12U White,4,2,True,2026-04-26,2026,U12 Boys,completed,1518.4144585891988,1541.2119163462135,1529.8325665951622
8632a9e427eba57f,Suffield 12U White,Connecticut Valley Youth Lacrosse,2,4,False,2026-04-26,2026,U12 Boys,completed,1541.2119163462135,1518.4144585891988,1529.79380834025
95fea15e499542c7,Minnechaug 12U,Suffield 12U,6,7,False,2026-04-26,2026,U12 Boys,completed,1557.7753426389536,1566.7634797845349,1548.271578430339
95fea15e499542c7,Suffield 12U,Minnechaug 12U,7,6,True,2026-04-26,2026,U12 Boys,completed,1566.7634797845349,1557.7753426389536,1576.2672439931493
a4b915b854404f6c,Connecticut Valley Youth Lacrosse,Tolland 12U,11,1,True,2026-04-26,2026,U12 Boys,completed,1529.8325665951622,1500.0,1551.2271664375685
a4b915b854404f6c,Tolland 12U,Connecticut Valley Youth Lacrosse,1,11,False,2026-04-26,2026,U12 Boys,completed,1500.0,1529.8325665951622,1478.6054001575937
cd68bd0d0d18ffcf,Connecticut Valley Youth Lacrosse,West Hartford 12U Gold,5,8,False,2026-04-26,2026,U12 Boys,completed,1551.2271664375685,1576.4173877830367,1538.676204493586
cd68bd0d0d18ffcf,West Hartford 12U Gold,Connecticut Valley Youth Lacrosse,8,5,True,2026-04-26,2026,U12 Boys,completed,1576.4173877830367,1551.2271664375685,1588.9683497270191
d43de549f257cb30,Connecticut Valley Youth Lacrosse,Farmington 12U Red,1,8,False,2026-04-26,2026,U12 Boys,completed,1538.676204493586,1479.424673427701,1514.9482328249644
d43de549f257cb30,Farmington 12U Red,Connecticut Valley Youth Lacrosse,8,1,True,2026-04-26,2026,U12 Boys,completed,1479.424673427701,1538.676204493586,1503.1526450963227
e8fa8636180259c4,Connecticut Valley Youth Lacrosse,Minnechaug 12U,7,6,True,2026-04-26,2026,U12 Boys,completed,1514.9482328249644,1548.271578430339,1525.6456178454564
e8fa8636180259c4,Minnechaug 12U,Connecticut Valley Youth Lacrosse,6,7,False,2026-04-26,2026,U12 Boys,completed,1548.271578430339,1514.9482328249644,1537.574193409847
fd741bebc2f3f7a3,Connecticut Valley Youth Lacrosse,RHAM 12U,1,11,False,2026-04-26,2026,U12 Boys,completed,1525.6456178454564,1520.5119437684762,1501.8826905069366
fd741bebc2f3f7a3,RHAM 12U,Connecticut Valley Youth Lacrosse,11,1,True,2026-04-26,2026,U12 Boys,completed,1520.5119437684762,1525.6456178454564,1544.274871106996
036f35fbaa29ecec,Connecticut Valley Youth Lacrosse,Simsbury 12U A,13,9,True,2026-04-27,2026,U12 Boys,completed,1501.8826905069366,1461.3799446393837,1515.7784488549198
036f35fbaa29ecec,Simsbury 12U A,Connecticut Valley Youth Lacrosse,9,13,False,2026-04-27,2026,U12 Boys,completed,1461.3799446393837,1501.8826905069366,1447.4841862914004
2589d952bb384ca7,Longmeadow 12U Black,Minnechaug 12U,2,11,False,2026-04-27,2026,U12 Boys,completed,1500.0,1537.574193409847,1479.9287908963524
2589d952bb384ca7,Minnechaug 12U,Longmeadow 12U Black,11,2,True,2026-04-27,2026,U12 Boys,completed,1537.574193409847,1500.0,1557.6454025134947
45c64dbfd143eef6,Connecticut Valley Youth Lacrosse,Southington 12U White,1,7,False,2026-04-27,2026,U12 Boys,completed,1515.7784488549198,1482.2263564193768,1494.9345181979647
45c64dbfd143eef6,Southington 12U White,Connecticut Valley Youth Lacrosse,7,1,True,2026-04-27,2026,U12 Boys,completed,1482.2263564193768,1515.7784488549198,1503.0702870763319
537718b8a0fedf98,Connecticut Valley Youth Lacrosse,East Longmeadow 12U White,8,8,False,2026-04-27,2026,U12 Boys,completed,1494.9345181979647,1495.4288432739431,1494.948422648439
537718b8a0fedf98,East Longmeadow 12U White,Connecticut Valley Youth Lacrosse,8,8,False,2026-04-27,2026,U12 Boys,completed,1495.4288432739431,1494.9345181979647,1495.414938823469
6ec0ea11cd570bba,Connecticut Valley Youth Lacrosse,West Hartford 12U White,7,1,True,2026-04-27,2026,U12 Boys,completed,1494.948422648439,1472.1963943933608,1512.724826884632
6ec0ea11cd570bba,West Hartford 12U White,Connecticut Valley Youth Lacrosse,1,7,False,2026-04-27,2026,U12 Boys,completed,1472.1963943933608,1494.948422648439,1454.4199901571678
7bd40d5a40b8df2f,Connecticut Valley Youth Lacrosse,Minnechaug 12U,2,11,False,2026-04-27,2026,U12 Boys,completed,1512.724826884632,1557.6454025134947,1493.1087741355223
7bd40d5a40b8df2f,Minnechaug 12U,Connecticut Valley Youth Lacrosse,11,2,True,2026-04-27,2026,U12 Boys,completed,1557.6454025134947,1512.724826884632,1577.2614552626044
9d435bbcafc4e2f0,Connecticut Valley Youth Lacrosse,Westfield 12U Black,8,8,False,2026-04-27,2026,U12 Boys,completed,1493.1087741355223,1493.6363778822094,1493.1236223216015
9d435bbcafc4e2f0,Westfield 12U Black,Connecticut Valley Youth Lacrosse,8,8,False,2026-04-27,2026,U12 Boys,completed,1493.6363778822094,1493.1087741355223,1493.6215296961302
b75e53cb9628aee7,Connecticut Valley Youth Lacrosse,Farmington 12U Black,9,13,False,2026-04-27,2026,U12 Boys,completed,1493.1236223216015,1453.9471584383373,1475.616997047971
b75e53cb9628aee7,Farmington 12U Black,Connecticut Valley Youth Lacrosse,13,9,True,2026-04-27,2026,U12 Boys,completed,1453.9471584383373,1493.1236223216015,1471.4537837119678
e8c5d5cd477ab377,Connecticut Valley Youth Lacrosse,Newington 12U,1,0,True,2026-04-27,2026,U12 Boys,completed,1475.616997047971,1445.8360844629428,1484.5616726750588
e8c5d5cd477ab377,Newington 12U,Connecticut Valley Youth Lacrosse,0,1,False,2026-04-27,2026,U12 Boys,completed,1445.8360844629428,1475.616997047971,1436.891408835855
4b79b06df5378d3b,Belchertown 12U,South Hadley 12U,8,7,True,2026-04-28,2026,U12 Boys,completed,1467.0939162840311,1457.4004702749737,1476.6036611854956
4b79b06df5378d3b,South Hadley 12U,Belchertown 12U,7,8,False,2026-04-28,2026,U12 Boys,completed,1457.4004702749737,1467.0939162840311,1447.8907253735092
4c79e2741c292010,Connecticut Valley Youth Lacrosse,Wolcott 12U,8,7,True,2026-04-28,2026,U12 Boys,completed,1484.5616726750588,1516.796825285766,1495.2510272699897
4c79e2741c292010,Wolcott 12U,Connecticut Valley Youth Lacrosse,7,8,False,2026-04-28,2026,U12 Boys,completed,1516.796825285766,1484.5616726750588,1506.1074706908353
549f17ff616b0fa6,Connecticut Valley Youth Lacrosse,Southington 12U Blue,4,11,False,2026-04-28,2026,U12 Boys,completed,1495.2510272699897,1513.6656807136646,1475.9797184205515
549f17ff616b0fa6,Southington 12U Blue,Connecticut Valley Youth Lacrosse,11,4,True,2026-04-28,2026,U12 Boys,completed,1513.6656807136646,1495.2510272699897,1532.9369895631028
63df081d4a30d36c,Colchester 12U,Connecticut Valley Youth Lacrosse,8,1,True,2026-04-28,2026,U12 Boys,completed,1510.9054193308345,1475.9797184205515,1529.2183962976972
63df081d4a30d36c,Connecticut Valley Youth Lacrosse,Colchester 12U,1,8,False,2026-04-28,2026,U12 Boys,completed,1475.9797184205515,1510.9054193308345,1457.666741453689
6edb9e78e5dd81ab,Connecticut Valley Youth Lacrosse,East Longmeadow 12U A,13,9,True,2026-04-28,2026,U12 Boys,completed,1457.666741453689,1504.956536368967,1475.5522945576952
6edb9e78e5dd81ab,East Longmeadow 12U A,Connecticut Valley Youth Lacrosse,9,13,False,2026-04-28,2026,U12 Boys,completed,1504.956536368967,1457.666741453689,1487.0709832649607
7542f36633203a7b,Connecticut Valley Youth Lacrosse,RHAM 12U,4,13,False,2026-04-28,2026,U12 Boys,completed,1475.5522945576952,1544.274871106996,1457.4111999495478
7542f36633203a7b,RHAM 12U,Connecticut Valley Youth Lacrosse,13,4,True,2026-04-28,2026,U12 Boys,completed,1544.274871106996,1475.5522945576952,1562.4159657151433
877a7fc7ea2b8156,Connecticut Valley Youth Lacrosse,Wethersfield 12U B,13,4,True,2026-04-28,2026,U12 Boys,completed,1457.4111999495478,1527.1592765542464,1484.4236706995268
877a7fc7ea2b8156,Wethersfield 12U B,Connecticut Valley Youth Lacrosse,4,13,False,2026-04-28,2026,U12 Boys,completed,1527.1592765542464,1457.4111999495478,1500.1468058042674
944ab34742bee2d7,Connecticut Valley Youth Lacrosse,West Springfield 12U,0,7,False,2026-04-28,2026,U12 Boys,completed,1484.4236706995268,1509.9873845667728,1465.5551483362358
944ab34742bee2d7,West Springfield 12U,Connecticut Valley Youth Lacrosse,7,0,True,2026-04-28,2026,U12 Boys,completed,1509.9873845667728,1484.4236706995268,1528.8559069300638
a28565cefdc7459a,Connecticut Valley Youth Lacrosse,Glastonbury 12U Blue,8,1,True,2026-04-28,2026,U12 Boys,completed,1465.5551483362358,1495.3998982029577,1487.667529382417
a28565cefdc7459a,Glastonbury 12U Blue,Connecticut Valley Youth Lacrosse,1,8,False,2026-04-28,2026,U12 Boys,completed,1495.3998982029577,1465.5551483362358,1473.2875171567766
a35a2f3421a52731,Connecticut Valley Youth Lacrosse,Northampton 12U,7,0,True,2026-04-28,2026,U12 Boys,completed,1487.667529382417,1459.333935434041,1506.3800520472332
a35a2f3421a52731,Northampton 12U,Connecticut Valley Youth Lacrosse,0,7,False,2026-04-28,2026,U12 Boys,completed,1459.333935434041,1487.667529382417,1440.6214127692247
b9a59e20e3805648,Berlin 12U A,Connecticut Valley Youth Lacrosse,4,11,False,2026-04-28,2026,U12 Boys,completed,1489.304513212707,1506.3800520472332,1469.932075235108
b9a59e20e3805648,Connecticut Valley Youth Lacrosse,Berlin 12U A,11,4,True,2026-04-28,2026,U12 Boys,completed,1506.3800520472332,1489.304513212707,1525.7524900248322
c716182c80ec3869,Belchertown 12U,Connecticut Valley Youth Lacrosse,8,7,True,2026-04-28,2026,U12 Boys,completed,1476.6036611854956,1525.7524900248322,1487.7792809349057
c716182c80ec3869,Connecticut Valley Youth Lacrosse,Belchertown 12U,7,8,False,2026-04-28,2026,U12 Boys,completed,1525.7524900248322,1476.6036611854956,1514.5768702754222
e12ca4e3c486e61d,Agawam 12U,Connecticut Valley Youth Lacrosse,13,9,True,2026-04-28,2026,U12 Boys,completed,1460.1606988131884,1514.5768702754222,1478.3835115316135
e12ca4e3c486e61d,Connecticut Valley Youth Lacrosse,Agawam 12U,9,13,False,2026-04-28,2026,U12 Boys,completed,1514.5768702754222,1460.1606988131884,1496.354057556997
f5ad2812d9c2f135,Burlington 12U,Connecticut Valley Youth Lacrosse,8,7,True,2026-04-28,2026,U12 Boys,completed,1537.8824209096213,1496.354057556997,1546.5177579044428
f5ad2812d9c2f135,Connecticut Valley Youth Lacrosse,Burlington 12U,7,8,False,2026-04-28,2026,U12 Boys,completed,1496.354057556997,1537.8824209096213,1487.7187205621756
03863a1677d1e0e1,Connecticut Valley Youth Lacrosse,Vernon 12U,4,8,False,2026-04-29,2026,U12 Boys,completed,1487.7187205621756,1468.673677408184,1471.078041116288
03863a1677d1e0e1,Vernon 12U,Connecticut Valley Youth Lacrosse,8,4,True,2026-04-29,2026,U12 Boys,completed,1468.673677408184,1487.7187205621756,1485.3143568540715
0c58b4b296027435,Connecticut Valley Youth Lacrosse,Granby 12U,9,3,True,2026-04-29,2026,U12 Boys,completed,1471.078041116288,1482.5101145886956,1490.783095780198
0c58b4b296027435,Granby 12U,Connecticut Valley Youth Lacrosse,3,9,False,2026-04-29,2026,U12 Boys,completed,1482.5101145886956,1471.078041116288,1462.8050599247856
1a8f13f1a13730fc,Belchertown 12U,Connecticut Valley Youth Lacrosse,4,3,True,2026-04-29,2026,U12 Boys,completed,1487.7792809349057,1490.783095780198,1497.6692461468133
1a8f13f1a13730fc,Connecticut Valley Youth Lacrosse,Belchertown 12U,3,4,False,2026-04-29,2026,U12 Boys,completed,1490.783095780198,1487.7792809349057,1480.8931305682904
26bc4565b5f0bef3,Connecticut Valley Youth Lacrosse,West Hartford 12U White,10,6,True,2026-04-29,2026,U12 Boys,completed,1480.8931305682904,1454.4199901571678,1495.4757383681392
26bc4565b5f0bef3,West Hartford 12U White,Connecticut Valley Youth Lacrosse,6,10,False,2026-04-29,2026,U12 Boys,completed,1454.4199901571678,1480.8931305682904,1439.837382357319
3b570a86942a7b0c,Connecticut Valley Youth Lacrosse,South Windsor 12U,3,9,False,2026-04-29,2026,U12 Boys,completed,1495.4757383681392,1483.7956637000373,1475.7494970124358
3b570a86942a7b0c,South Windsor 12U,Connecticut Valley Youth Lacrosse,9,3,True,2026-04-29,2026,U12 Boys,completed,1483.7956637000373,1495.4757383681392,1503.5219050557407
4b441f7bf96de16e,Connecticut Valley Youth Lacrosse,Southington 12U Blue,12,0,True,2026-04-29,2026,U12 Boys,completed,1475.7494970124358,1532.9369895631028,1505.0130788227214
4b441f7bf96de16e,Southington 12U Blue,Connecticut Valley Youth Lacrosse,0,12,False,2026-04-29,2026,U12 Boys,completed,1532.9369895631028,1475.7494970124358,1503.6734077528172
9572d46969ad2d4d,Connecticut Valley Youth Lacrosse,Simsbury 12U Blue,6,10,False,2026-04-29,2026,U12 Boys,completed,1505.0130788227214,1446.6686802309814,1486.597543748787
9572d46969ad2d4d,Simsbury 12U Blue,Connecticut Valley Youth Lacrosse,10,6,True,2026-04-29,2026,U12 Boys,completed,1446.6686802309814,1505.0130788227214,1465.0842153049157
a7b30073015c8698,Connecticut Valley Youth Lacrosse,Westfield 12U Red,5,9,False,2026-04-29,2026,U12 Boys,completed,1486.597543748787,1556.2056312069276,1473.9288123831773
a7b30073015c8698,Westfield 12U Red,Connecticut Valley Youth Lacrosse,9,5,True,2026-04-29,2026,U12 Boys,completed,1556.2056312069276,1486.597543748787,1568.8743625725374
afcb1c6ee2c8816d,Connecticut Valley Youth Lacrosse,Newington 12U,8,4,True,2026-04-29,2026,U12 Boys,completed,1473.9288123831773,1436.891408835855,1488.0442430820394
afcb1c6ee2c8816d,Newington 12U,Connecticut Valley Youth Lacrosse,4,8,False,2026-04-29,2026,U12 Boys,completed,1436.891408835855,1473.9288123831773,1422.7759781369928
b1c804c2c840c1c9,Connecticut Valley Youth Lacrosse,Somers 12U Red,3,5,False,2026-04-29,2026,U12 Boys,completed,1488.0442430820394,1499.946633838683,1477.632033983608
b1c804c2c840c1c9,Somers 12U Red,Connecticut Valley Youth Lacrosse,5,3,True,2026-04-29,2026,U12 Boys,completed,1499.946633838683,1488.0442430820394,1510.3588429371146
c1ba9f37014eca06,Connecticut Valley Youth Lacrosse,Suffield 12U,9,5,True,2026-04-29,2026,U12 Boys,completed,1477.632033983608,1576.2672439931493,1497.7961521263258
c1ba9f37014eca06,Suffield 12U,Connecticut Valley Youth Lacrosse,5,9,False,2026-04-29,2026,U12 Boys,completed,1576.2672439931493,1477.632033983608,1556.1031258504315
c5a1d57eb4e33346,Belchertown 12U,Northampton 12U,4,3,True,2026-04-29,2026,U12 Boys,completed,1497.6692461468133,1440.6214127692247,1505.88777876854
c5a1d57eb4e33346,Northampton 12U,Belchertown 12U,3,4,False,2026-04-29,2026,U12 Boys,completed,1440.6214127692247,1497.6692461468133,1432.4028801474979
e2ad28799946d753,Connecticut Valley Youth Lacrosse,Longmeadow 12U White,5,3,True,2026-04-29,2026,U12 Boys,completed,1497.7961521263258,1500.0,1508.6497206704817
e2ad28799946d753,Longmeadow 12U White,Connecticut Valley Youth Lacrosse,3,5,False,2026-04-29,2026,U12 Boys,completed,1500.0,1497.7961521263258,1489.146431455844
fbc3d5038068e998,Connecticut Valley Youth Lacrosse,West Hartford 12U Gold,0,12,False,2026-04-29,2026,U12 Boys,completed,1508.6497206704817,1588.9683497270191,1489.1867702328204
fbc3d5038068e998,West Hartford 12U Gold,Connecticut Valley Youth Lacrosse,12,0,True,2026-04-29,2026,U12 Boys,completed,1588.9683497270191,1508.6497206704817,1608.4313001646804
0ab4ac239ffe8cb6,Connecticut Valley Youth Lacrosse,West Springfield 12U,3,9,False,2026-04-30,2026,U12 Boys,completed,1489.1867702328204,1528.8559069300638,1472.2515365095314
0ab4ac239ffe8cb6,West Springfield 12U,Connecticut Valley Youth Lacrosse,9,3,True,2026-04-30,2026,U12 Boys,completed,1528.8559069300638,1489.1867702328204,1545.7911406533528
1e6963c808d72b17,Connecticut Valley Youth Lacrosse,Glastonbury 12U Blue,5,1,True,2026-04-30,2026,U12 Boys,completed,1472.2515365095314,1473.2875171567766,1488.103922904505
1e6963c808d72b17,Glastonbury 12U Blue,Connecticut Valley Youth Lacrosse,1,5,False,2026-04-30,2026,U12 Boys,completed,1473.2875171567766,1472.2515365095314,1457.435130761803
3aefce2908e4e2ad,Connecticut Valley Youth Lacrosse,West Hartford 12U Green,1,5,False,2026-04-30,2026,U12 Boys,completed,1488.103922904505,1529.379659145163,1474.1660452001483
3aefce2908e4e2ad,West Hartford 12U Green,Connecticut Valley Youth Lacrosse,5,1,True,2026-04-30,2026,U12 Boys,completed,1529.379659145163,1488.103922904505,1543.3175368495197
3d58f675f07948ab,Connecticut Valley Youth Lacrosse,West Hartford 12U Gold,7,8,False,2026-04-30,2026,U12 Boys,completed,1474.1660452001483,1608.4313001646804,1467.9611098162775
3d58f675f07948ab,West Hartford 12U Gold,Connecticut Valley Youth Lacrosse,8,7,True,2026-04-30,2026,U12 Boys,completed,1608.4313001646804,1474.1660452001483,1614.6362355485512
4e1edf58bb867ed2,Agawam 12U,Connecticut Valley Youth Lacrosse,8,6,True,2026-04-30,2026,U12 Boys,completed,1478.3835115316135,1467.9611098162775,1488.8521119173079
4e1edf58bb867ed2,Connecticut Valley Youth Lacrosse,Agawam 12U,6,8,False,2026-04-30,2026,U12 Boys,completed,1467.9611098162775,1478.3835115316135,1457.4925094305831
66cb9dd0b8dc64f8,Connecticut Valley Youth Lacrosse,Wolcott 12U,7,11,False,2026-04-30,2026,U12 Boys,completed,1457.4925094305831,1506.1074706908353,1443.8786593033435
66cb9dd0b8dc64f8,Wolcott 12U,Connecticut Valley Youth Lacrosse,11,7,True,2026-04-30,2026,U12 Boys,completed,1506.1074706908353,1457.4925094305831,1519.721320818075
6db6bb2dc4eabfb0,Bristol 12U,Connecticut Valley Youth Lacrosse,7,11,False,2026-04-30,2026,U12 Boys,completed,1503.3477986378273,1443.8786593033435,1484.8535027384128
6db6bb2dc4eabfb0,Connecticut Valley Youth Lacrosse,Bristol 12U,11,7,True,2026-04-30,2026,U12 Boys,completed,1443.8786593033435,1503.3477986378273,1462.372955202758
7b4d489d36c6a96c,Connecticut Valley Youth Lacrosse,Ellington 12U,7,1,True,2026-04-30,2026,U12 Boys,completed,1462.372955202758,1461.2319795839965,1481.431820476437
7b4d489d36c6a96c,Ellington 12U,Connecticut Valley Youth Lacrosse,1,7,False,2026-04-30,2026,U12 Boys,completed,1461.2319795839965,1462.372955202758,1442.1731143103175
b60f0080d81b8328,Connecticut Valley Youth Lacrosse,Glastonbury 12U White,8,7,True,2026-04-30,2026,U12 Boys,completed,1481.431820476437,1490.4118641673574,1491.5133602510948
b60f0080d81b8328,Glastonbury 12U White,Connecticut Valley Youth Lacrosse,7,8,False,2026-04-30,2026,U12 Boys,completed,1490.4118641673574,1481.431820476437,1480.3303243926996
e31ea8cebb32e0b3,Connecticut Valley Youth Lacrosse,Somers 12U White,1,7,False,2026-04-30,2026,U12 Boys,completed,1491.5133602510948,1500.5958284075753,1472.8876981427559
e31ea8cebb32e0b3,Somers 12U White,Connecticut Valley Youth Lacrosse,7,1,True,2026-04-30,2026,U12 Boys,completed,1500.5958284075753,1491.5133602510948,1519.2214905159142
e6748bc848d559aa,Connecticut Valley Youth Lacrosse,Westfield 12U Black,8,6,True,2026-04-30,2026,U12 Boys,completed,1472.8876981427559,1493.6215296961302,1484.3302346290102
e6748bc848d559aa,Westfield 12U Black,Connecticut Valley Youth Lacrosse,6,8,False,2026-04-30,2026,U12 Boys,completed,1493.6215296961302,1472.8876981427559,1482.178993209876
f9ae59cb19732c3a,Connecticut Valley Youth Lacrosse,East Longmeadow 12U A,9,3,True,2026-04-30,2026,U12 Boys,completed,1484.3302346290102,1487.0709832649607,1503.6104192505395
f9ae59cb19732c3a,East Longmeadow 12U A,Connecticut Valley Youth Lacrosse,3,9,False,2026-04-30,2026,U12 Boys,completed,1487.0709832649607,1484.3302346290102,1467.7907986434313
473a38c9dd6858c4,Bristol 12U,Connecticut Valley Youth Lacrosse,2,6,False,2026-05-01,2026,U12 Boys,completed,1484.8535027384128,1503.6104192505395,1469.8837872991935
473a38c9dd6858c4,Connecticut Valley Youth Lacrosse,Bristol 12U,6,2,True,2026-05-01,2026,U12 Boys,completed,1503.6104192505395,1484.8535027384128,1518.5801346897588
4c07defdeb322638,Connecticut Valley Youth Lacrosse,Minnechaug 12U,4,16,False,2026-05-01,2026,U12 Boys,completed,1518.5801346897588,1577.2614552626044,1497.5800270258526
4c07defdeb322638,Minnechaug 12U,Connecticut Valley Youth Lacrosse,16,4,True,2026-05-01,2026,U12 Boys,completed,1577.2614552626044,1518.5801346897588,1598.2615629265106
5c94ff995d83e0b4,Connecticut Valley Youth Lacrosse,Wolcott 12U,4,11,False,2026-05-01,2026,U12 Boys,completed,1497.5800270258526,1519.721320818075,1478.4335192894448
5c94ff995d83e0b4,Wolcott 12U,Connecticut Valley Youth Lacrosse,11,4,True,2026-05-01,2026,U12 Boys,completed,1519.721320818075,1497.5800270258526,1538.8678285544827
61e51dace94ecd03,Connecticut Valley Youth Lacrosse,Middletown 12U,11,4,True,2026-05-01,2026,U12 Boys,completed,1478.4335192894448,1479.874041279047,1498.9680632736413
61e51dace94ecd03,Middletown 12U,Connecticut Valley Youth Lacrosse,4,11,False,2026-05-01,2026,U12 Boys,completed,1479.874041279047,1478.4335192894448,1459.3394972948506
97c34c6bbcbb0a44,East Longmeadow 12U A,Minnechaug 12U,4,16,False,2026-05-01,2026,U12 Boys,completed,1467.7907986434313,1598.2615629265106,1451.6158154631808
97c34c6bbcbb0a44,Minnechaug 12U,East Longmeadow 12U A,16,4,True,2026-05-01,2026,U12 Boys,completed,1598.2615629265106,1467.7907986434313,1614.4365461067612
e4574e8429ad81ee,Connecticut Valley Youth Lacrosse,South Hadley 12U,14,2,True,2026-05-01,2026,U12 Boys,completed,1498.9680632736413,1447.8907253735092,1520.5145873999943
e4574e8429ad81ee,South Hadley 12U,Connecticut Valley Youth Lacrosse,2,14,False,2026-05-01,2026,U12 Boys,completed,1447.8907253735092,1498.9680632736413,1426.3442012471562
f787270913539af2,Berlin 12U A,Connecticut Valley Youth Lacrosse,6,2,True,2026-05-01,2026,U12 Boys,completed,1469.932075235108,1520.5145873999943,1488.0528454426262
f787270913539af2,Connecticut Valley Youth Lacrosse,Berlin 12U A,2,6,False,2026-05-01,2026,U12 Boys,completed,1520.5145873999943,1469.932075235108,1502.393817192476
0db5125781d02716,Connecticut Valley Youth Lacrosse,Tolland 12U,16,4,True,2026-05-02,2026,U12 Boys,completed,1502.393817192476,1478.6054001575937,1525.9023623407802
0db5125781d02716,Tolland 12U,Connecticut Valley Youth Lacrosse,4,16,False,2026-05-02,2026,U12 Boys,completed,1478.6054001575937,1502.393817192476,1455.0968550092896
2a85284437d85939,Connecticut Valley Youth Lacrosse,Simsbury 12U Blue,13,4,True,2026-05-02,2026,U12 Boys,completed,1525.9023623407802,1465.0842153049157,1544.6312084245612
2a85284437d85939,Simsbury 12U Blue,Connecticut Valley Youth Lacrosse,4,13,False,2026-05-02,2026,U12 Boys,completed,1465.0842153049157,1525.9023623407802,1446.3553692211347
34a61e3b2e291619,Connecticut Valley Youth Lacrosse,West Hartford 12U White,4,2,True,2026-05-02,2026,U12 Boys,completed,1544.6312084245612,1439.837382357319,1552.276003473679
34a61e3b2e291619,West Hartford 12U White,Connecticut Valley Youth Lacrosse,2,4,False,2026-05-02,2026,U12 Boys,completed,1439.837382357319,1544.6312084245612,1432.1925873082012
408ed01f213ae1b4,Connecticut Valley Youth Lacrosse,Farmington 12U Red,6,5,True,2026-05-02,2026,U12 Boys,completed,1552.276003473679,1503.1526450963227,1560.734304690078
408ed01f213ae1b4,Farmington 12U Red,Connecticut Valley Youth Lacrosse,5,6,False,2026-05-02,2026,U12 Boys,completed,1503.1526450963227,1552.276003473679,1494.6943438799237
4d1a498bc8c843f8,Connecticut Valley Youth Lacrosse,Westfield 12U Red,0,10,False,2026-05-02,2026,U12 Boys,completed,1560.734304690078,1568.8743625725374,1537.688753786588
4d1a498bc8c843f8,Westfield 12U Red,Connecticut Valley Youth Lacrosse,10,0,True,2026-05-02,2026,U12 Boys,completed,1568.8743625725374,1560.734304690078,1591.9199134760274
522b10246f228daa,Connecticut Valley Youth Lacrosse,RHAM 12U,6,8,False,2026-05-02,2026,U12 Boys,completed,1537.688753786588,1562.4159657151433,1527.6443430545112
522b10246f228daa,RHAM 12U,Connecticut Valley Youth Lacrosse,8,6,True,2026-05-02,2026,U12 Boys,completed,1562.4159657151433,1537.688753786588,1572.4603764472201
7d22f6632856090f,Connecticut Valley Youth Lacrosse,South Windsor 12U,4,16,False,2026-05-02,2026,U12 Boys,completed,1527.6443430545112,1503.5219050557407,1500.6476603770866
7d22f6632856090f,South Windsor 12U,Connecticut Valley Youth Lacrosse,16,4,True,2026-05-02,2026,U12 Boys,completed,1503.5219050557407,1527.6443430545112,1530.5185877331653
a397d489bf6d1938,Connecticut Valley Youth Lacrosse,Vernon 12U,8,6,True,2026-05-02,2026,U12 Boys,completed,1500.6476603770866,1485.3143568540715,1510.9851621582995
a397d489bf6d1938,Vernon 12U,Connecticut Valley Youth Lacrosse,6,8,False,2026-05-02,2026,U12 Boys,completed,1485.3143568540715,1500.6476603770866,1474.9768550728586
a59b429662d87487,Connecticut Valley Youth Lacrosse,Middletown 12U,10,4,True,2026-05-02,2026,U12 Boys,completed,1510.9851621582995,1459.3394972948506,1527.3149828018177
a59b429662d87487,Middletown 12U,Connecticut Valley Youth Lacrosse,4,10,False,2026-05-02,2026,U12 Boys,completed,1459.3394972948506,1510.9851621582995,1443.0096766513325
a8a3ff8a52245281,Burlington 12U,Connecticut Valley Youth Lacrosse,10,4,True,2026-05-02,2026,U12 Boys,completed,1546.5177579044428,1527.3149828018177,1564.6181487525105
a8a3ff8a52245281,Connecticut Valley Youth Lacrosse,Burlington 12U,4,10,False,2026-05-02,2026,U12 Boys,completed,1527.3149828018177,1546.5177579044428,1509.21459195375
ac32ccd19b3e065f,Avon 12U B,Connecticut Valley Youth Lacrosse,6,5,True,2026-05-02,2026,U12 Boys,completed,1503.655189306426,1509.21459195375,1513.6588804479827
ac32ccd19b3e065f,Connecticut Valley Youth Lacrosse,Avon 12U B,5,6,False,2026-05-02,2026,U12 Boys,completed,1509.21459195375,1503.655189306426,1499.2109008121934
b5ca68e398a959b3,Connecticut Valley Youth Lacrosse,Somers 12U White,10,0,True,2026-05-02,2026,U12 Boys,completed,1499.2109008121934,1519.2214905159142,1524.1812585410469
b5ca68e398a959b3,Somers 12U White,Connecticut Valley Youth Lacrosse,0,10,False,2026-05-02,2026,U12 Boys,completed,1519.2214905159142,1499.2109008121934,1494.2511327870607
bc1ee9a78cb23a9c,Connecticut Valley Youth Lacrosse,Westfield 12U Black,4,13,False,2026-05-02,2026,U12 Boys,completed,1524.1812585410469,1482.178993209876,1498.7780758194683
bc1ee9a78cb23a9c,Westfield 12U Black,Connecticut Valley Youth Lacrosse,13,4,True,2026-05-02,2026,U12 Boys,completed,1482.178993209876,1524.1812585410469,1507.5821759314545
ca26eaad00630a2b,Connecticut Valley Youth Lacrosse,Granby 12U,9,4,True,2026-05-02,2026,U12 Boys,completed,1498.7780758194683,1462.8050599247856,1514.6036375107963
ca26eaad00630a2b,Granby 12U,Connecticut Valley Youth Lacrosse,4,9,False,2026-05-02,2026,U12 Boys,completed,1462.8050599247856,1498.7780758194683,1446.9794982334577
f538be5cf1d02e5e,Connecticut Valley Youth Lacrosse,Newington 12U,2,4,False,2026-05-02,2026,U12 Boys,completed,1514.6036375107963,1422.7759781369928,1500.988044830191
f538be5cf1d02e5e,Newington 12U,Connecticut Valley Youth Lacrosse,4,2,True,2026-05-02,2026,U12 Boys,completed,1422.7759781369928,1514.6036375107963,1436.391570817598
fa6105ec17e12e13,Connecticut Valley Youth Lacrosse,Simsbury 12U A,4,9,False,2026-05-02,2026,U12 Boys,completed,1500.988044830191,1447.4841862914004,1480.6426389021017
fa6105ec17e12e13,Simsbury 12U A,Connecticut Valley Youth Lacrosse,9,4,True,2026-05-02,2026,U12 Boys,completed,1447.4841862914004,1500.988044830191,1467.8295922194898
13f45402c06825d8,Berlin 12U A,Connecticut Valley Youth Lacrosse,3,4,False,2026-05-03,2026,U12 Boys,completed,1488.0528454426262,1480.6426389021017,1477.9920314637322
13f45402c06825d8,Connecticut Valley Youth Lacrosse,Berlin 12U A,4,3,True,2026-05-03,2026,U12 Boys,completed,1480.6426389021017,1488.0528454426262,1490.7034528809957
4cd3fd0cf1933a24,Connecticut Valley Youth Lacrosse,Farmington 12U Red,5,7,False,2026-05-03,2026,U12 Boys,completed,1490.7034528809957,1494.6943438799237,1480.004804975552
4cd3fd0cf1933a24,Farmington 12U Red,Connecticut Valley Youth Lacrosse,7,5,True,2026-05-03,2026,U12 Boys,completed,1494.6943438799237,1490.7034528809957,1505.3929917853675
532aef3a17cd8281,Connecticut Valley Youth Lacrosse,Wethersfield 12U B,7,5,True,2026-05-03,2026,U12 Boys,completed,1480.004804975552,1500.1468058042674,1491.4553592050836
532aef3a17cd8281,Wethersfield 12U B,Connecticut Valley Youth Lacrosse,5,7,False,2026-05-03,2026,U12 Boys,completed,1500.1468058042674,1480.004804975552,1488.6962515747357
5b30194d28f0fe25,Connecticut Valley Youth Lacrosse,Simsbury 12U Blue,5,0,True,2026-05-03,2026,U12 Boys,completed,1491.4553592050836,1446.3553692211347,1506.8305981079316
5b30194d28f0fe25,Simsbury 12U Blue,Connecticut Valley Youth Lacrosse,0,5,False,2026-05-03,2026,U12 Boys,completed,1446.3553692211347,1491.4553592050836,1430.9801303182867
704c990ac653a906,Connecticut Valley Youth Lacrosse,Farmington 12U Black,10,3,True,2026-05-03,2026,U12 Boys,completed,1506.8305981079316,1471.4537837119678,1525.2415284541758
704c990ac653a906,Farmington 12U Black,Connecticut Valley Youth Lacrosse,3,10,False,2026-05-03,2026,U12 Boys,completed,1471.4537837119678,1506.8305981079316,1453.0428533657237
7301662ff7d090c5,Connecticut Valley Youth Lacrosse,Simsbury 12U A,12,3,True,2026-05-03,2026,U12 Boys,completed,1525.2415284541758,1467.8295922194898,1544.216318726898
7301662ff7d090c5,Simsbury 12U A,Connecticut Valley Youth Lacrosse,3,12,False,2026-05-03,2026,U12 Boys,completed,1467.8295922194898,1525.2415284541758,1448.8548019467676
7b33a4b2a21620cf,Connecticut Valley Youth Lacrosse,East Longmeadow 12U White,7,1,True,2026-05-03,2026,U12 Boys,completed,1544.216318726898,1495.414938823469,1560.7173349873106
7b33a4b2a21620cf,East Longmeadow 12U White,Connecticut Valley Youth Lacrosse,1,7,False,2026-05-03,2026,U12 Boys,completed,1495.414938823469,1544.216318726898,1478.9139225630563
8e7b7c96a4a1e56c,Connecticut Valley Youth Lacrosse,Middletown 12U,3,4,False,2026-05-03,2026,U12 Boys,completed,1560.7173349873106,1443.0096766513325,1547.644676022311
8e7b7c96a4a1e56c,Middletown 12U,Connecticut Valley Youth Lacrosse,4,3,True,2026-05-03,2026,U12 Boys,completed,1443.0096766513325,1560.7173349873106,1456.082335616332
95f6dc6ca2b5c23b,Connecticut Valley Youth Lacrosse,West Hartford 12U Gold,3,12,False,2026-05-03,2026,U12 Boys,completed,1547.644676022311,1614.6362355485512,1529.2719539847913
95f6dc6ca2b5c23b,West Hartford 12U Gold,Connecticut Valley Youth Lacrosse,12,3,True,2026-05-03,2026,U12 Boys,completed,1614.6362355485512,1547.644676022311,1633.008957586071
c3bf62fae1a1b382,Colchester 12U,Connecticut Valley Youth Lacrosse,0,6,False,2026-05-03,2026,U12 Boys,completed,1529.2183962976972,1529.2719539847913,1510.040238767184
c3bf62fae1a1b382,Connecticut Valley Youth Lacrosse,Colchester 12U,6,0,True,2026-05-03,2026,U12 Boys,completed,1529.2719539847913,1529.2183962976972,1548.4501115153043
c59865dc4ad8ab43,Connecticut Valley Youth Lacrosse,Wethersfield 12U A,3,10,False,2026-05-03,2026,U12 Boys,completed,1548.4501115153043,1519.6732909581895,1526.257385734846
c59865dc4ad8ab43,Wethersfield 12U A,Connecticut Valley Youth Lacrosse,10,3,True,2026-05-03,2026,U12 Boys,completed,1519.6732909581895,1548.4501115153043,1541.8660167386479
c5f2cc1c575b5219,Connecticut Valley Youth Lacrosse,RHAM 12U,0,6,False,2026-05-03,2026,U12 Boys,completed,1526.257385734846,1572.4603764472201,1509.6098250924686
c5f2cc1c575b5219,RHAM 12U,Connecticut Valley Youth Lacrosse,6,0,True,2026-05-03,2026,U12 Boys,completed,1572.4603764472201,1526.257385734846,1589.1079370895975
ee7567630c7fa41b,Connecticut Valley Youth Lacrosse,Minnechaug 12U White,1,7,False,2026-05-03,2026,U12 Boys,completed,1509.6098250924686,1547.0393346431856,1492.4836549902382
ee7567630c7fa41b,Minnechaug 12U White,Connecticut Valley Youth Lacrosse,7,1,True,2026-05-03,2026,U12 Boys,completed,1547.0393346431856,1509.6098250924686,1564.165504745416
ff826a30fe6d85bb,Connecticut Valley Youth Lacrosse,West Hartford 12U Green,0,5,False,2026-05-03,2026,U12 Boys,completed,1492.4836549902382,1543.3175368495197,1477.3837562444867
ff826a30fe6d85bb,West Hartford 12U Green,Connecticut Valley Youth Lacrosse,5,0,True,2026-05-03,2026,U12 Boys,completed,1543.3175368495197,1492.4836549902382,1558.4174355952712
024167e79d39c86f,Connecticut Valley Youth Lacrosse,Wolcott 12U,2,7,False,2026-05-04,2026,U12 Boys,completed,1477.3837562444867,1538.8678285544827,1462.8104908440855
024167e79d39c86f,Wolcott 12U,Connecticut Valley Youth Lacrosse,7,2,True,2026-05-04,2026,U12 Boys,completed,1538.8678285544827,1477.3837562444867,1553.4410939548839
22487031fe9c86f4,Bristol 12U,Connecticut Valley Youth Lacrosse,2,7,False,2026-05-04,2026,U12 Boys,completed,1469.8837872991935,1462.8104908440855,1451.855387270709
22487031fe9c86f4,Connecticut Valley Youth Lacrosse,Bristol 12U,7,2,True,2026-05-04,2026,U12 Boys,completed,1462.8104908440855,1469.8837872991935,1480.8388908725701
7ffc5868304b1d01,Connecticut Valley Youth Lacrosse,Minnechaug 12U,3,6,False,2026-05-04,2026,U12 Boys,completed,1480.8388908725701,1614.4365461067612,1472.1799151393734
7ffc5868304b1d01,Minnechaug 12U,Connecticut Valley Youth Lacrosse,6,3,True,2026-05-04,2026,U12 Boys,completed,1614.4365461067612,1480.8388908725701,1623.0955218399579
8a8779819c7d74d1,Minnechaug 12U,Westfield 12U Red,6,3,True,2026-05-04,2026,U12 Boys,completed,1623.0955218399579,1591.9199134760274,1635.5441608900035
8a8779819c7d74d1,Westfield 12U Red,Minnechaug 12U,3,6,False,2026-05-04,2026,U12 Boys,completed,1591.9199134760274,1623.0955218399579,1579.4712744259818
e02c878dc391beb3,Belchertown 12U,Connecticut Valley Youth Lacrosse,1,9,False,2026-05-04,2026,U12 Boys,completed,1505.88777876854,1472.1799151393734,1482.1205704701017
e02c878dc391beb3,Connecticut Valley Youth Lacrosse,Belchertown 12U,9,1,True,2026-05-04,2026,U12 Boys,completed,1472.1799151393734,1505.88777876854,1495.9471234378118
e52bb8d442e74ffa,Belchertown 12U,West Springfield 12U,1,9,False,2026-05-04,2026,U12 Boys,completed,1482.1205704701017,1545.7911406533528,1464.37576952248
e52bb8d442e74ffa,West Springfield 12U,Belchertown 12U,9,1,True,2026-05-04,2026,U12 Boys,completed,1545.7911406533528,1482.1205704701017,1563.5359416009746
0006f5e35533cb33,Colchester 12U,Connecticut Valley Youth Lacrosse,5,8,False,2026-05-05,2026,U12 Boys,completed,1510.040238767184,1495.9471234378118,1495.8110913214132
0006f5e35533cb33,Connecticut Valley Youth Lacrosse,Colchester 12U,8,5,True,2026-05-05,2026,U12 Boys,completed,1495.9471234378118,1510.040238767184,1510.1762708835827
16fc32670f614fa3,Connecticut Valley Youth Lacrosse,East Longmeadow 12U A,4,6,False,2026-05-05,2026,U12 Boys,completed,1510.1762708835827,1451.6158154631808,1497.5290193932071
16fc32670f614fa3,East Longmeadow 12U A,Connecticut Valley Youth Lacrosse,6,4,True,2026-05-05,2026,U12 Boys,completed,1451.6158154631808,1510.1762708835827,1464.2630669535563
3a94be61074b049d,Agawam 12U,Connecticut Valley Youth Lacrosse,17,6,True,2026-05-05,2026,U12 Boys,completed,1488.8521119173079,1497.5290193932071,1513.9789943660921
3a94be61074b049d,Connecticut Valley Youth Lacrosse,Agawam 12U,6,17,False,2026-05-05,2026,U12 Boys,completed,1497.5290193932071,1488.8521119173079,1472.4021369444229
612b7ecc98373247,Connecticut Valley Youth Lacrosse,Wethersfield 12U B,4,7,False,2026-05-05,2026,U12 Boys,completed,1472.4021369444229,1488.6962515747357,1459.3658281092528
612b7ecc98373247,Wethersfield 12U B,Connecticut Valley Youth Lacrosse,7,4,True,2026-05-05,2026,U12 Boys,completed,1488.6962515747357,1472.4021369444229,1501.7325604099058
a9109c93fcacc4ec,Connecticut Valley Youth Lacrosse,West Hartford 12U White,7,4,True,2026-05-05,2026,U12 Boys,completed,1459.3658281092528,1432.1925873082012,1471.9763319047727
a9109c93fcacc4ec,West Hartford 12U White,Connecticut Valley Youth Lacrosse,4,7,False,2026-05-05,2026,U12 Boys,completed,1432.1925873082012,1459.3658281092528,1419.5820835126813
b0b9973adcd50042,Connecticut Valley Youth Lacrosse,West Hartford 12U Green,5,8,False,2026-05-05,2026,U12 Boys,completed,1471.9763319047727,1558.4174355952712,1461.6321661925474
b0b9973adcd50042,West Hartford 12U Green,Connecticut Valley Youth Lacrosse,8,5,True,2026-05-05,2026,U12 Boys,completed,1558.4174355952712,1471.9763319047727,1568.7616013074964
b2db52ab321da508,Belchertown 12U,Northampton 12U,7,6,True,2026-05-05,2026,U12 Boys,completed,1464.37576952248,1432.4028801474979,1473.338073934157
b2db52ab321da508,Northampton 12U,Belchertown 12U,6,7,False,2026-05-05,2026,U12 Boys,completed,1432.4028801474979,1464.37576952248,1423.4405757358209
c7bec69d163c429d,Connecticut Valley Youth Lacrosse,Longmeadow 12U Black,6,4,True,2026-05-05,2026,U12 Boys,completed,1461.6321661925474,1479.9287908963524,1473.0441454365866
c7bec69d163c429d,Longmeadow 12U Black,Connecticut Valley Youth Lacrosse,4,6,False,2026-05-05,2026,U12 Boys,completed,1479.9287908963524,1461.6321661925474,1468.5168116523132
fd8f21224f81c3a3,Belchertown 12U,Connecticut Valley Youth Lacrosse,7,6,True,2026-05-05,2026,U12 Boys,completed,1473.338073934157,1473.0441454365866,1483.1987204560623
fd8f21224f81c3a3,Connecticut Valley Youth Lacrosse,Belchertown 12U,6,7,False,2026-05-05,2026,U12 Boys,completed,1473.0441454365866,1473.338073934157,1463.1834989146812
ff1f393366be21fc,Connecticut Valley Youth Lacrosse,South Hadley 12U,17,6,True,2026-05-05,2026,U12 Boys,completed,1463.1834989146812,1426.3442012471562,1485.1177190357453
ff1f393366be21fc,South Hadley 12U,Connecticut Valley Youth Lacrosse,6,17,False,2026-05-05,2026,U12 Boys,completed,1426.3442012471562,1463.1834989146812,1404.4099811260921
0fc19d68253fada5,Connecticut Valley Youth Lacrosse,West Springfield 12U,3,5,False,2026-05-06,2026,U12 Boys,completed,1485.1177190357453,1563.5359416009746,1476.68097148352
0fc19d68253fada5,West Springfield 12U,Connecticut Valley Youth Lacrosse,5,3,True,2026-05-06,2026,U12 Boys,completed,1563.5359416009746,1485.1177190357453,1571.9726891532
2ff0bd3651b12a54,Connecticut Valley Youth Lacrosse,Southington 12U White,5,6,False,2026-05-06,2026,U12 Boys,completed,1476.68097148352,1503.0702870763319,1467.558567253942
2ff0bd3651b12a54,Southington 12U White,Connecticut Valley Youth Lacrosse,6,5,True,2026-05-06,2026,U12 Boys,completed,1503.0702870763319,1476.68097148352,1512.1926913059096
506d74b51044b0cc,Connecticut Valley Youth Lacrosse,Granby 12U,5,3,True,2026-05-06,2026,U12 Boys,completed,1467.558567253942,1446.9794982334577,1477.7616438719624
506d74b51044b0cc,Granby 12U,Connecticut Valley Youth Lacrosse,3,5,False,2026-05-06,2026,U12 Boys,completed,1446.9794982334577,1467.558567253942,1436.7764216154374
72260acb0a4aa1ba,Connecticut Valley Youth Lacrosse,Somers 12U White,4,14,False,2026-05-06,2026,U12 Boys,completed,1477.7616438719624,1494.2511327870607,1455.2127350195858
72260acb0a4aa1ba,Somers 12U White,Connecticut Valley Youth Lacrosse,14,4,True,2026-05-06,2026,U12 Boys,completed,1494.2511327870607,1477.7616438719624,1516.8000416394373
9255505b8803bbaf,Connecticut Valley Youth Lacrosse,Simsbury 12U Blue,6,5,True,2026-05-06,2026,U12 Boys,completed,1455.2127350195858,1430.9801303182867,1464.3976232702896
9255505b8803bbaf,Simsbury 12U Blue,Connecticut Valley Youth Lacrosse,5,6,False,2026-05-06,2026,U12 Boys,completed,1430.9801303182867,1455.2127350195858,1421.7952420675829
99a707ed33062246,Connecticut Valley Youth Lacrosse,South Windsor 12U,14,4,True,2026-05-06,2026,U12 Boys,completed,1464.3976232702896,1530.5185877331653,1492.5236005521626
99a707ed33062246,South Windsor 12U,Connecticut Valley Youth Lacrosse,4,14,False,2026-05-06,2026,U12 Boys,completed,1530.5185877331653,1464.3976232702896,1502.3926104512923
2ba5d3b847476383,Agawam 12U,Connecticut Valley Youth Lacrosse,1,11,False,2026-05-07,2026,U12 Boys,completed,1513.9789943660921,1492.5236005521626,1488.8433861335661
2ba5d3b847476383,Connecticut Valley Youth Lacrosse,Agawam 12U,11,1,True,2026-05-07,2026,U12 Boys,completed,1492.5236005521626,1513.9789943660921,1517.6592087846886
368c7805491acada,Connecticut Valley Youth Lacrosse,Suffield 12U White,5,6,False,2026-05-07,2026,U12 Boys,completed,1517.6592087846886,1529.79380834025,1508.1299784392754
368c7805491acada,Suffield 12U White,Connecticut Valley Youth Lacrosse,6,5,True,2026-05-07,2026,U12 Boys,completed,1529.79380834025,1517.6592087846886,1539.3230386856633
54c0529b31b9e11e,Connecticut Valley Youth Lacrosse,Longmeadow 12U Black,1,11,False,2026-05-07,2026,U12 Boys,completed,1508.1299784392754,1468.5168116523132,1481.7639912889056
54c0529b31b9e11e,Longmeadow 12U Black,Connecticut Valley Youth Lacrosse,11,1,True,2026-05-07,2026,U12 Boys,completed,1468.5168116523132,1508.1299784392754,1494.882798802683
584f350eba514bf4,Connecticut Valley Youth Lacrosse,Somers 12U Red,6,5,True,2026-05-07,2026,U12 Boys,completed,1481.7639912889056,1510.3588429371146,1492.4498993255356
584f350eba514bf4,Somers 12U Red,Connecticut Valley Youth Lacrosse,5,6,False,2026-05-07,2026,U12 Boys,completed,1510.3588429371146,1481.7639912889056,1499.6729349004845
a044936d65a6be12,Connecticut Valley Youth Lacrosse,Suffield B,5,6,False,2026-05-07,2026,U12 Boys,completed,1492.4498993255356,1500.0,1482.7889511485557
a044936d65a6be12,Suffield B,Connecticut Valley Youth Lacrosse,6,5,True,2026-05-07,2026,U12 Boys,completed,1500.0,1492.4498993255356,1509.66094817698
c90477349aa84b09,Burlington 12U,Connecticut Valley Youth Lacrosse,5,3,True,2026-05-07,2026,U12 Boys,completed,1564.6181487525105,1482.7889511485557,1572.9588929708425
c90477349aa84b09,Connecticut Valley Youth Lacrosse,Burlington 12U,3,5,False,2026-05-07,2026,U12 Boys,completed,1482.7889511485557,1564.6181487525105,1474.4482069302237
f6415e0f58800f20,Bristol 12U,Connecticut Valley Youth Lacrosse,3,5,False,2026-05-07,2026,U12 Boys,completed,1451.855387270709,1474.4482069302237,1441.7094815394444
f6415e0f58800f20,Connecticut Valley Youth Lacrosse,Bristol 12U,5,3,True,2026-05-07,2026,U12 Boys,completed,1474.4482069302237,1451.855387270709,1484.5941126614882
26f78a132997d6b9,Connecticut Valley Youth Lacrosse,Minnechaug 12U,0,20,False,2026-05-08,2026,U12 Boys,completed,1484.5941126614882,1635.5441608900035,1466.8236998174573
26f78a132997d6b9,Minnechaug 12U,Connecticut Valley Youth Lacrosse,20,0,True,2026-05-08,2026,U12 Boys,completed,1635.5441608900035,1484.5941126614882,1653.3145737340342
3d6296eaabf0bf1e,Connecticut Valley Youth Lacrosse,Farmington 12U Black,10,9,True,2026-05-08,2026,U12 Boys,completed,1466.8236998174573,1453.0428533657237,1476.3096683993624
3d6296eaabf0bf1e,Farmington 12U Black,Connecticut Valley Youth Lacrosse,9,10,False,2026-05-08,2026,U12 Boys,completed,1453.0428533657237,1466.8236998174573,1443.5568847838185
66b11ff9f3979316,Belchertown 12U,Minnechaug 12U White,8,4,True,2026-05-08,2026,U12 Boys,completed,1483.1987204560623,1564.165504745416,1502.736096037519
66b11ff9f3979316,Minnechaug 12U White,Belchertown 12U,4,8,False,2026-05-08,2026,U12 Boys,completed,1564.165504745416,1483.1987204560623,1544.6281291639593
7498865d1c2b8c01,Connecticut Valley Youth Lacrosse,Southington 12U White,7,1,True,2026-05-08,2026,U12 Boys,completed,1476.3096683993624,1512.1926913059096,1497.5107149632952
7498865d1c2b8c01,Southington 12U White,Connecticut Valley Youth Lacrosse,1,7,False,2026-05-08,2026,U12 Boys,completed,1512.1926913059096,1476.3096683993624,1490.9916447419769
8193753586fdfe3a,Connecticut Valley Youth Lacrosse,Southington 12U Blue,9,10,False,2026-05-08,2026,U12 Boys,completed,1497.5107149632952,1503.6734077528172,1487.8068952029562
8193753586fdfe3a,Southington 12U Blue,Connecticut Valley Youth Lacrosse,10,9,True,2026-05-08,2026,U12 Boys,completed,1503.6734077528172,1497.5107149632952,1513.3772275131562
cf24d4aa8d654a84,Belchertown 12U,Connecticut Valley Youth Lacrosse,8,4,True,2026-05-08,2026,U12 Boys,completed,1502.736096037519,1487.8068952029562,1517.9537488058504
cf24d4aa8d654a84,Connecticut Valley Youth Lacrosse,Belchertown 12U,4,8,False,2026-05-08,2026,U12 Boys,completed,1487.8068952029562,1502.736096037519,1472.5892424346248
fa3465388573d634,Minnechaug 12U,South Hadley 12U,20,0,True,2026-05-08,2026,U12 Boys,completed,1653.3145737340342,1404.4099811260921,1664.905027709678
fa3465388573d634,South Hadley 12U,Minnechaug 12U,0,20,False,2026-05-08,2026,U12 Boys,completed,1404.4099811260921,1653.3145737340342,1392.8195271504483
fa4512404839b5fa,Connecticut Valley Youth Lacrosse,Farmington 12U Red,1,7,False,2026-05-08,2026,U12 Boys,completed,1472.5892424346248,1505.3929917853675,1455.172651171235
fa4512404839b5fa,Farmington 12U Red,Connecticut Valley Youth Lacrosse,7,1,True,2026-05-08,2026,U12 Boys,completed,1505.3929917853675,1472.5892424346248,1522.8095830487573
2174754254e69aec,Connecticut Valley Youth Lacrosse,Tolland 12U,12,2,True,2026-05-09,2026,U12 Boys,completed,1455.172651171235,1455.0968550092896,1478.860971231069
2174754254e69aec,Tolland 12U,Connecticut Valley Youth Lacrosse,2,12,False,2026-05-09,2026,U12 Boys,completed,1455.0968550092896,1455.172651171235,1431.4085349494555
2ec1dd19df6d1b8a,Connecticut Valley Youth Lacrosse,Granby 12U,2,12,False,2026-05-09,2026,U12 Boys,completed,1478.860971231069,1436.7764216154374,1452.3102020155761
2ec1dd19df6d1b8a,Granby 12U,Connecticut Valley Youth Lacrosse,12,2,True,2026-05-09,2026,U12 Boys,completed,1436.7764216154374,1478.860971231069,1463.3271908309302
58e0d2e43fba5e6b,Connecticut Valley Youth Lacrosse,South Windsor 12U,9,8,True,2026-05-09,2026,U12 Boys,completed,1452.3102020155761,1502.3926104512923,1463.6067690083166
58e0d2e43fba5e6b,South Windsor 12U,Connecticut Valley Youth Lacrosse,8,9,False,2026-05-09,2026,U12 Boys,completed,1502.3926104512923,1452.3102020155761,1491.0960434585518
6ddfe1bcaec8ab69,Connecticut Valley Youth Lacrosse,Middletown 12U,5,3,True,2026-05-09,2026,U12 Boys,completed,1463.6067690083166,1456.082335616332,1474.2285521620095
6ddfe1bcaec8ab69,Middletown 12U,Connecticut Valley Youth Lacrosse,3,5,False,2026-05-09,2026,U12 Boys,completed,1456.082335616332,1463.6067690083166,1445.4605524626393
7a3375828320c9eb,Belchertown 12U,Berkshire,5,9,False,2026-05-09,2026,U12 Boys,completed,1517.9537488058504,1500.0,1501.2267750011165
7a3375828320c9eb,Berkshire,Belchertown 12U,9,5,True,2026-05-09,2026,U12 Boys,completed,1500.0,1517.9537488058504,1516.726973804734
afb73ff5c9b1e4f7,Burlington 12U,Connecticut Valley Youth Lacrosse,2,12,False,2026-05-09,2026,U12 Boys,completed,1572.9588929708425,1474.2285521620095,1542.7009277727102
afb73ff5c9b1e4f7,Connecticut Valley Youth Lacrosse,Burlington 12U,12,2,True,2026-05-09,2026,U12 Boys,completed,1474.2285521620095,1572.9588929708425,1504.4865173601418
bbe4a6a7d3448516,Connecticut Valley Youth Lacrosse,Meriden 12U,3,8,False,2026-05-09,2026,U12 Boys,completed,1504.4865173601418,1459.5196380074397,1484.4979581721932
bbe4a6a7d3448516,Meriden 12U,Connecticut Valley Youth Lacrosse,8,3,True,2026-05-09,2026,U12 Boys,completed,1459.5196380074397,1504.4865173601418,1479.5081971953882
ca1b44ed1bd46b66,Connecticut Valley Youth Lacrosse,Newington 12U,3,5,False,2026-05-09,2026,U12 Boys,completed,1484.4979581721932,1436.391570817598,1472.1450894402087
ca1b44ed1bd46b66,Newington 12U,Connecticut Valley Youth Lacrosse,5,3,True,2026-05-09,2026,U12 Boys,completed,1436.391570817598,1484.4979581721932,1448.7444395495825
d381646c882baee7,Connecticut Valley Youth Lacrosse,RHAM 12U,8,9,False,2026-05-09,2026,U12 Boys,completed,1472.1450894402087,1589.1079370895975,1465.4678333024415
d381646c882baee7,RHAM 12U,Connecticut Valley Youth Lacrosse,9,8,True,2026-05-09,2026,U12 Boys,completed,1589.1079370895975,1472.1450894402087,1595.7851932273647
d41f1c36786c3aa0,Connecticut Valley Youth Lacrosse,Wolcott 12U,2,12,False,2026-05-09,2026,U12 Boys,completed,1465.4678333024415,1553.4410939548839,1447.6412984842304
d41f1c36786c3aa0,Wolcott 12U,Connecticut Valley Youth Lacrosse,12,2,True,2026-05-09,2026,U12 Boys,completed,1553.4410939548839,1465.4678333024415,1571.2676287730949
f9703274a2cdacc1,Bristol 12U,Connecticut Valley Youth Lacrosse,3,8,False,2026-05-09,2026,U12 Boys,completed,1441.7094815394444,1447.6412984842304,1424.299427614602
f9703274a2cdacc1,Connecticut Valley Youth Lacrosse,Bristol 12U,8,3,True,2026-05-09,2026,U12 Boys,completed,1447.6412984842304,1441.7094815394444,1465.0513524090727
09c9d8039be43bee,Connecticut Valley Youth Lacrosse,Middletown 12U,5,1,True,2026-05-10,2026,U12 Boys,completed,1465.0513524090727,1445.4605524626393,1480.0659355058929
09c9d8039be43bee,Middletown 12U,Connecticut Valley Youth Lacrosse,1,5,False,2026-05-10,2026,U12 Boys,completed,1445.4605524626393,1465.0513524090727,1430.445969365819
1ac82c82b905102b,Connecticut Valley Youth Lacrosse,Simsbury 12U Blue,5,3,True,2026-05-10,2026,U12 Boys,completed,1480.0659355058929,1421.7952420675829,1489.1224896848748
1ac82c82b905102b,Simsbury 12U Blue,Connecticut Valley Youth Lacrosse,3,5,False,2026-05-10,2026,U12 Boys,completed,1421.7952420675829,1480.0659355058929,1412.738687888601
72a7ca2077876720,Connecticut Valley Youth Lacrosse,Simsbury 12U A,11,0,True,2026-05-10,2026,U12 Boys,completed,1489.1224896848748,1448.8548019467676,1510.855531187564
72a7ca2077876720,Simsbury 12U A,Connecticut Valley Youth Lacrosse,0,11,False,2026-05-10,2026,U12 Boys,completed,1448.8548019467676,1489.1224896848748,1427.1217604440783
7695be9620ef0b2a,Avon 12U B,Connecticut Valley Youth Lacrosse,5,3,True,2026-05-10,2026,U12 Boys,completed,1513.6588804479827,1510.855531187564,1524.4334577394172
7695be9620ef0b2a,Connecticut Valley Youth Lacrosse,Avon 12U B,3,5,False,2026-05-10,2026,U12 Boys,completed,1510.855531187564,1513.6588804479827,1500.0809538961296
9a6bb2fb99565533,Connecticut Valley Youth Lacrosse,Vernon 12U,1,5,False,2026-05-10,2026,U12 Boys,completed,1500.0809538961296,1474.9768550728586,1483.0195678481728
9a6bb2fb99565533,Vernon 12U,Connecticut Valley Youth Lacrosse,5,1,True,2026-05-10,2026,U12 Boys,completed,1474.9768550728586,1500.0809538961296,1492.0382411208157
f6ac12c96b2821fe,Avon 12U,Connecticut Valley Youth Lacrosse,11,0,True,2026-05-10,2026,U12 Boys,completed,1504.0491409549345,1483.0195678481728,1527.1346326331072
f6ac12c96b2821fe,Connecticut Valley Youth Lacrosse,Avon 12U,0,11,False,2026-05-10,2026,U12 Boys,completed,1483.0195678481728,1504.0491409549345,1459.93407617
1fc4fdc61a680741,Berlin 12U A,Connecticut Valley Youth Lacrosse,1,6,False,2026-05-11,2026,U12 Boys,completed,1477.9920314637322,1459.93407617,1459.3542089396167
1fc4fdc61a680741,Connecticut Valley Youth Lacrosse,Berlin 12U A,6,1,True,2026-05-11,2026,U12 Boys,completed,1459.93407617,1477.9920314637322,1478.5718986941156
272f40087b49802e,Connecticut Valley Youth Lacrosse,Vernon 12U,12,9,True,2026-05-11,2026,U12 Boys,completed,1478.5718986941156,1492.0382411208157,1492.811890774523
272f40087b49802e,Vernon 12U,Connecticut Valley Youth Lacrosse,9,12,False,2026-05-11,2026,U12 Boys,completed,1492.0382411208157,1478.5718986941156,1477.7982490404083
2afc045d4a3535ee,Connecticut Valley Youth Lacrosse,Glastonbury 12U White,4,10,False,2026-05-11,2026,U12 Boys,completed,1492.811890774523,1480.3303243926996,1472.8771746455197
2afc045d4a3535ee,Glastonbury 12U White,Connecticut Valley Youth Lacrosse,10,4,True,2026-05-11,2026,U12 Boys,completed,1480.3303243926996,1492.811890774523,1500.2650405217028
30be576a2509b5ab,Connecticut Valley Youth Lacrosse,East Longmeadow 12U White,6,4,True,2026-05-11,2026,U12 Boys,completed,1472.8771746455197,1478.9139225630563,1483.9308883203664
30be576a2509b5ab,East Longmeadow 12U White,Connecticut Valley Youth Lacrosse,4,6,False,2026-05-11,2026,U12 Boys,completed,1478.9139225630563,1472.8771746455197,1467.8602088882096
813831cda086bd09,Connecticut Valley Youth Lacrosse,Meriden 12U,1,6,False,2026-05-11,2026,U12 Boys,completed,1483.9308883203664,1479.5081971953882,1465.984626328824
813831cda086bd09,Meriden 12U,Connecticut Valley Youth Lacrosse,6,1,True,2026-05-11,2026,U12 Boys,completed,1479.5081971953882,1483.9308883203664,1497.4544591869305
9cc69fa591b2b586,Connecticut Valley Youth Lacrosse,West Hartford 12U Green,0,8,False,2026-05-11,2026,U12 Boys,completed,1465.984626328824,1568.7616013074964,1450.5003513268289
9cc69fa591b2b586,West Hartford 12U Green,Connecticut Valley Youth Lacrosse,8,0,True,2026-05-11,2026,U12 Boys,completed,1568.7616013074964,1465.984626328824,1584.2458763094917
a3d6da0b6d0fb16f,Connecticut Valley Youth Lacrosse,South Windsor 12U,9,12,False,2026-05-11,2026,U12 Boys,completed,1450.5003513268289,1491.0960434585518,1438.3835168201556
a3d6da0b6d0fb16f,South Windsor 12U,Connecticut Valley Youth Lacrosse,12,9,True,2026-05-11,2026,U12 Boys,completed,1491.0960434585518,1450.5003513268289,1503.212877965225
adda96ae3cc488b3,Connecticut Valley Youth Lacrosse,Tolland 12U,8,0,True,2026-05-11,2026,U12 Boys,completed,1438.3835168201556,1431.4085349494555,1459.6806808025337
adda96ae3cc488b3,Tolland 12U,Connecticut Valley Youth Lacrosse,0,8,False,2026-05-11,2026,U12 Boys,completed,1431.4085349494555,1438.3835168201556,1410.1113709670774
c6684e23d616cd14,Connecticut Valley Youth Lacrosse,Minnechaug 12U White,4,6,False,2026-05-11,2026,U12 Boys,completed,1459.6806808025337,1544.6281291639593,1451.4188309946387
c6684e23d616cd14,Minnechaug 12U White,Connecticut Valley Youth Lacrosse,6,4,True,2026-05-11,2026,U12 Boys,completed,1544.6281291639593,1459.6806808025337,1552.8899789718544
d381cbfe385c039f,East Longmeadow 12U A,Minnechaug 12U,0,14,False,2026-05-11,2026,U12 Boys,completed,1464.2630669535563,1664.905027709678,1451.4272446488785
d381cbfe385c039f,Minnechaug 12U,East Longmeadow 12U A,14,0,True,2026-05-11,2026,U12 Boys,completed,1664.905027709678,1464.2630669535563,1677.7408500143558
e6a5005a2c94ef2e,Connecticut Valley Youth Lacrosse,Minnechaug 12U,0,14,False,2026-05-11,2026,U12 Boys,completed,1451.4188309946387,1677.7408500143558,1439.9695196892833
e6a5005a2c94ef2e,Minnechaug 12U,Connecticut Valley Youth Lacrosse,14,0,True,2026-05-11,2026,U12 Boys,completed,1677.7408500143558,1451.4188309946387,1689.1901613197113
f52198e211c351b3,Connecticut Valley Youth Lacrosse,Farmington 12U Black,10,4,True,2026-05-11,2026,U12 Boys,completed,1439.9695196892833,1443.5568847838185,1459.4188914380509
f52198e211c351b3,Farmington 12U Black,Connecticut Valley Youth Lacrosse,4,10,False,2026-05-11,2026,U12 Boys,completed,1443.5568847838185,1439.9695196892833,1424.107513035051
11b0a4c9e1c860db,Connecticut Valley Youth Lacrosse,Glastonbury 12U White,10,5,True,2026-05-12,2026,U12 Boys,completed,1459.4188914380509,1500.2650405217028,1479.219633622136
11b0a4c9e1c860db,Glastonbury 12U White,Connecticut Valley Youth Lacrosse,5,10,False,2026-05-12,2026,U12 Boys,completed,1500.2650405217028,1459.4188914380509,1480.4642983376177
15bc6f00a632d6ff,Connecticut Valley Youth Lacrosse,West Springfield 12U,3,9,False,2026-05-12,2026,U12 Boys,completed,1479.219633622136,1571.9726891532,1464.9884557465398
15bc6f00a632d6ff,West Springfield 12U,Connecticut Valley Youth Lacrosse,9,3,True,2026-05-12,2026,U12 Boys,completed,1571.9726891532,1479.219633622136,1586.2038670287961
27e4c320a5eb1205,Connecticut Valley Youth Lacrosse,Southington 12U Blue,5,9,False,2026-05-12,2026,U12 Boys,completed,1464.9884557465398,1513.3772275131562,1451.268227315237
27e4c320a5eb1205,Southington 12U Blue,Connecticut Valley Youth Lacrosse,9,5,True,2026-05-12,2026,U12 Boys,completed,1513.3772275131562,1464.9884557465398,1527.097455944459
456945c3036b34a1,Connecticut Valley Youth Lacrosse,Wolcott 12U,9,5,True,2026-05-12,2026,U12 Boys,completed,1451.268227315237,1571.2676287730949,1472.483901686217
456945c3036b34a1,Wolcott 12U,Connecticut Valley Youth Lacrosse,5,9,False,2026-05-12,2026,U12 Boys,completed,1571.2676287730949,1451.268227315237,1550.051954402115
46e54526f678753d,Connecticut Valley Youth Lacrosse,South Hadley 12U,9,3,True,2026-05-12,2026,U12 Boys,completed,1472.483901686217,1392.8195271504483,1487.3990883484646
46e54526f678753d,South Hadley 12U,Connecticut Valley Youth Lacrosse,3,9,False,2026-05-12,2026,U12 Boys,completed,1392.8195271504483,1472.483901686217,1377.9043404882007
6486aba2fab779de,Agawam 12U,Connecticut Valley Youth Lacrosse,3,13,False,2026-05-12,2026,U12 Boys,completed,1488.8433861335661,1487.3990883484646,1465.017325992968
6486aba2fab779de,Connecticut Valley Youth Lacrosse,Agawam 12U,13,3,True,2026-05-12,2026,U12 Boys,completed,1487.3990883484646,1488.8433861335661,1511.2251484890628
6e6fd83d1c1a41fd,Connecticut Valley Youth Lacrosse,East Longmeadow 12U A,8,6,True,2026-05-12,2026,U12 Boys,completed,1511.2251484890628,1451.4272446488785,1520.2436120969742
6e6fd83d1c1a41fd,East Longmeadow 12U A,Connecticut Valley Youth Lacrosse,6,8,False,2026-05-12,2026,U12 Boys,completed,1451.4272446488785,1511.2251484890628,1442.4087810409671
d7f6271d21f0597b,Connecticut Valley Youth Lacrosse,Longmeadow 12U Black,6,8,False,2026-05-12,2026,U12 Boys,completed,1520.2436120969742,1494.882798802683,1508.5797635747751
d7f6271d21f0597b,Longmeadow 12U Black,Connecticut Valley Youth Lacrosse,8,6,True,2026-05-12,2026,U12 Boys,completed,1494.882798802683,1520.2436120969742,1506.546647324882
f37c26f231639f9e,Connecticut Valley Youth Lacrosse,Suffield 12U,5,10,False,2026-05-12,2026,U12 Boys,completed,1508.5797635747751,1556.1031258504315,1493.258536390907
f37c26f231639f9e,Suffield 12U,Connecticut Valley Youth Lacrosse,10,5,True,2026-05-12,2026,U12 Boys,completed,1556.1031258504315,1508.5797635747751,1571.4243530342997
170d4d37b4a6c863,Connecticut Valley Youth Lacrosse,Suffield 12U White,2,5,False,2026-05-13,2026,U12 Boys,completed,1493.258536390907,1539.3230386856633,1481.347413226915
170d4d37b4a6c863,Suffield 12U White,Connecticut Valley Youth Lacrosse,5,2,True,2026-05-13,2026,U12 Boys,completed,1539.3230386856633,1493.258536390907,1551.2341618496553
28dd40ab747345c1,Connecticut Valley Youth Lacrosse,Southington 12U White,5,1,True,2026-05-13,2026,U12 Boys,completed,1481.347413226915,1490.9916447419769,1497.7179047695008
28dd40ab747345c1,Southington 12U White,Connecticut Valley Youth Lacrosse,1,5,False,2026-05-13,2026,U12 Boys,completed,1490.9916447419769,1481.347413226915,1474.621153199391
30b3f5ec858b897b,Connecticut Valley Youth Lacrosse,Wethersfield 12U A,10,6,True,2026-05-13,2026,U12 Boys,completed,1497.7179047695008,1541.8660167386479,1515.6601838541335
30b3f5ec858b897b,Wethersfield 12U A,Connecticut Valley Youth Lacrosse,6,10,False,2026-05-13,2026,U12 Boys,completed,1541.8660167386479,1497.7179047695008,1523.9237376540152
43faaa10a0102563,Connecticut Valley Youth Lacrosse,RHAM 12U,2,14,False,2026-05-13,2026,U12 Boys,completed,1515.6601838541335,1595.7851932273647,1496.0263587101665
43faaa10a0102563,RHAM 12U,Connecticut Valley Youth Lacrosse,14,2,True,2026-05-13,2026,U12 Boys,completed,1595.7851932273647,1515.6601838541335,1615.4190183713317
4d2d19f1e9b9b0da,Connecticut Valley Youth Lacrosse,West Hartford 12U Gold,6,10,False,2026-05-13,2026,U12 Boys,completed,1496.0263587101665,1633.008957586071,1486.070547459002
4d2d19f1e9b9b0da,West Hartford 12U Gold,Connecticut Valley Youth Lacrosse,10,6,True,2026-05-13,2026,U12 Boys,completed,1633.008957586071,1496.0263587101665,1642.9647688372354
564504bb38250958,Connecticut Valley Youth Lacrosse,Glastonbury 12U Blue,6,5,True,2026-05-13,2026,U12 Boys,completed,1486.070547459002,1457.435130761803,1495.1548828787409
564504bb38250958,Glastonbury 12U Blue,Connecticut Valley Youth Lacrosse,5,6,False,2026-05-13,2026,U12 Boys,completed,1457.435130761803,1486.070547459002,1448.3507953420642
6bf4419f77d1bab7,Connecticut Valley Youth Lacrosse,West Hartford 12U White,5,2,True,2026-05-13,2026,U12 Boys,completed,1495.1548828787409,1419.5820835126813,1505.938673359873
6bf4419f77d1bab7,West Hartford 12U White,Connecticut Valley Youth Lacrosse,2,5,False,2026-05-13,2026,U12 Boys,completed,1419.5820835126813,1495.1548828787409,1408.798293031549
9fc7aa44e48ee150,Connecticut Valley Youth Lacrosse,Newington 12U,15,2,True,2026-05-13,2026,U12 Boys,completed,1505.938673359873,1448.7444395495825,1527.800618082908
9fc7aa44e48ee150,Newington 12U,Connecticut Valley Youth Lacrosse,2,15,False,2026-05-13,2026,U12 Boys,completed,1448.7444395495825,1505.938673359873,1426.8824948265476
acc624d31c754564,Connecticut Valley Youth Lacrosse,Tolland 12U,10,3,True,2026-05-13,2026,U12 Boys,completed,1527.800618082908,1410.1113709670774,1541.6677693347674
acc624d31c754564,Tolland 12U,Connecticut Valley Youth Lacrosse,3,10,False,2026-05-13,2026,U12 Boys,completed,1410.1113709670774,1527.800618082908,1396.244219715218
af4de83e651d4ba7,Connecticut Valley Youth Lacrosse,Ellington 12U,3,10,False,2026-05-13,2026,U12 Boys,completed,1541.6677693347674,1442.1731143103175,1515.342903771567
af4de83e651d4ba7,Ellington 12U,Connecticut Valley Youth Lacrosse,10,3,True,2026-05-13,2026,U12 Boys,completed,1442.1731143103175,1541.6677693347674,1468.4979798735178
b1093535cf6c52fc,Connecticut Valley Youth Lacrosse,Granby 12U,14,2,True,2026-05-13,2026,U12 Boys,completed,1515.342903771567,1463.3271908309302,1536.9623851325211
b1093535cf6c52fc,Granby 12U,Connecticut Valley Youth Lacrosse,2,14,False,2026-05-13,2026,U12 Boys,completed,1463.3271908309302,1515.342903771567,1441.7077094699762
c0d1eb365d31ab00,Avon 12U B,Connecticut Valley Youth Lacrosse,5,1,True,2026-05-13,2026,U12 Boys,completed,1524.4334577394172,1536.9623851325211,1540.9417761410875
c0d1eb365d31ab00,Connecticut Valley Youth Lacrosse,Avon 12U B,1,5,False,2026-05-13,2026,U12 Boys,completed,1536.9623851325211,1524.4334577394172,1520.4540667308509
eca87c4b97b1a049,Berlin 12U A,Connecticut Valley Youth Lacrosse,15,2,True,2026-05-13,2026,U12 Boys,completed,1459.3542089396167,1520.4540667308509,1490.0307652262109
eca87c4b97b1a049,Connecticut Valley Youth Lacrosse,Berlin 12U A,2,15,False,2026-05-13,2026,U12 Boys,completed,1520.4540667308509,1459.3542089396167,1489.7775104442567
f8118e8de0de8875,Connecticut Valley Youth Lacrosse,Farmington 12U Red,5,6,False,2026-05-13,2026,U12 Boys,completed,1489.7775104442567,1522.8095830487573,1480.8150205418224
f8118e8de0de8875,Farmington 12U Red,Connecticut Valley Youth Lacrosse,6,5,True,2026-05-13,2026,U12 Boys,completed,1522.8095830487573,1489.7775104442567,1531.7720729511916
2d21b09f554b9a05,Connecticut Valley Youth Lacrosse,East Longmeadow 12U A,10,9,True,2026-05-14,2026,U12 Boys,completed,1480.8150205418224,1442.4087810409671,1489.6262611145846
2d21b09f554b9a05,East Longmeadow 12U A,Connecticut Valley Youth Lacrosse,9,10,False,2026-05-14,2026,U12 Boys,completed,1442.4087810409671,1480.8150205418224,1433.597540468205
39a83346ccc35338,Burlington 12U,Connecticut Valley Youth Lacrosse,13,17,False,2026-05-14,2026,U12 Boys,completed,1542.7009277727102,1489.6262611145846,1524.3492021022341
39a83346ccc35338,Connecticut Valley Youth Lacrosse,Burlington 12U,17,13,True,2026-05-14,2026,U12 Boys,completed,1489.6262611145846,1542.7009277727102,1507.9779867850607
555a2ad0ea726b57,Connecticut Valley Youth Lacrosse,Meriden 12U,5,5,False,2026-05-14,2026,U12 Boys,completed,1507.9779867850607,1497.4544591869305,1507.6781565228616
555a2ad0ea726b57,Meriden 12U,Connecticut Valley Youth Lacrosse,5,5,False,2026-05-14,2026,U12 Boys,completed,1497.4544591869305,1507.9779867850607,1497.7542894491296
652d32017d5860dd,Connecticut Valley Youth Lacrosse,Suffield 12U,7,5,True,2026-05-14,2026,U12 Boys,completed,1507.6781565228616,1571.4243530342997,1520.530819134598
652d32017d5860dd,Suffield 12U,Connecticut Valley Youth Lacrosse,5,7,False,2026-05-14,2026,U12 Boys,completed,1571.4243530342997,1507.6781565228616,1558.5716904225633
732ca2f59a41f308,Connecticut Valley Youth Lacrosse,Southington 12U Blue,13,17,False,2026-05-14,2026,U12 Boys,completed,1520.530819134598,1527.097455944459,1504.8943932987636
732ca2f59a41f308,Southington 12U Blue,Connecticut Valley Youth Lacrosse,17,13,True,2026-05-14,2026,U12 Boys,completed,1527.097455944459,1520.530819134598,1542.7338817802934
bb0268684da5dda8,Bristol 12U,Connecticut Valley Youth Lacrosse,5,5,False,2026-05-14,2026,U12 Boys,completed,1424.299427614602,1504.8943932987636,1426.5562794295595
bb0268684da5dda8,Connecticut Valley Youth Lacrosse,Bristol 12U,5,5,False,2026-05-14,2026,U12 Boys,completed,1504.8943932987636,1424.299427614602,1502.6375414838062
c0cf6dd18e62202d,Agawam 12U,Connecticut Valley Youth Lacrosse,10,9,True,2026-05-14,2026,U12 Boys,completed,1465.017325992968,1502.6375414838062,1475.9886987292148
c0cf6dd18e62202d,Connecticut Valley Youth Lacrosse,Agawam 12U,9,10,False,2026-05-14,2026,U12 Boys,completed,1502.6375414838062,1465.017325992968,1491.6661687475594
d8ac0d8a25390786,Connecticut Valley Youth Lacrosse,Westfield 12U Red,5,7,False,2026-05-14,2026,U12 Boys,completed,1491.6661687475594,1579.4712744259818,1483.478607510447
d8ac0d8a25390786,Westfield 12U Red,Connecticut Valley Youth Lacrosse,7,5,True,2026-05-14,2026,U12 Boys,completed,1579.4712744259818,1491.6661687475594,1587.6588356630941
156f921832eed7fa,Connecticut Valley Youth Lacrosse,East Longmeadow 12U A,4,6,False,2026-05-15,2026,U12 Boys,completed,1483.478607510447,1433.597540468205,1471.0466620322418
156f921832eed7fa,East Longmeadow 12U A,Connecticut Valley Youth Lacrosse,6,4,True,2026-05-15,2026,U12 Boys,completed,1433.597540468205,1483.478607510447,1446.0294859464102
2036e8c331becc9b,Connecticut Valley Youth Lacrosse,Meriden 12U,9,3,True,2026-05-15,2026,U12 Boys,completed,1471.0466620322418,1497.7542894491296,1491.7978416071187
2036e8c331becc9b,Meriden 12U,Connecticut Valley Youth Lacrosse,3,9,False,2026-05-15,2026,U12 Boys,completed,1497.7542894491296,1471.0466620322418,1477.0031098742527
541430845fe66ecd,Connecticut Valley Youth Lacrosse,Suffield 12U White,3,5,False,2026-05-15,2026,U12 Boys,completed,1491.7978416071187,1551.2341618496553,1482.7601891209351
541430845fe66ecd,Suffield 12U White,Connecticut Valley Youth Lacrosse,5,3,True,2026-05-15,2026,U12 Boys,completed,1551.2341618496553,1491.7978416071187,1560.2718143358388
55e0a00bfc3d49e9,Connecticut Valley Youth Lacrosse,Wolcott 12U,3,9,False,2026-05-15,2026,U12 Boys,completed,1482.7601891209351,1550.051954402115,1467.1733942783533
55e0a00bfc3d49e9,Wolcott 12U,Connecticut Valley Youth Lacrosse,9,3,True,2026-05-15,2026,U12 Boys,completed,1550.051954402115,1482.7601891209351,1565.6387492446968
58af4fe106b643b5,Connecticut Valley Youth Lacrosse,Simsbury 12U A,12,7,True,2026-05-15,2026,U12 Boys,completed,1467.1733942783533,1427.1217604440783,1482.8840069907787
58af4fe106b643b5,Simsbury 12U A,Connecticut Valley Youth Lacrosse,7,12,False,2026-05-15,2026,U12 Boys,completed,1427.1217604440783,1467.1733942783533,1411.4111477316528
b3d626043974dce8,Connecticut Valley Youth Lacrosse,South Hadley 12U,6,4,True,2026-05-15,2026,U12 Boys,completed,1482.8840069907787,1377.9043404882007,1490.5745966978516
b3d626043974dce8,South Hadley 12U,Connecticut Valley Youth Lacrosse,4,6,False,2026-05-15,2026,U12 Boys,completed,1377.9043404882007,1482.8840069907787,1370.2137507811278
bd3089be5913c2c5,Connecticut Valley Youth Lacrosse,Glastonbury 12U White,7,12,False,2026-05-15,2026,U12 Boys,completed,1490.5745966978516,1480.4642983376177,1472.309702476671
bd3089be5913c2c5,Glastonbury 12U White,Connecticut Valley Youth Lacrosse,12,7,True,2026-05-15,2026,U12 Boys,completed,1480.4642983376177,1490.5745966978516,1498.7291925587983
cb821be96077bd7b,Berlin 12U A,Connecticut Valley Youth Lacrosse,7,2,True,2026-05-15,2026,U12 Boys,completed,1490.0307652262109,1472.309702476671,1506.8753421089966
cb821be96077bd7b,Connecticut Valley Youth Lacrosse,Berlin 12U A,2,7,False,2026-05-15,2026,U12 Boys,completed,1472.309702476671,1490.0307652262109,1455.4651255938852
e43827eb4fcf7308,Connecticut Valley Youth Lacrosse,Middletown 12U,7,2,True,2026-05-15,2026,U12 Boys,completed,1455.4651255938852,1430.445969365819,1471.9387813331682
e43827eb4fcf7308,Middletown 12U,Connecticut Valley Youth Lacrosse,2,7,False,2026-05-15,2026,U12 Boys,completed,1430.445969365819,1455.4651255938852,1413.972313626536
f86b09131dcd2f3d,Connecticut Valley Youth Lacrosse,Glastonbury 12U Blue,5,3,True,2026-05-15,2026,U12 Boys,completed,1471.9387813331682,1448.3507953420642,1482.0844677055563
f86b09131dcd2f3d,Glastonbury 12U Blue,Connecticut Valley Youth Lacrosse,3,5,False,2026-05-15,2026,U12 Boys,completed,1448.3507953420642,1471.9387813331682,1438.205108969676
0990c9383cd60aac,Connecticut Valley Youth Lacrosse,West Springfield 12U,6,7,False,2026-05-16,2026,U12 Boys,completed,1482.0844677055563,1586.2038670287961,1475.0607166500265
0990c9383cd60aac,West Springfield 12U,Connecticut Valley Youth Lacrosse,7,6,True,2026-05-16,2026,U12 Boys,completed,1586.2038670287961,1482.0844677055563,1593.227618084326
0dbca735e5a040d9,Agawam 12U,Connecticut Valley Youth Lacrosse,6,7,False,2026-05-16,2026,U12 Boys,completed,1475.9886987292148,1475.0607166500265,1466.0551166534137
0dbca735e5a040d9,Connecticut Valley Youth Lacrosse,Agawam 12U,7,6,True,2026-05-16,2026,U12 Boys,completed,1475.0607166500265,1475.9886987292148,1484.9942987258275
2d4f76a8539a4161,Belchertown 12U,Northampton 12U,4,2,True,2026-05-16,2026,U12 Boys,completed,1501.2267750011165,1423.4405757358209,1509.714218606983
2d4f76a8539a4161,Northampton 12U,Belchertown 12U,2,4,False,2026-05-16,2026,U12 Boys,completed,1423.4405757358209,1501.2267750011165,1414.9531321299544
442c6df897eddcde,Connecticut Valley Youth Lacrosse,Longmeadow 12U Black,3,8,False,2026-05-16,2026,U12 Boys,completed,1484.9942987258275,1506.546647324882,1468.3419029026313
442c6df897eddcde,Longmeadow 12U Black,Connecticut Valley Youth Lacrosse,8,3,True,2026-05-16,2026,U12 Boys,completed,1506.546647324882,1484.9942987258275,1523.1990431480783
684ff20e38f8f30c,Connecticut Valley Youth Lacrosse,Glastonbury 12U Blue,7,2,True,2026-05-16,2026,U12 Boys,completed,1468.3419029026313,1438.205108969676,1484.5585803792303
684ff20e38f8f30c,Glastonbury 12U Blue,Connecticut Valley Youth Lacrosse,2,7,False,2026-05-16,2026,U12 Boys,completed,1438.205108969676,1468.3419029026313,1421.988431493077
90de04f2363d0dc5,Belchertown 12U,Connecticut Valley Youth Lacrosse,4,2,True,2026-05-16,2026,U12 Boys,completed,1509.714218606983,1484.5585803792303,1519.8127868348415
90de04f2363d0dc5,Connecticut Valley Youth Lacrosse,Belchertown 12U,2,4,False,2026-05-16,2026,U12 Boys,completed,1484.5585803792303,1509.714218606983,1474.4600121513718
c630dd9491eb9eb2,Avon 12U B,Connecticut Valley Youth Lacrosse,7,2,True,2026-05-16,2026,U12 Boys,completed,1540.9417761410875,1474.4600121513718,1555.3391828235342
c630dd9491eb9eb2,Connecticut Valley Youth Lacrosse,Avon 12U B,2,7,False,2026-05-16,2026,U12 Boys,completed,1474.4600121513718,1540.9417761410875,1460.062605468925
d902865dd4693980,Connecticut Valley Youth Lacrosse,South Hadley 12U,8,3,True,2026-05-16,2026,U12 Boys,completed,1460.062605468925,1370.2137507811278,1473.325161525621
d902865dd4693980,South Hadley 12U,Connecticut Valley Youth Lacrosse,3,8,False,2026-05-16,2026,U12 Boys,completed,1370.2137507811278,1460.062605468925,1356.9511947244318
001a52be30aa5dc6,Connecticut Valley Youth Lacrosse,Suffield 12U White,3,3,False,2026-05-17,2026,U12 Boys,completed,1473.325161525621,1560.2718143358388,1475.7544354069953
001a52be30aa5dc6,Suffield 12U White,Connecticut Valley Youth Lacrosse,3,3,False,2026-05-17,2026,U12 Boys,completed,1560.2718143358388,1473.325161525621,1557.8425404544646
3536728436486368,Connecticut Valley Youth Lacrosse,Simsbury 12U A,13,6,True,2026-05-17,2026,U12 Boys,completed,1475.7544354069953,1411.4111477316528,1492.5873032235652
3536728436486368,Simsbury 12U A,Connecticut Valley Youth Lacrosse,6,13,False,2026-05-17,2026,U12 Boys,completed,1411.4111477316528,1475.7544354069953,1394.578279915083
405cee854971a915,Connecticut Valley Youth Lacrosse,RHAM 12U,4,7,False,2026-05-17,2026,U12 Boys,completed,1492.5873032235652,1615.4190183713317,1483.5136996147112
405cee854971a915,RHAM 12U,Connecticut Valley Youth Lacrosse,7,4,True,2026-05-17,2026,U12 Boys,completed,1615.4190183713317,1492.5873032235652,1624.4926219801857
418aaf527706c2c4,Connecticut Valley Youth Lacrosse,Minnechaug 12U,14,3,True,2026-05-17,2026,U12 Boys,completed,1483.5136996147112,1689.1901613197113,1521.2227954408638
418aaf527706c2c4,Minnechaug 12U,Connecticut Valley Youth Lacrosse,3,14,False,2026-05-17,2026,U12 Boys,completed,1689.1901613197113,1483.5136996147112,1651.4810654935586
4d4b797ce2999e41,Connecticut Valley Youth Lacrosse,Wethersfield 12U A,8,7,True,2026-05-17,2026,U12 Boys,completed,1521.2227954408638,1523.9237376540152,1531.210014637835
4d4b797ce2999e41,Wethersfield 12U A,Connecticut Valley Youth Lacrosse,7,8,False,2026-05-17,2026,U12 Boys,completed,1523.9237376540152,1521.2227954408638,1513.936518457044
4f40ecb4f487990e,Avon 12U,Connecticut Valley Youth Lacrosse,8,7,True,2026-05-17,2026,U12 Boys,completed,1527.1346326331072,1531.210014637835,1537.1613235480736
4f40ecb4f487990e,Connecticut Valley Youth Lacrosse,Avon 12U,7,8,False,2026-05-17,2026,U12 Boys,completed,1531.210014637835,1527.1346326331072,1521.1833237228686
5afd5d86ff589c64,Connecticut Valley Youth Lacrosse,West Hartford 12U Green,7,4,True,2026-05-17,2026,U12 Boys,completed,1521.1833237228686,1584.2458763094917,1537.3892383156685
5afd5d86ff589c64,West Hartford 12U Green,Connecticut Valley Youth Lacrosse,4,7,False,2026-05-17,2026,U12 Boys,completed,1584.2458763094917,1521.1833237228686,1568.0399617166918
8de26f0a17979e98,Minnechaug 12U,Suffield 12U,3,14,False,2026-05-17,2026,U12 Boys,completed,1651.4810654935586,1558.5716904225633,1620.4199784612495
8de26f0a17979e98,Suffield 12U,Minnechaug 12U,14,3,True,2026-05-17,2026,U12 Boys,completed,1558.5716904225633,1651.4810654935586,1589.6327774548724
90ab783959d0eec6,Connecticut Valley Youth Lacrosse,Minnechaug 12U White,3,3,False,2026-05-17,2026,U12 Boys,completed,1537.3892383156685,1552.8899789718544,1537.8311324551314
90ab783959d0eec6,Minnechaug 12U White,Connecticut Valley Youth Lacrosse,3,3,False,2026-05-17,2026,U12 Boys,completed,1552.8899789718544,1537.3892383156685,1552.4480848323915
d8eec5a9f44ca20e,Connecticut Valley Youth Lacrosse,Wethersfield 12U B,4,5,False,2026-05-17,2026,U12 Boys,completed,1537.8311324551314,1501.7325604099058,1526.8935120286344
d8eec5a9f44ca20e,Wethersfield 12U B,Connecticut Valley Youth Lacrosse,5,4,True,2026-05-17,2026,U12 Boys,completed,1501.7325604099058,1537.8311324551314,1512.6701808364028
da2ce2903fecc407,Connecticut Valley Youth Lacrosse,Glastonbury 12U White,6,13,False,2026-05-17,2026,U12 Boys,completed,1526.8935120286344,1498.7291925587983,1504.6154338408803
da2ce2903fecc407,Glastonbury 12U White,Connecticut Valley Youth Lacrosse,13,6,True,2026-05-17,2026,U12 Boys,completed,1498.7291925587983,1526.8935120286344,1521.0072707465524
1f5d3a8d66588c5f,Connecticut Valley Youth Lacrosse,East Longmeadow 12U White,7,5,True,2026-05-18,2026,U12 Boys,completed,1504.6154338408803,1467.8602088882096,1514.357185444098
1f5d3a8d66588c5f,East Longmeadow 12U White,Connecticut Valley Youth Lacrosse,5,7,False,2026-05-18,2026,U12 Boys,completed,1467.8602088882096,1504.6154338408803,1458.118457284992
34f922ec400e049d,Connecticut Valley Youth Lacrosse,Ellington 12U,4,5,False,2026-05-18,2026,U12 Boys,completed,1514.357185444098,1468.4979798735178,1503.144094662243
34f922ec400e049d,Ellington 12U,Connecticut Valley Youth Lacrosse,5,4,True,2026-05-18,2026,U12 Boys,completed,1468.4979798735178,1514.357185444098,1479.7110706553726
63b627d3a50cd88e,Connecticut Valley Youth Lacrosse,Southington 12U Blue,14,5,True,2026-05-18,2026,U12 Boys,completed,1503.144094662243,1542.7338817802934,1528.5581692608941
63b627d3a50cd88e,Southington 12U Blue,Connecticut Valley Youth Lacrosse,5,14,False,2026-05-18,2026,U12 Boys,completed,1542.7338817802934,1503.144094662243,1517.3198071816423
648c01d42fdacfa9,Connecticut Valley Youth Lacrosse,Northampton 12U,5,7,False,2026-05-18,2026,U12 Boys,completed,1528.5581692608941,1414.9531321299544,1514.2286292779756
648c01d42fdacfa9,Northampton 12U,Connecticut Valley Youth Lacrosse,7,5,True,2026-05-18,2026,U12 Boys,completed,1414.9531321299544,1528.5581692608941,1429.282672112873
66e03ef783cacf30,Connecticut Valley Youth Lacrosse,Southington 12U White,1,2,False,2026-05-18,2026,U12 Boys,completed,1514.2286292779756,1474.621153199391,1503.190374152592
66e03ef783cacf30,Southington 12U White,Connecticut Valley Youth Lacrosse,2,1,True,2026-05-18,2026,U12 Boys,completed,1474.621153199391,1514.2286292779756,1485.6594083247746
6cb6cb4990704d07,Connecticut Valley Youth Lacrosse,Granby 12U,5,4,True,2026-05-18,2026,U12 Boys,completed,1503.190374152592,1441.7077094699762,1511.367484410571
6cb6cb4990704d07,Granby 12U,Connecticut Valley Youth Lacrosse,4,5,False,2026-05-18,2026,U12 Boys,completed,1441.7077094699762,1503.190374152592,1433.5305992119972
7e366a957f024055,Bristol 12U,Connecticut Valley Youth Lacrosse,4,3,True,2026-05-18,2026,U12 Boys,completed,1426.5562794295595,1511.367484410571,1438.8428344865167
7e366a957f024055,Connecticut Valley Youth Lacrosse,Bristol 12U,3,4,False,2026-05-18,2026,U12 Boys,completed,1511.367484410571,1426.5562794295595,1499.0809293536138
88e4a7dc3a1c5ef7,Connecticut Valley Youth Lacrosse,Glastonbury 12U White,5,14,False,2026-05-18,2026,U12 Boys,completed,1499.0809293536138,1521.0072707465524,1477.692280921316
88e4a7dc3a1c5ef7,Glastonbury 12U White,Connecticut Valley Youth Lacrosse,14,5,True,2026-05-18,2026,U12 Boys,completed,1521.0072707465524,1499.0809293536138,1542.3959191788501
9631d0463eecfbfe,Connecticut Valley Youth Lacrosse,Minnechaug 12U,4,6,False,2026-05-18,2026,U12 Boys,completed,1477.692280921316,1620.4199784612495,1471.0391441298127
9631d0463eecfbfe,Minnechaug 12U,Connecticut Valley Youth Lacrosse,6,4,True,2026-05-18,2026,U12 Boys,completed,1620.4199784612495,1477.692280921316,1627.0731152527528
9f6deea4da5a8027,Connecticut Valley Youth Lacrosse,Glastonbury 12U Blue,2,1,True,2026-05-18,2026,U12 Boys,completed,1471.0391441298127,1421.988431493077,1479.5629637472798
9f6deea4da5a8027,Glastonbury 12U Blue,Connecticut Valley Youth Lacrosse,1,2,False,2026-05-18,2026,U12 Boys,completed,1421.988431493077,1471.0391441298127,1413.46461187561
ba09045dca3590a9,Minnechaug 12U,Somers 12U White,6,4,True,2026-05-18,2026,U12 Boys,completed,1627.0731152527528,1516.8000416394373,1634.6198329272365
ba09045dca3590a9,Somers 12U White,Minnechaug 12U,4,6,False,2026-05-18,2026,U12 Boys,completed,1516.8000416394373,1627.0731152527528,1509.2533239649536
bf52e59ec7a6f807,Connecticut Valley Youth Lacrosse,Somers 12U Red,7,4,True,2026-05-18,2026,U12 Boys,completed,1479.5629637472798,1499.6729349004845,1494.1024344714147
bf52e59ec7a6f807,Somers 12U Red,Connecticut Valley Youth Lacrosse,4,7,False,2026-05-18,2026,U12 Boys,completed,1499.6729349004845,1479.5629637472798,1485.1334641763497
c92859b95d226abc,Connecticut Valley Youth Lacrosse,Longmeadow 12U Black,14,2,True,2026-05-18,2026,U12 Boys,completed,1494.1024344714147,1523.1990431480783,1521.6587852585183
c92859b95d226abc,Longmeadow 12U Black,Connecticut Valley Youth Lacrosse,2,14,False,2026-05-18,2026,U12 Boys,completed,1523.1990431480783,1494.1024344714147,1495.6426923609747
d7edb5906c00e538,Connecticut Valley Youth Lacrosse,Minnechaug 12U White,4,7,False,2026-05-18,2026,U12 Boys,completed,1521.6587852585183,1552.4480848323915,1509.1282507683995
d7edb5906c00e538,Minnechaug 12U White,Connecticut Valley Youth Lacrosse,7,4,True,2026-05-18,2026,U12 Boys,completed,1552.4480848323915,1521.6587852585183,1564.9786193225102
e2328386eb298294,Berlin 12U A,Connecticut Valley Youth Lacrosse,3,4,False,2026-05-18,2026,U12 Boys,completed,1506.8753421089966,1509.1282507683995,1497.0241441969752
e2328386eb298294,Connecticut Valley Youth Lacrosse,Berlin 12U A,4,3,True,2026-05-18,2026,U12 Boys,completed,1509.1282507683995,1506.8753421089966,1518.979448680421
f4e51fe765850269,Connecticut Valley Youth Lacrosse,Westfield 12U Red,2,14,False,2026-05-18,2026,U12 Boys,completed,1518.979448680421,1587.6588356630941,1498.5091665316504
f4e51fe765850269,Westfield 12U Red,Connecticut Valley Youth Lacrosse,14,2,True,2026-05-18,2026,U12 Boys,completed,1587.6588356630941,1518.979448680421,1608.1291178118647
07150c51642aba2f,Connecticut Valley Youth Lacrosse,Wethersfield 12U B,9,5,True,2026-05-19,2026,U12 Boys,completed,1498.5091665316504,1512.6701808364028,1515.118411901123
07150c51642aba2f,Wethersfield 12U B,Connecticut Valley Youth Lacrosse,5,9,False,2026-05-19,2026,U12 Boys,completed,1512.6701808364028,1498.5091665316504,1496.0609354669302
1429e6ffd85d217e,Connecticut Valley Youth Lacrosse,Suffield 12U White,5,9,False,2026-05-19,2026,U12 Boys,completed,1515.118411901123,1557.8425404544646,1501.1116088783235
1429e6ffd85d217e,Suffield 12U White,Connecticut Valley Youth Lacrosse,9,5,True,2026-05-19,2026,U12 Boys,completed,1557.8425404544646,1515.118411901123,1571.849343477264
43aa6b6e3d158303,Connecticut Valley Youth Lacrosse,Meriden 12U,5,4,True,2026-05-19,2026,U12 Boys,completed,1501.1116088783235,1477.0031098742527,1510.3410458978644
43aa6b6e3d158303,Meriden 12U,Connecticut Valley Youth Lacrosse,4,5,False,2026-05-19,2026,U12 Boys,completed,1477.0031098742527,1501.1116088783235,1467.7736728547118
493935e9a36af0ee,Connecticut Valley Youth Lacrosse,Longmeadow 12U Black,2,19,False,2026-05-19,2026,U12 Boys,completed,1510.3410458978644,1495.6426923609747,1480.466325996981
493935e9a36af0ee,Longmeadow 12U Black,Connecticut Valley Youth Lacrosse,19,2,True,2026-05-19,2026,U12 Boys,completed,1495.6426923609747,1510.3410458978644,1525.5174122618582
5287fc69e87ef760,Connecticut Valley Youth Lacrosse,Wolcott 12U,4,6,False,2026-05-19,2026,U12 Boys,completed,1480.466325996981,1565.6387492446968,1472.190075959626
5287fc69e87ef760,Wolcott 12U,Connecticut Valley Youth Lacrosse,6,4,True,2026-05-19,2026,U12 Boys,completed,1565.6387492446968,1480.466325996981,1573.9149992820517
535802fcb79cbb3d,Belchertown 12U,Connecticut Valley Youth Lacrosse,5,9,False,2026-05-19,2026,U12 Boys,completed,1519.8127868348415,1472.190075959626,1501.6776243184531
535802fcb79cbb3d,Connecticut Valley Youth Lacrosse,Belchertown 12U,9,5,True,2026-05-19,2026,U12 Boys,completed,1472.190075959626,1519.8127868348415,1490.3252384760144
6535d767d5e38b6c,Agawam 12U,Connecticut Valley Youth Lacrosse,1,13,False,2026-05-19,2026,U12 Boys,completed,1466.0551166534137,1490.3252384760144,1442.3916558912242
6535d767d5e38b6c,Connecticut Valley Youth Lacrosse,Agawam 12U,13,1,True,2026-05-19,2026,U12 Boys,completed,1490.3252384760144,1466.0551166534137,1513.988699238204
747f723142db35aa,Bristol 12U,Connecticut Valley Youth Lacrosse,4,6,False,2026-05-19,2026,U12 Boys,completed,1438.8428344865167,1513.988699238204,1430.2677583218372
747f723142db35aa,Connecticut Valley Youth Lacrosse,Bristol 12U,6,4,True,2026-05-19,2026,U12 Boys,completed,1513.988699238204,1438.8428344865167,1522.5637754028835
9c04663cb9ec08f9,Connecticut Valley Youth Lacrosse,South Hadley 12U,19,2,True,2026-05-19,2026,U12 Boys,completed,1522.5637754028835,1356.9511947244318,1538.5143730260259
9c04663cb9ec08f9,South Hadley 12U,Connecticut Valley Youth Lacrosse,2,19,False,2026-05-19,2026,U12 Boys,completed,1356.9511947244318,1522.5637754028835,1341.0005971012895
ad265f1c3e1d3c2c,Belchertown 12U,West Springfield 12U,5,9,False,2026-05-19,2026,U12 Boys,completed,1501.6776243184531,1593.227618084326,1489.8265879555306
ad265f1c3e1d3c2c,West Springfield 12U,Belchertown 12U,9,5,True,2026-05-19,2026,U12 Boys,completed,1593.227618084326,1501.6776243184531,1605.0786544472485
bd3495e4c5948ca1,Connecticut Valley Youth Lacrosse,Suffield 12U,1,13,False,2026-05-19,2026,U12 Boys,completed,1538.5143730260259,1589.6327774548724,1516.79074812997
bd3495e4c5948ca1,Suffield 12U,Connecticut Valley Youth Lacrosse,13,1,True,2026-05-19,2026,U12 Boys,completed,1589.6327774548724,1538.5143730260259,1611.3564023509282
e18c24625e259de9,Connecticut Valley Youth Lacrosse,Newington 12U,4,5,False,2026-05-19,2026,U12 Boys,completed,1516.79074812997,1426.8824948265476,1504.3613968360069
e18c24625e259de9,Newington 12U,Connecticut Valley Youth Lacrosse,5,4,True,2026-05-19,2026,U12 Boys,completed,1426.8824948265476,1516.79074812997,1439.3118461205108
2780749fb2b8854e,Belchertown 12U,Connecticut Valley Youth Lacrosse,9,5,True,2026-05-20,2026,U12 Boys,completed,1489.8265879555306,1504.3613968360069,1506.4575561480492
2780749fb2b8854e,Connecticut Valley Youth Lacrosse,Belchertown 12U,5,9,False,2026-05-20,2026,U12 Boys,completed,1504.3613968360069,1489.8265879555306,1487.7304286434883
3837951e9167db8e,Connecticut Valley Youth Lacrosse,Simsbury 12U Blue,4,5,False,2026-05-20,2026,U12 Boys,completed,1487.7304286434883,1412.738687888601,1475.7032142509402
3837951e9167db8e,Simsbury 12U Blue,Connecticut Valley Youth Lacrosse,5,4,True,2026-05-20,2026,U12 Boys,completed,1412.738687888601,1487.7304286434883,1424.765902281149
4c6e4524278f20af,Belchertown 12U,East Longmeadow 12U A,9,5,True,2026-05-20,2026,U12 Boys,completed,1506.4575561480492,1446.0294859464102,1519.6728597614683
4c6e4524278f20af,East Longmeadow 12U A,Belchertown 12U,5,9,False,2026-05-20,2026,U12 Boys,completed,1446.0294859464102,1506.4575561480492,1432.814182332991
5068c85caa75afc4,Connecticut Valley Youth Lacrosse,Glastonbury 12U Blue,5,4,True,2026-05-20,2026,U12 Boys,completed,1475.7032142509402,1413.46461187561,1483.8644110325154
5068c85caa75afc4,Glastonbury 12U Blue,Connecticut Valley Youth Lacrosse,4,5,False,2026-05-20,2026,U12 Boys,completed,1413.46461187561,1475.7032142509402,1405.3034150940348
68ae45447cba6b4a,Connecticut Valley Youth Lacrosse,Vernon 12U,2,11,False,2026-05-20,2026,U12 Boys,completed,1483.8644110325154,1477.7982490404083,1460.6250014349534
68ae45447cba6b4a,Vernon 12U,Connecticut Valley Youth Lacrosse,11,2,True,2026-05-20,2026,U12 Boys,completed,1477.7982490404083,1483.8644110325154,1501.0376586379703
73bc1b85b4b41eb8,Connecticut Valley Youth Lacrosse,Simsbury 12U A,9,2,True,2026-05-20,2026,U12 Boys,completed,1460.6250014349534,1394.578279915083,1477.3779150698024
73bc1b85b4b41eb8,Simsbury 12U A,Connecticut Valley Youth Lacrosse,2,9,False,2026-05-20,2026,U12 Boys,completed,1394.578279915083,1460.6250014349534,1377.825366280234
900b81fa7ff1b7ff,Connecticut Valley Youth Lacrosse,Westfield 12U Red,1,19,False,2026-05-20,2026,U12 Boys,completed,1477.3779150698024,1608.1291178118647,1458.6701814519954
900b81fa7ff1b7ff,Westfield 12U Red,Connecticut Valley Youth Lacrosse,19,1,True,2026-05-20,2026,U12 Boys,completed,1608.1291178118647,1477.3779150698024,1626.8368514296717
90ab51b146a47d36,Connecticut Valley Youth Lacrosse,South Hadley 12U,19,1,True,2026-05-20,2026,U12 Boys,completed,1458.6701814519954,1341.0005971012895,1478.3486333311757
90ab51b146a47d36,South Hadley 12U,Connecticut Valley Youth Lacrosse,1,19,False,2026-05-20,2026,U12 Boys,completed,1341.0005971012895,1458.6701814519954,1321.3221452221092
98cea9d158a7a704,Connecticut Valley Youth Lacrosse,West Hartford 12U Green,8,5,True,2026-05-20,2026,U12 Boys,completed,1478.3486333311757,1568.0399617166918,1495.5747162650453
98cea9d158a7a704,West Hartford 12U Green,Connecticut Valley Youth Lacrosse,5,8,False,2026-05-20,2026,U12 Boys,completed,1568.0399617166918,1478.3486333311757,1550.8138787828223
b9e026f1b5a932cc,Connecticut Valley Youth Lacrosse,Ellington 12U,2,9,False,2026-05-20,2026,U12 Boys,completed,1495.5747162650453,1479.7110706553726,1474.0040680296504
b9e026f1b5a932cc,Ellington 12U,Connecticut Valley Youth Lacrosse,9,2,True,2026-05-20,2026,U12 Boys,completed,1479.7110706553726,1495.5747162650453,1501.2817188907675
c41b0ebf69adc987,Connecticut Valley Youth Lacrosse,Tolland 12U,11,2,True,2026-05-20,2026,U12 Boys,completed,1474.0040680296504,1396.244219715218,1491.8187035701346
c41b0ebf69adc987,Tolland 12U,Connecticut Valley Youth Lacrosse,2,11,False,2026-05-20,2026,U12 Boys,completed,1396.244219715218,1474.0040680296504,1378.4295841747337
e2394b98a4d0aa3e,Connecticut Valley Youth Lacrosse,South Windsor 12U,5,8,False,2026-05-20,2026,U12 Boys,completed,1491.8187035701346,1503.212877965225,1478.516089592103
e2394b98a4d0aa3e,South Windsor 12U,Connecticut Valley Youth Lacrosse,8,5,True,2026-05-20,2026,U12 Boys,completed,1503.212877965225,1491.8187035701346,1516.5154919432566
269f01831e34b147,Connecticut Valley Youth Lacrosse,Suffield 12U White,4,6,False,2026-05-21,2026,U12 Boys,completed,1478.516089592103,1571.849343477264,1470.4760295878273
269f01831e34b147,Suffield 12U White,Connecticut Valley Youth Lacrosse,6,4,True,2026-05-21,2026,U12 Boys,completed,1571.849343477264,1478.516089592103,1579.8894034815398
3ce905e25a97d8dc,Connecticut Valley Youth Lacrosse,Meriden 12U,3,8,False,2026-05-21,2026,U12 Boys,completed,1470.4760295878273,1467.7736728547118,1452.5608830602796
3ce905e25a97d8dc,Meriden 12U,Connecticut Valley Youth Lacrosse,8,3,True,2026-05-21,2026,U12 Boys,completed,1467.7736728547118,1470.4760295878273,1485.6888193822595
40818739d53340c3,Colchester 12U,Connecticut Valley Youth Lacrosse,11,5,True,2026-05-21,2026,U12 Boys,completed,1495.8110913214132,1452.5608830602796,1512.7267348054816
40818739d53340c3,Connecticut Valley Youth Lacrosse,Colchester 12U,5,11,False,2026-05-21,2026,U12 Boys,completed,1452.5608830602796,1495.8110913214132,1435.6452395762112
557a99a2ca197843,Connecticut Valley Youth Lacrosse,Tolland 12U,11,5,True,2026-05-21,2026,U12 Boys,completed,1435.6452395762112,1378.4295841747337,1451.801262999605
557a99a2ca197843,Tolland 12U,Connecticut Valley Youth Lacrosse,5,11,False,2026-05-21,2026,U12 Boys,completed,1378.4295841747337,1435.6452395762112,1362.27356075134
67f4c056f078b580,Connecticut Valley Youth Lacrosse,West Springfield 12U,3,9,False,2026-05-21,2026,U12 Boys,completed,1451.801262999605,1605.0786544472485,1440.4988997004714
67f4c056f078b580,West Springfield 12U,Connecticut Valley Youth Lacrosse,9,3,True,2026-05-21,2026,U12 Boys,completed,1605.0786544472485,1451.801262999605,1616.381017746382
9551a3fb524c81c9,Connecticut Valley Youth Lacrosse,Farmington 12U Red,8,3,True,2026-05-21,2026,U12 Boys,completed,1440.4988997004714,1531.7720729511916,1462.8431453062885
9551a3fb524c81c9,Farmington 12U Red,Connecticut Valley Youth Lacrosse,3,8,False,2026-05-21,2026,U12 Boys,completed,1531.7720729511916,1440.4988997004714,1509.4278273453745
ad225480a03921f5,Connecticut Valley Youth Lacrosse,Westfield 12U Black,6,4,True,2026-05-21,2026,U12 Boys,completed,1462.8431453062885,1507.5821759314545,1475.1401056949353
ad225480a03921f5,Westfield 12U Black,Connecticut Valley Youth Lacrosse,4,6,False,2026-05-21,2026,U12 Boys,completed,1507.5821759314545,1462.8431453062885,1495.2852155428077
bd28a7d7e67ac445,Connecticut Valley Youth Lacrosse,West Hartford 12U Gold,2,12,False,2026-05-21,2026,U12 Boys,completed,1475.1401056949353,1642.9647688372354,1462.0220921167831
bd28a7d7e67ac445,West Hartford 12U Gold,Connecticut Valley Youth Lacrosse,12,2,True,2026-05-21,2026,U12 Boys,completed,1642.9647688372354,1475.1401056949353,1656.0827824153876
e42a618379fe1c9f,Connecticut Valley Youth Lacrosse,Longmeadow 12U Black,12,2,True,2026-05-21,2026,U12 Boys,completed,1462.0220921167831,1525.5174122618582,1490.1168023224247
e42a618379fe1c9f,Longmeadow 12U Black,Connecticut Valley Youth Lacrosse,2,12,False,2026-05-21,2026,U12 Boys,completed,1525.5174122618582,1462.0220921167831,1497.4227020562166
f7c021c15b3502ca,Connecticut Valley Youth Lacrosse,Northampton 12U,9,3,True,2026-05-21,2026,U12 Boys,completed,1490.1168023224247,1429.282672112873,1506.079374944605
f7c021c15b3502ca,Northampton 12U,Connecticut Valley Youth Lacrosse,3,9,False,2026-05-21,2026,U12 Boys,completed,1429.282672112873,1490.1168023224247,1413.3200994906927
04a41f5d6b4d1901,Connecticut Valley Youth Lacrosse,Wethersfield 12U B,0,8,False,2026-05-22,2026,U12 Boys,completed,1506.079374944605,1496.0609354669302,1483.6471713836472
04a41f5d6b4d1901,Wethersfield 12U B,Connecticut Valley Youth Lacrosse,8,0,True,2026-05-22,2026,U12 Boys,completed,1496.0609354669302,1506.079374944605,1518.493139027888
1d3e30beaf706660,Connecticut Valley Youth Lacrosse,Simsbury 12U A,12,1,True,2026-05-22,2026,U12 Boys,completed,1483.6471713836472,1377.825366280234,1501.0194123755157
1d3e30beaf706660,Simsbury 12U A,Connecticut Valley Youth Lacrosse,1,12,False,2026-05-22,2026,U12 Boys,completed,1377.825366280234,1483.6471713836472,1360.4531252883655
336662f91a9fb3dd,Connecticut Valley Youth Lacrosse,East Longmeadow 12U White,8,4,True,2026-05-22,2026,U12 Boys,completed,1501.0194123755157,1458.118457284992,1515.0287505401395
336662f91a9fb3dd,East Longmeadow 12U White,Connecticut Valley Youth Lacrosse,4,8,False,2026-05-22,2026,U12 Boys,completed,1458.118457284992,1501.0194123755157,1444.1091191203682
44f26fb7072b9e0f,Burlington 12U,Connecticut Valley Youth Lacrosse,5,16,False,2026-05-22,2026,U12 Boys,completed,1524.3492021022341,1515.0287505401395,1499.0279646669794
44f26fb7072b9e0f,Connecticut Valley Youth Lacrosse,Burlington 12U,16,5,True,2026-05-22,2026,U12 Boys,completed,1515.0287505401395,1524.3492021022341,1540.3499879753942
4f63b168767322d8,Connecticut Valley Youth Lacrosse,Suffield 12U,5,16,False,2026-05-22,2026,U12 Boys,completed,1540.3499879753942,1611.3564023509282,1520.660536845716
4f63b168767322d8,Suffield 12U,Connecticut Valley Youth Lacrosse,16,5,True,2026-05-22,2026,U12 Boys,completed,1611.3564023509282,1540.3499879753942,1631.0458534806064
51a3400a218b5e85,Connecticut Valley Youth Lacrosse,Westfield 12U Red,1,12,False,2026-05-22,2026,U12 Boys,completed,1520.660536845716,1626.8368514296717,1503.309901344312
51a3400a218b5e85,Westfield 12U Red,Connecticut Valley Youth Lacrosse,12,1,True,2026-05-22,2026,U12 Boys,completed,1626.8368514296717,1520.660536845716,1644.1874869310757
58d0fb9c0e88dac3,Connecticut Valley Youth Lacrosse,Wethersfield 12U A,5,8,False,2026-05-22,2026,U12 Boys,completed,1503.309901344312,1513.936518457044,1489.9723903051647
58d0fb9c0e88dac3,Wethersfield 12U A,Connecticut Valley Youth Lacrosse,8,5,True,2026-05-22,2026,U12 Boys,completed,1513.936518457044,1503.309901344312,1527.2740294961914
9498f2663cea703d,Connecticut Valley Youth Lacrosse,Somers 12U Red,4,8,False,2026-05-22,2026,U12 Boys,completed,1489.9723903051647,1485.1334641763497,1473.776874338776
9498f2663cea703d,Somers 12U Red,Connecticut Valley Youth Lacrosse,8,4,True,2026-05-22,2026,U12 Boys,completed,1485.1334641763497,1489.9723903051647,1501.3289801427384
b7fb1ab9def5fab9,Connecticut Valley Youth Lacrosse,Southington 12U Blue,8,5,True,2026-05-22,2026,U12 Boys,completed,1473.776874338776,1517.3198071816423,1489.2509467016348
b7fb1ab9def5fab9,Southington 12U Blue,Connecticut Valley Youth Lacrosse,5,8,False,2026-05-22,2026,U12 Boys,completed,1517.3198071816423,1473.776874338776,1501.8457348187835
da656ced39399655,Connecticut Valley Youth Lacrosse,Farmington 12U Red,5,5,False,2026-05-22,2026,U12 Boys,completed,1489.2509467016348,1509.4278273453745,1489.8266813918046
da656ced39399655,Farmington 12U Red,Connecticut Valley Youth Lacrosse,5,5,False,2026-05-22,2026,U12 Boys,completed,1509.4278273453745,1489.2509467016348,1508.8520926552046
dbb70c9a51405c23,Connecticut Valley Youth Lacrosse,Southington 12U White,8,0,True,2026-05-22,2026,U12 Boys,completed,1489.8266813918046,1485.6594083247746,1511.3729870847337
dbb70c9a51405c23,Southington 12U White,Connecticut Valley Youth Lacrosse,0,8,False,2026-05-22,2026,U12 Boys,completed,1485.6594083247746,1489.8266813918046,1464.1131026318455
e521fed12a829ec0,Connecticut Valley Youth Lacrosse,West Hartford 12U White,5,5,False,2026-05-22,2026,U12 Boys,completed,1511.3729870847337,1408.798293031549,1508.524953221195
e521fed12a829ec0,West Hartford 12U White,Connecticut Valley Youth Lacrosse,5,5,False,2026-05-22,2026,U12 Boys,completed,1408.798293031549,1511.3729870847337,1411.646326895088
2dff4eb01f895107,Connecticut Valley Youth Lacrosse,RHAM 12U,1,7,False,2026-05-23,2026,U12 Boys,completed,1508.524953221195,1624.4926219801857,1495.4282492223722
2dff4eb01f895107,RHAM 12U,Connecticut Valley Youth Lacrosse,7,1,True,2026-05-23,2026,U12 Boys,completed,1624.4926219801857,1508.524953221195,1637.5893259790084
512b619ece16b9a5,Connecticut Valley Youth Lacrosse,Vernon 12U,2,4,False,2026-05-23,2026,U12 Boys,completed,1495.4282492223722,1501.0376586379703,1484.6997469457779
512b619ece16b9a5,Vernon 12U,Connecticut Valley Youth Lacrosse,4,2,True,2026-05-23,2026,U12 Boys,completed,1501.0376586379703,1495.4282492223722,1511.7661609145646
6bd8c07489a752a6,Berlin 12U A,Connecticut Valley Youth Lacrosse,4,2,True,2026-05-23,2026,U12 Boys,completed,1497.0241441969752,1484.6997469457779,1507.5422323820187
6bd8c07489a752a6,Connecticut Valley Youth Lacrosse,Berlin 12U A,2,4,False,2026-05-23,2026,U12 Boys,completed,1484.6997469457779,1497.0241441969752,1474.1816587607343
72170503e7269833,Connecticut Valley Youth Lacrosse,Meriden 12U,4,2,True,2026-05-23,2026,U12 Boys,completed,1474.1816587607343,1485.6888193822595,1485.4476461113097
72170503e7269833,Meriden 12U,Connecticut Valley Youth Lacrosse,2,4,False,2026-05-23,2026,U12 Boys,completed,1485.6888193822595,1474.1816587607343,1474.422832031684
76ae69838f64b9a2,Connecticut Valley Youth Lacrosse,West Hartford 12U Gold,9,10,False,2026-05-23,2026,U12 Boys,completed,1485.4476461113097,1656.0827824153876,1480.038917723167
76ae69838f64b9a2,West Hartford 12U Gold,Connecticut Valley Youth Lacrosse,10,9,True,2026-05-23,2026,U12 Boys,completed,1656.0827824153876,1485.4476461113097,1661.4915108035302
811ad39cf4bd2435,Connecticut Valley Youth Lacrosse,Newington 12U,7,1,True,2026-05-23,2026,U12 Boys,completed,1480.038917723167,1439.3118461205108,1497.1009907309954
811ad39cf4bd2435,Newington 12U,Connecticut Valley Youth Lacrosse,1,7,False,2026-05-23,2026,U12 Boys,completed,1439.3118461205108,1480.038917723167,1422.2497731126825
b04013c039f13af6,Connecticut Valley Youth Lacrosse,Glastonbury 12U White,10,9,True,2026-05-23,2026,U12 Boys,completed,1497.1009907309954,1542.3959191788501,1508.3144891562163
b04013c039f13af6,Glastonbury 12U White,Connecticut Valley Youth Lacrosse,9,10,False,2026-05-23,2026,U12 Boys,completed,1542.3959191788501,1497.1009907309954,1531.1824207536292
db9d582c66d1f68d,Colchester 12U,Connecticut Valley Youth Lacrosse,2,4,False,2026-05-23,2026,U12 Boys,completed,1512.7267348054816,1508.3144891562163,1501.6825086210838
db9d582c66d1f68d,Connecticut Valley Youth Lacrosse,Colchester 12U,4,2,True,2026-05-23,2026,U12 Boys,completed,1508.3144891562163,1512.7267348054816,1519.358715340614
70a0bb071aad553c,Connecticut Valley Youth Lacrosse,East Longmeadow 12U A,1,13,False,2026-05-24,2026,U12 Boys,completed,1519.358715340614,1432.814182332991,1487.6819203485602
70a0bb071aad553c,East Longmeadow 12U A,Connecticut Valley Youth Lacrosse,13,1,True,2026-05-24,2026,U12 Boys,completed,1432.814182332991,1519.358715340614,1464.490977325045
ba58baddbd8f3978,Connecticut Valley Youth Lacrosse,Northampton 12U,13,1,True,2026-05-24,2026,U12 Boys,completed,1487.6819203485602,1413.3200994906927,1507.776564952275
ba58baddbd8f3978,Northampton 12U,Connecticut Valley Youth Lacrosse,1,13,False,2026-05-24,2026,U12 Boys,completed,1413.3200994906927,1487.6819203485602,1393.2254548869778
158c3d3b470b7109,Connecticut Valley Youth Lacrosse,West Springfield 12U,4,7,False,2026-05-26,2026,U12 Boys,completed,1507.776564952275,1616.381017746382,1498.1813952806715
158c3d3b470b7109,West Springfield 12U,Connecticut Valley Youth Lacrosse,7,4,True,2026-05-26,2026,U12 Boys,completed,1616.381017746382,1507.776564952275,1625.9761874179856
4787f30d719d6850,Connecticut Valley Youth Lacrosse,Suffield 12U,0,14,False,2026-05-26,2026,U12 Boys,completed,1498.1813952806715,1631.0458534806064,1481.1045795375596
4787f30d719d6850,Suffield 12U,Connecticut Valley Youth Lacrosse,14,0,True,2026-05-26,2026,U12 Boys,completed,1631.0458534806064,1498.1813952806715,1648.1226692237183
5bd2b12d3aff3a91,Belchertown 12U,Northampton 12U,5,3,True,2026-05-26,2026,U12 Boys,completed,1519.6728597614683,1393.2254548869778,1526.776570725982
5bd2b12d3aff3a91,Northampton 12U,Belchertown 12U,3,5,False,2026-05-26,2026,U12 Boys,completed,1393.2254548869778,1519.6728597614683,1386.121743922464
5da3b7ef7009381d,Connecticut Valley Youth Lacrosse,Suffield 12U White,3,4,False,2026-05-26,2026,U12 Boys,completed,1481.1045795375596,1579.8894034815398,1473.925763472807
5da3b7ef7009381d,Suffield 12U White,Connecticut Valley Youth Lacrosse,4,3,True,2026-05-26,2026,U12 Boys,completed,1579.8894034815398,1481.1045795375596,1587.0682195462925
88510bbb18ef2122,Connecticut Valley Youth Lacrosse,Somers 12U Red,4,3,True,2026-05-26,2026,U12 Boys,completed,1473.925763472807,1501.3289801427384,1484.6352549617498
88510bbb18ef2122,Somers 12U Red,Connecticut Valley Youth Lacrosse,3,4,False,2026-05-26,2026,U12 Boys,completed,1501.3289801427384,1473.925763472807,1490.6194886537955
96946028be6fb5fd,Connecticut Valley Youth Lacrosse,Wethersfield 12U A,7,4,True,2026-05-26,2026,U12 Boys,completed,1484.6352549617498,1527.2740294961914,1500.0793835585798
96946028be6fb5fd,Wethersfield 12U A,Connecticut Valley Youth Lacrosse,4,7,False,2026-05-26,2026,U12 Boys,completed,1527.2740294961914,1484.6352549617498,1511.8299008993613
a388cc8087b3060d,Connecticut Valley Youth Lacrosse,South Windsor 12U,14,0,True,2026-05-26,2026,U12 Boys,completed,1500.0793835585798,1516.5154919432566,1528.2369664737223
a388cc8087b3060d,South Windsor 12U,Connecticut Valley Youth Lacrosse,0,14,False,2026-05-26,2026,U12 Boys,completed,1516.5154919432566,1500.0793835585798,1488.3579090281141
a45fdd035023ec5c,Agawam 12U,Connecticut Valley Youth Lacrosse,12,3,True,2026-05-26,2026,U12 Boys,completed,1442.3916558912242,1528.2369664737223,1470.7894769316695
a45fdd035023ec5c,Connecticut Valley Youth Lacrosse,Agawam 12U,3,12,False,2026-05-26,2026,U12 Boys,completed,1528.2369664737223,1442.3916558912242,1499.839145433277
c19c7337dd724f23,Connecticut Valley Youth Lacrosse,RHAM 12U,4,8,False,2026-05-26,2026,U12 Boys,completed,1499.839145433277,1637.5893259790084,1489.8826853178864
c19c7337dd724f23,RHAM 12U,Connecticut Valley Youth Lacrosse,8,4,True,2026-05-26,2026,U12 Boys,completed,1637.5893259790084,1499.839145433277,1647.545786094399
d92c4829e34fb5b6,Belchertown 12U,Connecticut Valley Youth Lacrosse,5,3,True,2026-05-26,2026,U12 Boys,completed,1526.776570725982,1489.8826853178864,1536.530613923101
d92c4829e34fb5b6,Connecticut Valley Youth Lacrosse,Belchertown 12U,3,5,False,2026-05-26,2026,U12 Boys,completed,1489.8826853178864,1526.776570725982,1480.1286421207674
f023abf0071962d7,Connecticut Valley Youth Lacrosse,South Hadley 12U,12,3,True,2026-05-26,2026,U12 Boys,completed,1480.1286421207674,1321.3221452221092,1493.212812646355
f023abf0071962d7,South Hadley 12U,Connecticut Valley Youth Lacrosse,3,12,False,2026-05-26,2026,U12 Boys,completed,1321.3221452221092,1480.1286421207674,1308.2379746965216
03fc8f0dc937ca07,Connecticut Valley Youth Lacrosse,Minnechaug 12U White,1,6,False,2026-05-27,2026,U12 Boys,completed,1493.212812646355,1564.9786193225102,1479.0454526371232
03fc8f0dc937ca07,Minnechaug 12U White,Connecticut Valley Youth Lacrosse,6,1,True,2026-05-27,2026,U12 Boys,completed,1564.9786193225102,1493.212812646355,1579.145979331742
2b15c28ed761a22b,Connecticut Valley Youth Lacrosse,Minnechaug 12U,5,11,False,2026-05-27,2026,U12 Boys,completed,1479.0454526371232,1634.6198329272365,1467.8402266359617
2b15c28ed761a22b,Minnechaug 12U,Connecticut Valley Youth Lacrosse,11,5,True,2026-05-27,2026,U12 Boys,completed,1634.6198329272365,1479.0454526371232,1645.825058928398
2ce4b71f78ea2af0,Colchester 12U,Connecticut Valley Youth Lacrosse,4,12,False,2026-05-27,2026,U12 Boys,completed,1501.6825086210838,1467.8402266359617,1477.7465379170872
2ce4b71f78ea2af0,Connecticut Valley Youth Lacrosse,Colchester 12U,12,4,True,2026-05-27,2026,U12 Boys,completed,1467.8402266359617,1501.6825086210838,1491.7761973399583
4ecd19b17de47def,Connecticut Valley Youth Lacrosse,West Springfield 12U,4,3,True,2026-05-27,2026,U12 Boys,completed,1491.7761973399583,1625.9761874179856,1505.361379208443
4ecd19b17de47def,West Springfield 12U,Connecticut Valley Youth Lacrosse,3,4,False,2026-05-27,2026,U12 Boys,completed,1625.9761874179856,1491.7761973399583,1612.391005549501
596b2455b04f45a0,Connecticut Valley Youth Lacrosse,Westfield 12U Red,1,14,False,2026-05-27,2026,U12 Boys,completed,1505.361379208443,1644.1874869310757,1489.1030130783354
596b2455b04f45a0,Westfield 12U Red,Connecticut Valley Youth Lacrosse,14,1,True,2026-05-27,2026,U12 Boys,completed,1644.1874869310757,1505.361379208443,1660.4458530611832
681b1242eeb8db9b,Connecticut Valley Youth Lacrosse,Suffield 12U White,0,7,False,2026-05-27,2026,U12 Boys,completed,1489.1030130783354,1587.0682195462925,1474.1267925276486
681b1242eeb8db9b,Suffield 12U White,Connecticut Valley Youth Lacrosse,7,0,True,2026-05-27,2026,U12 Boys,completed,1587.0682195462925,1489.1030130783354,1602.0444400969793
742622ef21dfbac1,Connecticut Valley Youth Lacrosse,Farmington 12U Black,14,5,True,2026-05-27,2026,U12 Boys,completed,1474.1267925276486,1424.107513035051,1493.7227173810306
742622ef21dfbac1,Farmington 12U Black,Connecticut Valley Youth Lacrosse,5,14,False,2026-05-27,2026,U12 Boys,completed,1424.107513035051,1474.1267925276486,1404.511588181669
8dd4018085328c94,Berlin 12U A,Connecticut Valley Youth Lacrosse,5,4,True,2026-05-27,2026,U12 Boys,completed,1507.5422323820187,1493.7227173810306,1517.0778459864123
8dd4018085328c94,Connecticut Valley Youth Lacrosse,Berlin 12U A,4,5,False,2026-05-27,2026,U12 Boys,completed,1493.7227173810306,1507.5422323820187,1484.187103776637
99c79d7ed7b6f3b6,Connecticut Valley Youth Lacrosse,West Hartford 12U White,7,0,True,2026-05-27,2026,U12 Boys,completed,1484.187103776637,1411.646326895088,1500.587192502641
99c79d7ed7b6f3b6,West Hartford 12U White,Connecticut Valley Youth Lacrosse,0,7,False,2026-05-27,2026,U12 Boys,completed,1411.646326895088,1484.187103776637,1395.2462381690839
ab594124b8ea069a,Connecticut Valley Youth Lacrosse,South Windsor 12U,4,12,False,2026-05-27,2026,U12 Boys,completed,1500.587192502641,1488.3579090281141,1477.9994601529297
ab594124b8ea069a,South Windsor 12U,Connecticut Valley Youth Lacrosse,12,4,True,2026-05-27,2026,U12 Boys,completed,1488.3579090281141,1500.587192502641,1510.9456413778255
c4c528249508b8d5,Minnechaug 12U,Somers 12U White,11,5,True,2026-05-27,2026,U12 Boys,completed,1645.825058928398,1509.2533239649536,1657.921929127107
c4c528249508b8d5,Somers 12U White,Minnechaug 12U,5,11,False,2026-05-27,2026,U12 Boys,completed,1509.2533239649536,1645.825058928398,1497.1564537662446
cc89292542bf13cf,Connecticut Valley Youth Lacrosse,Somers 12U Red,6,1,True,2026-05-27,2026,U12 Boys,completed,1477.9994601529297,1490.6194886537955,1496.439539931603
cc89292542bf13cf,Somers 12U Red,Connecticut Valley Youth Lacrosse,1,6,False,2026-05-27,2026,U12 Boys,completed,1490.6194886537955,1477.9994601529297,1472.1794088751224
d47250cfca6e7ba8,Connecticut Valley Youth Lacrosse,Vernon 12U,4,3,True,2026-05-27,2026,U12 Boys,completed,1496.439539931603,1511.7661609145646,1506.808548906957
d47250cfca6e7ba8,Vernon 12U,Connecticut Valley Youth Lacrosse,3,4,False,2026-05-27,2026,U12 Boys,completed,1511.7661609145646,1496.439539931603,1501.3971519392105
d728348c8fc7eb03,Connecticut Valley Youth Lacrosse,Wolcott 12U,5,14,False,2026-05-27,2026,U12 Boys,completed,1506.808548906957,1573.9149992820517,1488.3035155014509
d728348c8fc7eb03,Wolcott 12U,Connecticut Valley Youth Lacrosse,14,5,True,2026-05-27,2026,U12 Boys,completed,1573.9149992820517,1506.808548906957,1592.4200326875578
dfdfd9959373e6f4,Connecticut Valley Youth Lacrosse,Longmeadow 12U Black,14,1,True,2026-05-27,2026,U12 Boys,completed,1488.3035155014509,1497.4227020562166,1515.2011059291808
dfdfd9959373e6f4,Longmeadow 12U Black,Connecticut Valley Youth Lacrosse,1,14,False,2026-05-27,2026,U12 Boys,completed,1497.4227020562166,1488.3035155014509,1470.5251116284867
ec1a58ae0cb9b5f2,Connecticut Valley Youth Lacrosse,West Hartford 12U Green,3,4,False,2026-05-27,2026,U12 Boys,completed,1515.2011059291808,1550.8138787828223,1506.2839060064073
ec1a58ae0cb9b5f2,West Hartford 12U Green,Connecticut Valley Youth Lacrosse,4,3,True,2026-05-27,2026,U12 Boys,completed,1550.8138787828223,1515.2011059291808,1559.7310787055958
f42e3c50c3686c61,Bristol 12U,Connecticut Valley Youth Lacrosse,4,5,False,2026-05-27,2026,U12 Boys,completed,1430.2677583218372,1506.2839060064073,1422.474920561409
f42e3c50c3686c61,Connecticut Valley Youth Lacrosse,Bristol 12U,5,4,True,2026-05-27,2026,U12 Boys,completed,1506.2839060064073,1430.2677583218372,1514.0767437668355
6e90620433302c4e,Bristol 12U,Connecticut Valley Youth Lacrosse,0,12,False,2026-05-28,2026,U12 Boys,completed,1422.474920561409,1514.0767437668355,1403.5650132093845
6e90620433302c4e,Connecticut Valley Youth Lacrosse,Bristol 12U,12,0,True,2026-05-28,2026,U12 Boys,completed,1514.0767437668355,1422.474920561409,1532.98665111886
836eb17cd1e3d779,Connecticut Valley Youth Lacrosse,Longmeadow 12U Black,7,8,False,2026-05-28,2026,U12 Boys,completed,1532.98665111886,1470.5251116284867,1521.2879304393007
836eb17cd1e3d779,Longmeadow 12U Black,Connecticut Valley Youth Lacrosse,8,7,True,2026-05-28,2026,U12 Boys,completed,1470.5251116284867,1532.98665111886,1482.223832308046
dc51067f761670d6,Agawam 12U,Connecticut Valley Youth Lacrosse,7,8,False,2026-05-28,2026,U12 Boys,completed,1470.7894769316695,1521.2879304393007,1462.2907359237513
dc51067f761670d6,Connecticut Valley Youth Lacrosse,Agawam 12U,8,7,True,2026-05-28,2026,U12 Boys,completed,1521.2879304393007,1470.7894769316695,1529.7866714472189
f18ea8676a87072a,Connecticut Valley Youth Lacrosse,West Hartford 12U Gold,0,12,False,2026-05-28,2026,U12 Boys,completed,1529.7866714472189,1661.4915108035302,1513.5304603703075
f18ea8676a87072a,West Hartford 12U Gold,Connecticut Valley Youth Lacrosse,12,0,True,2026-05-28,2026,U12 Boys,completed,1661.4915108035302,1529.7866714472189,1677.7477218804415
452960cf89b5091a,Connecticut Valley Youth Lacrosse,Suffield 12U,3,14,False,2026-05-29,2026,U12 Boys,completed,1513.5304603703075,1648.1226692237183,1497.9590181168721
452960cf89b5091a,Suffield 12U,Connecticut Valley Youth Lacrosse,14,3,True,2026-05-29,2026,U12 Boys,completed,1648.1226692237183,1513.5304603703075,1663.6941114771537
7edd002b3bb04f0c,Connecticut Valley Youth Lacrosse,Glastonbury 12U Blue,2,9,False,2026-05-29,2026,U12 Boys,completed,1497.9590181168721,1405.3034150940348,1471.9232060122483
7edd002b3bb04f0c,Glastonbury 12U Blue,Connecticut Valley Youth Lacrosse,9,2,True,2026-05-29,2026,U12 Boys,completed,1405.3034150940348,1497.9590181168721,1431.3392271986586
91466487f4f43c71,Connecticut Valley Youth Lacrosse,Meriden 12U,2,7,False,2026-05-29,2026,U12 Boys,completed,1471.9232060122483,1474.422832031684,1454.2539044397504
91466487f4f43c71,Meriden 12U,Connecticut Valley Youth Lacrosse,7,2,True,2026-05-29,2026,U12 Boys,completed,1474.422832031684,1471.9232060122483,1492.092133604182
ac7bcdf5c5e2bd7a,Connecticut Valley Youth Lacrosse,Middletown 12U,7,2,True,2026-05-29,2026,U12 Boys,completed,1454.2539044397504,1413.972313626536,1469.997261108849
ac7bcdf5c5e2bd7a,Middletown 12U,Connecticut Valley Youth Lacrosse,2,7,False,2026-05-29,2026,U12 Boys,completed,1413.972313626536,1454.2539044397504,1398.2289569574375
b95f9560d9276ade,Connecticut Valley Youth Lacrosse,Simsbury 12U Blue,9,2,True,2026-05-29,2026,U12 Boys,completed,1469.997261108849,1424.765902281149,1487.9787673949638
b95f9560d9276ade,Simsbury 12U Blue,Connecticut Valley Youth Lacrosse,2,9,False,2026-05-29,2026,U12 Boys,completed,1424.765902281149,1469.997261108849,1406.7843959950342
c8f609f8e854878c,Connecticut Valley Youth Lacrosse,Simsbury 12U A,14,3,True,2026-05-29,2026,U12 Boys,completed,1487.9787673949638,1360.4531252883655,1503.9882468382932
c8f609f8e854878c,Simsbury 12U A,Connecticut Valley Youth Lacrosse,3,14,False,2026-05-29,2026,U12 Boys,completed,1360.4531252883655,1487.9787673949638,1344.4436458450361
45aa932251d9a5d6,Connecticut Valley Youth Lacrosse,Wolcott 12U,1,10,False,2026-05-30,2026,U12 Boys,completed,1503.9882468382932,1592.4200326875578,1486.8147368260986
45aa932251d9a5d6,Wolcott 12U,Connecticut Valley Youth Lacrosse,10,1,True,2026-05-30,2026,U12 Boys,completed,1592.4200326875578,1503.9882468382932,1609.5935426997523
a7f97b20e0bb94a6,Connecticut Valley Youth Lacrosse,Southington 12U White,10,1,True,2026-05-30,2026,U12 Boys,completed,1486.8147368260986,1464.1131026318455,1508.195348475916
a7f97b20e0bb94a6,Southington 12U White,Connecticut Valley Youth Lacrosse,1,10,False,2026-05-30,2026,U12 Boys,completed,1464.1131026318455,1486.8147368260986,1442.7324909820281
ae15fd5d3f235489,Avon 12U,Connecticut Valley Youth Lacrosse,2,3,False,2026-05-30,2026,U12 Boys,completed,1537.1613235480736,1508.195348475916,1526.401275678958
ae15fd5d3f235489,Connecticut Valley Youth Lacrosse,Avon 12U,3,2,True,2026-05-30,2026,U12 Boys,completed,1508.195348475916,1537.1613235480736,1518.9553963450317
b2b48602fbe00bea,Connecticut Valley Youth Lacrosse,Granby 12U,2,3,False,2026-05-30,2026,U12 Boys,completed,1518.9553963450317,1433.5305992119972,1506.6270561682215
b2b48602fbe00bea,Granby 12U,Connecticut Valley Youth Lacrosse,3,2,True,2026-05-30,2026,U12 Boys,completed,1433.5305992119972,1518.9553963450317,1445.8589393888074
2648e4e3ac95f616,Bristol 12U,Connecticut Valley Youth Lacrosse,6,3,True,2026-05-31,2026,U12 Boys,completed,1403.5650132093845,1506.6270561682215,1421.3059436841756
2648e4e3ac95f616,Connecticut Valley Youth Lacrosse,Bristol 12U,3,6,False,2026-05-31,2026,U12 Boys,completed,1506.6270561682215,1403.5650132093845,1488.8861256934304
9bfd2783bf881df8,Connecticut Valley Youth Lacrosse,West Hartford 12U White,6,3,True,2026-05-31,2026,U12 Boys,completed,1488.8861256934304,1395.2462381690839,1499.0334799312045
9bfd2783bf881df8,West Hartford 12U White,Connecticut Valley Youth Lacrosse,3,6,False,2026-05-31,2026,U12 Boys,completed,1395.2462381690839,1488.8861256934304,1385.0988839313097
48a5cdc65bfc651d,Belchertown 12U,Simsbury,6,3,True,2026-06-01,2026,U12 Boys,completed,1536.530613923101,1500.0,1548.8598353691468
48a5cdc65bfc651d,Simsbury,Belchertown 12U,3,6,False,2026-06-01,2026,U12 Boys,completed,1500.0,1536.530613923101,1487.6707785539543
6278ef844168a52e,Connecticut Valley Youth Lacrosse,Glastonbury 12U Blue,10,1,True,2026-06-01,2026,U12 Boys,completed,1499.0334799312045,1431.3392271986586,1517.507098427882
6278ef844168a52e,Glastonbury 12U Blue,Connecticut Valley Youth Lacrosse,1,10,False,2026-06-01,2026,U12 Boys,completed,1431.3392271986586,1499.0334799312045,1412.865608701981
fd1f2cde389d1955,Connecticut Valley Youth Lacrosse,East Longmeadow 12U White,1,10,False,2026-06-01,2026,U12 Boys,completed,1517.507098427882,1444.1091191203682,1489.8698094808908
fd1f2cde389d1955,East Longmeadow 12U White,Connecticut Valley Youth Lacrosse,10,1,True,2026-06-01,2026,U12 Boys,completed,1444.1091191203682,1517.507098427882,1471.7464080673594
053e6b33b4d2ec2c,Connecticut Valley Youth Lacrosse,West Hartford 12U White,7,1,True,2026-06-02,2026,U12 Boys,completed,1489.8698094808908,1385.0988839313097,1503.5427944247
053e6b33b4d2ec2c,West Hartford 12U White,Connecticut Valley Youth Lacrosse,1,7,False,2026-06-02,2026,U12 Boys,completed,1385.0988839313097,1489.8698094808908,1371.4258989875004
0b565f798e5ae5ec,Connecticut Valley Youth Lacrosse,Granby 12U,4,1,True,2026-06-02,2026,U12 Boys,completed,1503.5427944247,1445.8589393888074,1515.0496536172006
0b565f798e5ae5ec,Granby 12U,Connecticut Valley Youth Lacrosse,1,4,False,2026-06-02,2026,U12 Boys,completed,1445.8589393888074,1503.5427944247,1434.3520801963068
58fdc6b13b748052,Connecticut Valley Youth Lacrosse,Southington 12U White,1,7,False,2026-06-02,2026,U12 Boys,completed,1515.0496536172006,1442.7324909820281,1491.7500091196912
58fdc6b13b748052,Southington 12U White,Connecticut Valley Youth Lacrosse,7,1,True,2026-06-02,2026,U12 Boys,completed,1442.7324909820281,1515.0496536172006,1466.0321354795376
da55b86bc21ec738,Bristol 12U,Connecticut Valley Youth Lacrosse,4,1,True,2026-06-02,2026,U12 Boys,completed,1421.3059436841756,1491.7500091196912,1437.8339741664136
da55b86bc21ec738,Connecticut Valley Youth Lacrosse,Bristol 12U,1,4,False,2026-06-02,2026,U12 Boys,completed,1491.7500091196912,1421.3059436841756,1475.221978637453
42cc10f7ace2c1e5,Connecticut Valley Youth Lacrosse,Meriden 12U,1,9,False,2026-06-03,2026,U12 Boys,completed,1475.221978637453,1492.092133604182,1454.450953506941
42cc10f7ace2c1e5,Meriden 12U,Connecticut Valley Youth Lacrosse,9,1,True,2026-06-03,2026,U12 Boys,completed,1492.092133604182,1475.221978637453,1512.863158734694
440cedd09d6fc824,Connecticut Valley Youth Lacrosse,Simsbury 14U Blue,9,5,True,2026-06-03,2026,U12 Boys,completed,1454.450953506941,1500.0,1472.5259410175745
440cedd09d6fc824,Simsbury 14U Blue,Connecticut Valley Youth Lacrosse,5,9,False,2026-06-03,2026,U12 Boys,completed,1500.0,1454.450953506941,1481.9250124893665
50ecc1239acbfaea,Connecticut Valley Youth Lacrosse,Wethersfield 12U B,2,3,False,2026-06-03,2026,U12 Boys,completed,1472.5259410175745,1518.493139027888,1463.8972269032754
50ecc1239acbfaea,Wethersfield 12U B,Connecticut Valley Youth Lacrosse,3,2,True,2026-06-03,2026,U12 Boys,completed,1518.493139027888,1472.5259410175745,1527.121853142187
54ce4c1969e7f7ff,Connecticut Valley Youth Lacrosse,Southington 12U Blue,3,16,False,2026-06-03,2026,U12 Boys,completed,1463.8972269032754,1501.8457348187835,1440.528833482823
54ce4c1969e7f7ff,Southington 12U Blue,Connecticut Valley Youth Lacrosse,16,3,True,2026-06-03,2026,U12 Boys,completed,1501.8457348187835,1463.8972269032754,1525.2141282392358
5692e221e01aa7e8,Connecticut Valley Youth Lacrosse,Ellington 12U,3,5,False,2026-06-03,2026,U12 Boys,completed,1440.528833482823,1501.2817188907675,1431.502644041956
5692e221e01aa7e8,Ellington 12U,Connecticut Valley Youth Lacrosse,5,3,True,2026-06-03,2026,U12 Boys,completed,1501.2817188907675,1440.528833482823,1510.3079083316345
82ef6448640b3b46,Connecticut Valley Youth Lacrosse,West Hartford Green,6,3,True,2026-06-03,2026,U12 Boys,completed,1431.502644041956,1500.0,1447.9578806166376
82ef6448640b3b46,West Hartford Green,Connecticut Valley Youth Lacrosse,3,6,False,2026-06-03,2026,U12 Boys,completed,1500.0,1431.502644041956,1483.5447634253185
be5f46e80b98aafd,Connecticut Valley Youth Lacrosse,Vernon 12U,5,3,True,2026-06-03,2026,U12 Boys,completed,1447.9578806166376,1501.3971519392105,1460.539759193633
be5f46e80b98aafd,Vernon 12U,Connecticut Valley Youth Lacrosse,3,5,False,2026-06-03,2026,U12 Boys,completed,1501.3971519392105,1447.9578806166376,1488.815273362215
d58cebcc36a968c4,Connecticut Valley Youth Lacrosse,South Windsor 12U,16,3,True,2026-06-03,2026,U12 Boys,completed,1460.539759193633,1510.9456413778255,1490.5401229625343
d58cebcc36a968c4,South Windsor 12U,Connecticut Valley Youth Lacrosse,3,16,False,2026-06-03,2026,U12 Boys,completed,1510.9456413778255,1460.539759193633,1480.9452776089242
e7162a052c6da1b9,Connecticut Valley Youth Lacrosse,Northampton 12U,8,0,True,2026-06-03,2026,U12 Boys,completed,1490.5401229625343,1386.121743922464,1506.0018128469032
e7162a052c6da1b9,Northampton 12U,Connecticut Valley Youth Lacrosse,0,8,False,2026-06-03,2026,U12 Boys,completed,1386.121743922464,1490.5401229625343,1370.660054038095
e90cec658ee3ca5f,Connecticut Valley Youth Lacrosse,Middletown 12U,9,1,True,2026-06-03,2026,U12 Boys,completed,1506.0018128469032,1398.2289569574375,1521.2714134423056
e90cec658ee3ca5f,Middletown 12U,Connecticut Valley Youth Lacrosse,1,9,False,2026-06-03,2026,U12 Boys,completed,1398.2289569574375,1506.0018128469032,1382.9593563620351
f2ce1e11101cba24,Connecticut Valley Youth Lacrosse,South Hadley 12U,0,8,False,2026-06-03,2026,U12 Boys,completed,1521.2714134423056,1308.2379746965216,1487.5097320697853
f2ce1e11101cba24,South Hadley 12U,Connecticut Valley Youth Lacrosse,8,0,True,2026-06-03,2026,U12 Boys,completed,1308.2379746965216,1521.2714134423056,1341.999656069042
fe07997ac93e3741,Avon 12U B,Connecticut Valley Youth Lacrosse,2,3,False,2026-06-03,2026,U12 Boys,completed,1555.3391828235342,1487.5097320697853,1543.4866591066507
fe07997ac93e3741,Connecticut Valley Youth Lacrosse,Avon 12U B,3,2,True,2026-06-03,2026,U12 Boys,completed,1487.5097320697853,1555.3391828235342,1499.3622557866688
1d9aa11657f53c92,Connecticut Valley Youth Lacrosse,Tolland,10,3,True,2026-06-04,2026,U12 Boys,completed,1499.3622557866688,1500.0,1520.0635430727652
1d9aa11657f53c92,Tolland,Connecticut Valley Youth Lacrosse,3,10,False,2026-06-04,2026,U12 Boys,completed,1500.0,1499.3622557866688,1479.2987127139036
f249adf23da252ee,Berlin 12U A,Connecticut Valley Youth Lacrosse,4,9,False,2026-06-04,2026,U12 Boys,completed,1517.0778459864123,1520.0635430727652,1499.425943738092
f249adf23da252ee,Connecticut Valley Youth Lacrosse,Berlin 12U A,9,4,True,2026-06-04,2026,U12 Boys,completed,1520.0635430727652,1517.0778459864123,1537.7154453210856
f2a77740f5ad45c8,Connecticut Valley Youth Lacrosse,Wolcott 12U,4,9,False,2026-06-04,2026,U12 Boys,completed,1537.7154453210856,1609.5935426997523,1523.5421958712673
f2a77740f5ad45c8,Wolcott 12U,Connecticut Valley Youth Lacrosse,9,4,True,2026-06-04,2026,U12 Boys,completed,1609.5935426997523,1537.7154453210856,1623.7667921495706
5e81041ad0a7a00b,Connecticut Valley Youth Lacrosse,Wolcott 12U,6,3,True,2026-06-06,2026,U12 Boys,completed,1523.5421958712673,1623.7667921495706,1541.185624617109
5e81041ad0a7a00b,Wolcott 12U,Connecticut Valley Youth Lacrosse,3,6,False,2026-06-06,2026,U12 Boys,completed,1623.7667921495706,1523.5421958712673,1606.123363403729
9ebd0076052e0a41,Connecticut Valley Youth Lacrosse,Ellington 12U,3,6,False,2026-06-06,2026,U12 Boys,completed,1541.185624617109,1510.3079083316345,1526.1881936812406
9ebd0076052e0a41,Ellington 12U,Connecticut Valley Youth Lacrosse,6,3,True,2026-06-06,2026,U12 Boys,completed,1510.3079083316345,1541.185624617109,1525.3053392675029
