bucket,games,average_predicted_probability,actual_win_rate,calibration_gap
50-55%,59,0.516732036334717,0.559322033898305,0.042589997563588056
55-60%,30,0.5743806276680573,0.7333333333333333,0.15895270566527597
60-65%,14,0.6217618484999484,0.7142857142857143,0.09252386578576588
65-70%,12,0.6700850143629443,1.0,0.3299149856370557
70-75%,7,0.7265045751047265,0.8571428571428571,0.13063828203813055
75%+,7,0.800322628518882,1.0,0.19967737148111797
