total_games,elo_accuracy,power_v2_accuracy,power_v3_recency_accuracy,elo_brier_score,power_v2_brier_score,power_v3_recency_brier_score
145,0.6827586206896552,0.696551724137931,0.7103448275862069,0.21696245436349088,0.20610404787924622,0.20640154666268806
