total_predictions,accuracy,average_confidence,brier_score
234,0.7136752136752137,0.5677855176815676,0.20477041496961826
