total_games,elo_accuracy,power_v2_accuracy,hybrid_accuracy,elo_brier_score,power_v2_brier_score,hybrid_brier_score
175,0.6971428571428572,0.7085714285714285,0.7142857142857143,0.21259522581327897,0.20193968204977494,0.20995435064795384
