total_predictions,accuracy,average_confidence,brier_score
212,0.7028301886792453,0.5642918844201825,0.20654867243216465
