bucket,games,average_predicted_probability,actual_win_rate,calibration_gap
50-55%,66,0.5168499931324134,0.5757575757575758,0.05890758262516238
55-60%,40,0.5741522208417538,0.725,0.1508477791582462
60-65%,32,0.621567400795954,0.6875,0.06593259920404604
65-70%,15,0.6713643682390239,0.9333333333333333,0.26196896509430945
70-75%,15,0.7223334123554108,0.9333333333333333,0.21099992097792253
75%+,13,0.8042753279801969,1.0,0.19572467201980315
