bucket,games,average_predicted_probability,actual_win_rate,calibration_gap
50-55%,86,0.5181387951562735,0.5813953488372093,0.06325655368093586
55-60%,42,0.5732611755975563,0.6904761904761905,0.11721501487863417
60-65%,44,0.6223874723627754,0.7727272727272727,0.15033980036449734
65-70%,25,0.6780899857850454,0.88,0.20191001421495458
70-75%,20,0.7328720330911238,0.9,0.1671279669088762
75%+,22,0.7999955475851871,1.0,0.2000044524148129
