bucket,games,average_predicted_probability,actual_win_rate,calibration_gap
50-55%,90,0.5177420167322925,0.5888888888888889,0.07114687215659643
55-60%,58,0.5755395440276704,0.7413793103448276,0.16583976631715724
60-65%,29,0.6237881838617151,0.896551724137931,0.27276354027621597
65-70%,24,0.6774898129375576,0.9583333333333334,0.28084352039577576
70-75%,9,0.7256707793927081,1.0,0.2743292206072919
75%+,7,0.7946909075288545,1.0,0.20530909247114548
