total_games,elo_accuracy,power_v2_accuracy,power_v3_recency_accuracy,elo_brier_score,power_v2_brier_score,power_v3_recency_brier_score
205,0.7073170731707317,0.7268292682926829,0.7317073170731707,0.2056975585698723,0.1949531587415164,0.19534666594990668
