bucket,games,average_predicted_probability,actual_win_rate,calibration_gap
50-55%,79,0.5170970491948438,0.5316455696202531,0.014548520425409328
55-60%,55,0.5739271297710237,0.7454545454545455,0.1715274156835218
60-65%,23,0.6186824393046433,0.9130434782608695,0.29436103895622623
65-70%,21,0.6749082285398644,0.9523809523809523,0.2774727238410879
70-75%,7,0.7293527658902851,1.0,0.2706472341097149
75%+,6,0.7915688412167016,1.0,0.20843115878329843
