bucket,games,average_predicted_probability,actual_win_rate,calibration_gap
50-55%,65,0.5167828118105339,0.5692307692307692,0.052447957420235336
55-60%,34,0.5758763052347301,0.7058823529411765,0.13000604770644641
60-65%,23,0.6246956562038126,0.7391304347826086,0.11443477857879603
65-70%,12,0.671104897654368,1.0,0.328895102345632
70-75%,13,0.7221201160449534,0.9230769230769231,0.20095680703196972
75%+,8,0.8050218529523414,1.0,0.1949781470476586
