bucket,games,average_predicted_probability,actual_win_rate,calibration_gap
50-55%,81,0.5178224267890563,0.5679012345679012,0.05007880777884488
55-60%,58,0.5746971978281428,0.7413793103448276,0.16668211251668485
60-65%,22,0.6196702133733983,0.9090909090909091,0.2894206957175107
65-70%,26,0.6754120708427435,0.9615384615384616,0.2861263906957181
70-75%,7,0.7281274634309576,1.0,0.2718725365690424
75%+,6,0.7987314976622065,1.0,0.20126850233779348
