total_games,elo_accuracy,power_v2_accuracy,power_v3_recency_accuracy,elo_brier_score,power_v2_brier_score,power_v3_recency_brier_score
236,0.711864406779661,0.7288135593220338,0.7330508474576272,0.20555301605506696,0.19663993649474903,0.19692573366311586
