bucket,games,average_predicted_probability,actual_win_rate,calibration_gap
50-55%,78,0.5177068555539643,0.5769230769230769,0.05921622136911253
55-60%,47,0.5748766655619559,0.7446808510638298,0.16980418550187382
60-65%,17,0.6245653192823363,1.0,0.3754346807176637
65-70%,14,0.6742754414429459,0.9285714285714286,0.25429598712848267
70-75%,4,0.7318731385512465,1.0,0.26812686144875353
75%+,3,0.7794995463243727,1.0,0.22050045367562732
