total_games,elo_accuracy,power_v2_accuracy,hybrid_accuracy,elo_brier_score,power_v2_brier_score,hybrid_brier_score
161,0.6894409937888198,0.7018633540372671,0.7080745341614907,0.2147298277949295,0.20360725420962345,0.21150015868251296
