total_games,elo_accuracy,power_v2_accuracy,hybrid_accuracy,elo_brier_score,power_v2_brier_score,hybrid_brier_score
212,0.7028301886792453,0.7216981132075472,0.7216981132075472,0.20654867243216465,0.19576944996679113,0.2045673258023119
