bucket,games,average_predicted_probability,actual_win_rate,calibration_gap
50-55%,74,0.516925947988329,0.5675675675675675,0.05064161957923852
55-60%,38,0.5735015894657376,0.7631578947368421,0.18965630527110455
60-65%,17,0.6222337601932457,0.9411764705882353,0.31894271039498956
65-70%,12,0.6756309950240138,0.9166666666666666,0.24103567164265283
70-75%,4,0.7316416109234983,1.0,0.26835838907650167
75%+,2,0.7880967054180144,1.0,0.21190329458198565
