total_predictions,accuracy,average_confidence,brier_score
181,0.6961325966850829,0.5574504945978129,0.21059104079954336
