total_games,elo_accuracy,power_v2_accuracy,hybrid_accuracy,elo_brier_score,power_v2_brier_score,hybrid_brier_score
144,0.6805555555555556,0.6944444444444444,0.7013888888888888,0.21721770991033326,0.20635371644598324,0.21394817899886867
