bucket,games,average_predicted_probability,actual_win_rate,calibration_gap
50-55%,66,0.5168499931324134,0.5757575757575758,0.05890758262516238
55-60%,36,0.5748841190124884,0.7222222222222222,0.14733810320973384
60-65%,28,0.6220651911871471,0.75,0.1279348088128529
65-70%,12,0.6710379446597213,1.0,0.32896205534027867
70-75%,13,0.7227225593100907,0.9230769230769231,0.20035436376683247
75%+,8,0.8051391708277784,1.0,0.19486082917222158
