total_games,elo_accuracy,power_v2_accuracy,hybrid_accuracy,elo_brier_score,power_v2_brier_score,hybrid_brier_score
239,0.7112970711297071,0.7322175732217573,0.7196652719665272,0.2049626753269977,0.19617630135939865,0.2045484614923456
