total_games,elo_accuracy,power_v2_accuracy,hybrid_accuracy,elo_brier_score,power_v2_brier_score,hybrid_brier_score
149,0.6845637583892618,0.697986577181208,0.7046979865771812,0.21696889552261356,0.2060807242472517,0.21369873093972633
