bucket,games,average_predicted_probability,actual_win_rate,calibration_gap
50-55%,79,0.5170552729716223,0.5949367088607594,0.0778814358891371
55-60%,41,0.5735277045542014,0.7073170731707317,0.13378936861653024
60-65%,44,0.6223757657811202,0.7727272727272727,0.1503515069461525
65-70%,22,0.6789918714068411,0.9090909090909091,0.23009903768406792
70-75%,19,0.7319796106540744,0.8947368421052632,0.1627572314511888
75%+,20,0.8030750117137544,1.0,0.1969249882862456
