total_games,elo_accuracy,power_v2_accuracy,hybrid_accuracy,elo_brier_score,power_v2_brier_score,hybrid_brier_score
237,0.7130801687763713,0.729957805907173,0.7215189873417721,0.20526117381210723,0.19642126143067337,0.20477674997606404
