total_games,elo_accuracy,power_v2_accuracy,hybrid_accuracy,elo_brier_score,power_v2_brier_score,hybrid_brier_score
180,0.6944444444444444,0.7055555555555556,0.7111111111111111,0.2113975703530081,0.20049122307177375,0.20854423734700017
