bucket,games,average_predicted_probability,actual_win_rate,calibration_gap
50-55%,98,0.5179830315492189,0.5816326530612245,0.0636496215120056
55-60%,59,0.5751401313404293,0.7457627118644068,0.1706225805239775
60-65%,31,0.6235803395989621,0.9032258064516129,0.2796454668526508
65-70%,28,0.6785099512523339,0.9285714285714286,0.25006147731909467
70-75%,9,0.7256707793927081,1.0,0.2743292206072919
75%+,8,0.802260515194171,1.0,0.19773948480582904
