bucket,games,average_predicted_probability,actual_win_rate,calibration_gap
50-55%,91,0.5176987902547846,0.5934065934065934,0.0757078031518088
55-60%,58,0.5755395440276704,0.7413793103448276,0.16583976631715724
60-65%,29,0.6237881838617151,0.896551724137931,0.27276354027621597
65-70%,24,0.6774898129375576,0.9583333333333334,0.28084352039577576
70-75%,9,0.7256707793927081,1.0,0.2743292206072919
75%+,7,0.7947238485430049,1.0,0.20527615145699507
