total_predictions,accuracy,average_confidence,brier_score
129,0.6666666666666666,0.5449062315394025,0.22066485325837285
