bucket,games,average_predicted_probability,actual_win_rate,calibration_gap
50-55%,66,0.5170496950916667,0.5757575757575758,0.05870788066590915
55-60%,35,0.5753534554201333,0.7142857142857143,0.13893225886558103
60-65%,27,0.6218864946638066,0.7407407407407407,0.11885424607693407
65-70%,12,0.6710336111799141,1.0,0.3289663888200859
70-75%,13,0.7227198236568048,0.9230769230769231,0.20035709942011837
75%+,8,0.8051391708277784,1.0,0.19486082917222158
