bucket,games,average_predicted_probability,actual_win_rate,calibration_gap
50-55%,78,0.5168439073315846,0.6025641025641025,0.08572019523251795
55-60%,40,0.5736933934977554,0.7,0.12630660650224457
60-65%,44,0.6223757657811202,0.7727272727272727,0.1503515069461525
65-70%,22,0.6789918714068411,0.9090909090909091,0.23009903768406792
70-75%,18,0.7327974522605302,0.9444444444444444,0.21164699218391425
75%+,20,0.8030750117137544,1.0,0.1969249882862456
