total_games,elo_accuracy,power_v2_accuracy,hybrid_accuracy,elo_brier_score,power_v2_brier_score,hybrid_brier_score
153,0.6797385620915033,0.6928104575163399,0.6993464052287581,0.2150919934070192,0.20414903458928713,0.2118296905699343
