total_games,elo_accuracy,power_v2_accuracy,power_v3_recency_accuracy,elo_brier_score,power_v2_brier_score,power_v3_recency_brier_score
163,0.6932515337423313,0.7055214723926381,0.7177914110429447,0.2145248597135686,0.20343222772583755,0.20393605353662844
