bucket,games,average_predicted_probability,actual_win_rate,calibration_gap
50-55%,85,0.51778300957063,0.5882352941176471,0.07045228454701713
55-60%,42,0.5732245298694915,0.6904761904761905,0.117251660606699
60-65%,44,0.6223757657811202,0.7727272727272727,0.1503515069461525
65-70%,24,0.6781993726156998,0.875,0.19680062738430015
70-75%,21,0.7330445376896849,0.9047619047619048,0.17171736707221985
75%+,20,0.8030750117137544,1.0,0.1969249882862456
