bucket,games,average_predicted_probability,actual_win_rate,calibration_gap
50-55%,99,0.5181591774844901,0.5757575757575758,0.05759839827308566
55-60%,59,0.5751401313404293,0.7457627118644068,0.1706225805239775
60-65%,31,0.6235887972490817,0.9032258064516129,0.2796370092025312
65-70%,28,0.6785195802934254,0.9285714285714286,0.2500518482780032
70-75%,9,0.7256707793927081,1.0,0.2743292206072919
75%+,8,0.802260515194171,1.0,0.19773948480582904
