total_games,elo_accuracy,power_v2_accuracy,power_v3_recency_accuracy,elo_brier_score,power_v2_brier_score,power_v3_recency_brier_score
129,0.6666666666666666,0.689922480620155,0.6976744186046512,0.22066485325837285,0.21072185196010243,0.21086329249959124
