total_games,elo_accuracy,power_v2_accuracy,hybrid_accuracy,elo_brier_score,power_v2_brier_score,hybrid_brier_score
156,0.6794871794871795,0.6923076923076923,0.6987179487179487,0.21569607773952973,0.20461098122274418,0.21224446167189426
