total_predictions,accuracy,average_confidence,brier_score
139,0.6690647482014388,0.54772081409711,0.2177123087848649
