total_games,elo_accuracy,power_v2_accuracy,hybrid_accuracy,elo_brier_score,power_v2_brier_score,hybrid_brier_score
155,0.6838709677419355,0.6967741935483871,0.7032258064516129,0.21463362923795012,0.20334388628474293,0.2112367852320426
