total_games,elo_accuracy,power_v2_accuracy,power_v3_recency_accuracy,elo_brier_score,power_v2_brier_score,power_v3_recency_brier_score
181,0.6961325966850829,0.7071823204419889,0.7182320441988951,0.21059104079954336,0.19967469660854423,0.2000716679655309
