game_date,home_team,away_team,actual_winner,elo_predicted_winner,elo_win_probability,power_v2_predicted_winner,power_v2_win_probability,hybrid_predicted_winner,hybrid_win_probability,elo_correct,power_v2_correct,hybrid_correct
2026-04-04,Connecticut Valley Youth Lacrosse,Burlington 12U,Burlington 12U,Connecticut Valley Youth Lacrosse,0.5,Connecticut Valley Youth Lacrosse,0.5,Connecticut Valley Youth Lacrosse,0.5,False,False,False
2026-04-04,Meriden 12U,Connecticut Valley Youth Lacrosse,Connecticut Valley Youth Lacrosse,Meriden 12U,0.5254148122865702,Meriden 12U,0.5544704649604273,Meriden 12U,0.5393319055178423,False,False,False
2026-04-06,Farmington 12U Black,Connecticut Valley Youth Lacrosse,Connecticut Valley Youth Lacrosse,Connecticut Valley Youth Lacrosse,0.501517554082682,Farmington 12U Black,0.5,Connecticut Valley Youth Lacrosse,0.5002306735693832,True,False,True
2026-04-06,Connecticut Valley Youth Lacrosse,Burlington 12U,Burlington 12U,Connecticut Valley Youth Lacrosse,0.5046120346833178,Burlington 12U,0.5357462026471369,Burlington 12U,0.522558351586035,False,True,True
2026-04-09,West Hartford 12U Gold,Connecticut Valley Youth Lacrosse,West Hartford 12U Gold,Connecticut Valley Youth Lacrosse,0.5009684461269241,West Hartford 12U Gold,0.5,Connecticut Valley Youth Lacrosse,0.500147206962962,False,True,False
2026-04-09,Connecticut Valley Youth Lacrosse,Westfield 12U Black,Connecticut Valley Youth Lacrosse,Westfield 12U Black,0.5322826496238752,Westfield 12U Black,0.529652662447508,Westfield 12U Black,0.5241918683985785,False,False,False
2026-04-09,Connecticut Valley Youth Lacrosse,Ellington 12U,Connecticut Valley Youth Lacrosse,Ellington 12U,0.5175090917950402,Ellington 12U,0.5184575180867129,Ellington 12U,0.5146611612240916,False,False,False
2026-04-09,Suffield 12U White,Connecticut Valley Youth Lacrosse,Suffield 12U White,Connecticut Valley Youth Lacrosse,0.5172502841584012,Connecticut Valley Youth Lacrosse,0.5078118642792044,Connecticut Valley Youth Lacrosse,0.5077006532696984,False,False,False
2026-04-10,Connecticut Valley Youth Lacrosse,Westfield 12U Red,Westfield 12U Red,Connecticut Valley Youth Lacrosse,0.5027186477446688,Connecticut Valley Youth Lacrosse,0.5,Connecticut Valley Youth Lacrosse,0.5004132467781841,False,False,False
2026-04-10,East Longmeadow 12U A,Connecticut Valley Youth Lacrosse,Connecticut Valley Youth Lacrosse,East Longmeadow 12U A,0.5322222115261953,East Longmeadow 12U A,0.5200784825276282,East Longmeadow 12U A,0.517954984337457,False,False,False
2026-04-11,Minnechaug 12U White,Connecticut Valley Youth Lacrosse,Tie,Connecticut Valley Youth Lacrosse,0.5049250154060725,Minnechaug 12U White,0.5,Connecticut Valley Youth Lacrosse,0.5007486411079756,False,False,False
2026-04-11,Meriden 12U,Connecticut Valley Youth Lacrosse,Connecticut Valley Youth Lacrosse,Connecticut Valley Youth Lacrosse,0.5317092758525933,Connecticut Valley Youth Lacrosse,0.5724041114770214,Connecticut Valley Youth Lacrosse,0.5520331517655104,True,True,True
2026-04-11,Connecticut Valley Youth Lacrosse,South Hadley 12U,Connecticut Valley Youth Lacrosse,Connecticut Valley Youth Lacrosse,0.518164237896599,Connecticut Valley Youth Lacrosse,0.5055144822757264,Connecticut Valley Youth Lacrosse,0.5063464534542709,True,True,True
2026-04-11,Minnechaug 12U,South Hadley 12U,Minnechaug 12U,Minnechaug 12U,0.5362629600231241,Minnechaug 12U,0.5788633257055175,Minnechaug 12U,0.5569660637867082,True,True,True
2026-04-11,Connecticut Valley Youth Lacrosse,Westfield 12U Black,Tie,Connecticut Valley Youth Lacrosse,0.568869781570387,Connecticut Valley Youth Lacrosse,0.535198093930652,Connecticut Valley Youth Lacrosse,0.5334022286774422,False,False,False
2026-04-11,Connecticut Valley Youth Lacrosse,Newington 12U,Newington 12U,Connecticut Valley Youth Lacrosse,0.5524974532478194,Connecticut Valley Youth Lacrosse,0.5172628726614407,Connecticut Valley Youth Lacrosse,0.5192251385406825,False,False,False
2026-04-12,Connecticut Valley Youth Lacrosse,Northampton 12U,Connecticut Valley Youth Lacrosse,Connecticut Valley Youth Lacrosse,0.5366529333447134,Connecticut Valley Youth Lacrosse,0.5117166047041654,Connecticut Valley Youth Lacrosse,0.5131954930761113,True,True,True
2026-04-12,East Longmeadow 12U White,Connecticut Valley Youth Lacrosse,East Longmeadow 12U White,Connecticut Valley Youth Lacrosse,0.5561560178730178,Connecticut Valley Youth Lacrosse,0.5200784825276281,Connecticut Valley Youth Lacrosse,0.5216166043378796,False,False,False
2026-04-13,Minnechaug 12U,Connecticut Valley Youth Lacrosse,Connecticut Valley Youth Lacrosse,Minnechaug 12U,0.5023519962749453,Minnechaug 12U,0.5283785592571777,Minnechaug 12U,0.5188145347001251,False,False,False
2026-04-13,Connecticut Valley Youth Lacrosse,Westfield 12U Red,Westfield 12U Red,Connecticut Valley Youth Lacrosse,0.5191583050748194,Westfield 12U Red,0.5576009251031212,Westfield 12U Red,0.5346384424429169,False,True,True
2026-04-14,South Hadley 12U,Connecticut Valley Youth Lacrosse,Connecticut Valley Youth Lacrosse,Connecticut Valley Youth Lacrosse,0.6019054011704617,Connecticut Valley Youth Lacrosse,0.6391808070882701,Connecticut Valley Youth Lacrosse,0.6069516340676657,True,True,True
2026-04-14,South Hadley 12U,East Longmeadow 12U A,East Longmeadow 12U A,East Longmeadow 12U A,0.5529970263051349,East Longmeadow 12U A,0.566210432752134,East Longmeadow 12U A,0.551197039193879,True,True,True
2026-04-15,Connecticut Valley Youth Lacrosse,Wolcott 12U,Wolcott 12U,Connecticut Valley Youth Lacrosse,0.5507688867139481,Connecticut Valley Youth Lacrosse,0.5312093733737563,Connecticut Valley Youth Lacrosse,0.5280268035557869,False,False,False
2026-04-15,Connecticut Valley Youth Lacrosse,Westfield 12U Red,Westfield 12U Red,Westfield 12U Red,0.5325690488253585,Westfield 12U Red,0.5870212070906247,Westfield 12U Red,0.5617857289173366,True,True,True
2026-04-15,Newington 12U,Connecticut Valley Youth Lacrosse,Connecticut Valley Youth Lacrosse,Newington 12U,0.5174206450505751,Newington 12U,0.513911602134973,Newington 12U,0.5116918079070962,False,False,False
2026-04-15,Agawam 12U,Connecticut Valley Youth Lacrosse,Connecticut Valley Youth Lacrosse,Connecticut Valley Youth Lacrosse,0.5233925940925919,Connecticut Valley Youth Lacrosse,0.5161773871669431,Connecticut Valley Youth Lacrosse,0.5140735986094818,True,True,True
2026-04-15,Northampton 12U,Connecticut Valley Youth Lacrosse,Connecticut Valley Youth Lacrosse,Connecticut Valley Youth Lacrosse,0.5692604564657942,Connecticut Valley Youth Lacrosse,0.5658347067136766,Connecticut Valley Youth Lacrosse,0.5534335643038275,True,True,True
2026-04-15,Granby 12U,Connecticut Valley Youth Lacrosse,Connecticut Valley Youth Lacrosse,Connecticut Valley Youth Lacrosse,0.5657170444288067,Connecticut Valley Youth Lacrosse,0.5306905357122231,Connecticut Valley Youth Lacrosse,0.5299852505431732,True,True,True
2026-04-15,Connecticut Valley Youth Lacrosse,Westfield 12U Black,Westfield 12U Black,Connecticut Valley Youth Lacrosse,0.6004874657690868,Connecticut Valley Youth Lacrosse,0.5511651027052205,Connecticut Valley Youth Lacrosse,0.5487043940604655,False,False,False
2026-04-15,Somers Juniors,Connecticut Valley Youth Lacrosse,Somers Juniors,Connecticut Valley Youth Lacrosse,0.5660199674477564,Connecticut Valley Youth Lacrosse,0.5331544046668082,Connecticut Valley Youth Lacrosse,0.5316338967381398,False,False,False
2026-04-16,Connecticut Valley Youth Lacrosse,East Longmeadow 12U A,East Longmeadow 12U A,Connecticut Valley Youth Lacrosse,0.5502610238539455,Connecticut Valley Youth Lacrosse,0.5714270514317551,Connecticut Valley Youth Lacrosse,0.5541992538861085,False,False,False
2026-04-16,Northampton 12U,Connecticut Valley Youth Lacrosse,Connecticut Valley Youth Lacrosse,Connecticut Valley Youth Lacrosse,0.5495443623228855,Connecticut Valley Youth Lacrosse,0.5754624718711792,Connecticut Valley Youth Lacrosse,0.55673846063509,True,True,True
2026-04-16,Connecticut Valley Youth Lacrosse,Bristol 12U,Connecticut Valley Youth Lacrosse,Connecticut Valley Youth Lacrosse,0.5308434276463411,Connecticut Valley Youth Lacrosse,0.5198556242127939,Connecticut Valley Youth Lacrosse,0.5175999280798219,True,True,True
2026-04-16,Southington 12U Blue,Connecticut Valley Youth Lacrosse,Southington 12U Blue,Connecticut Valley Youth Lacrosse,0.5641081711201403,Connecticut Valley Youth Lacrosse,0.5275328843879602,Connecticut Valley Youth Lacrosse,0.5276847231350669,False,False,False
2026-04-17,Somers 12U Red,Connecticut Valley Youth Lacrosse,Connecticut Valley Youth Lacrosse,Connecticut Valley Youth Lacrosse,0.5240212378073699,Connecticut Valley Youth Lacrosse,0.5187833861447366,Connecticut Valley Youth Lacrosse,0.515863738042527,True,True,True
2026-04-17,Connecticut Valley Youth Lacrosse,Belchertown 12U,Connecticut Valley Youth Lacrosse,Connecticut Valley Youth Lacrosse,0.5369111440813296,Connecticut Valley Youth Lacrosse,0.5195213219520929,Connecticut Valley Youth Lacrosse,0.5183079566563967,True,True,True
2026-04-17,Connecticut Valley Youth Lacrosse,Westfield 12U Black,Westfield 12U Black,Connecticut Valley Youth Lacrosse,0.5499323468226983,Connecticut Valley Youth Lacrosse,0.5125718806579945,Connecticut Valley Youth Lacrosse,0.5157834525993548,False,False,False
2026-04-17,Agawam 12U,Connecticut Valley Youth Lacrosse,Connecticut Valley Youth Lacrosse,Connecticut Valley Youth Lacrosse,0.5707237192311749,Connecticut Valley Youth Lacrosse,0.5931245571700989,Connecticut Valley Youth Lacrosse,0.5715736298124464,True,True,True
2026-04-17,Minnechaug 12U White,Connecticut Valley Youth Lacrosse,Minnechaug 12U White,Connecticut Valley Youth Lacrosse,0.5709206962119966,Connecticut Valley Youth Lacrosse,0.5288765505248705,Connecticut Valley Youth Lacrosse,0.529609327427244,False,False,False
2026-04-17,Connecticut Valley Youth Lacrosse,Minnechaug 12U,Minnechaug 12U,Connecticut Valley Youth Lacrosse,0.529935475291747,Connecticut Valley Youth Lacrosse,0.5121386616580311,Connecticut Valley Youth Lacrosse,0.5124448426496666,False,False,False
2026-04-18,Meriden 12U,Connecticut Valley Youth Lacrosse,Connecticut Valley Youth Lacrosse,Connecticut Valley Youth Lacrosse,0.5504315505730549,Connecticut Valley Youth Lacrosse,0.5926736353404802,Connecticut Valley Youth Lacrosse,0.5682062844683164,True,True,True
2026-04-18,Connecticut Valley Youth Lacrosse,Wolcott 12U,Wolcott 12U,Connecticut Valley Youth Lacrosse,0.5009410480933346,Wolcott 12U,0.5349262728674784,Wolcott 12U,0.5225806971695693,False,True,True
2026-04-19,Connecticut Valley Youth Lacrosse,Bristol 12U,Bristol 12U,Connecticut Valley Youth Lacrosse,0.5417935852443765,Connecticut Valley Youth Lacrosse,0.5959246184685059,Connecticut Valley Youth Lacrosse,0.5690567410932043,False,False,False
2026-04-19,Middletown 12U,Connecticut Valley Youth Lacrosse,Connecticut Valley Youth Lacrosse,Middletown 12U,0.5065281583353369,Connecticut Valley Youth Lacrosse,0.5138098925517547,Connecticut Valley Youth Lacrosse,0.507985678166919,False,True,True
2026-04-19,Connecticut Valley Youth Lacrosse,Somers 12U Red,Somers 12U Red,Connecticut Valley Youth Lacrosse,0.5202838158734623,Connecticut Valley Youth Lacrosse,0.5236138472298357,Connecticut Valley Youth Lacrosse,0.5184369600705613,False,False,False
2026-04-19,Simsbury 12U Blue,Connecticut Valley Youth Lacrosse,Connecticut Valley Youth Lacrosse,Simsbury 12U Blue,0.5069162965713297,Connecticut Valley Youth Lacrosse,0.513234755011525,Connecticut Valley Youth Lacrosse,0.5075526608213423,False,True,True
2026-04-20,Suffield 12U,Connecticut Valley Youth Lacrosse,Suffield 12U,Connecticut Valley Youth Lacrosse,0.5069996338414764,Connecticut Valley Youth Lacrosse,0.5139207211907248,Connecticut Valley Youth Lacrosse,0.5101134635855645,False,False,False
2026-04-20,Connecticut Valley Youth Lacrosse,Southington 12U Blue,Connecticut Valley Youth Lacrosse,Southington 12U Blue,0.5697260865602498,Southington 12U Blue,0.5750535485557879,Southington 12U Blue,0.5595404926200331,False,False,False
2026-04-20,South Windsor 12U,Connecticut Valley Youth Lacrosse,South Windsor 12U,South Windsor 12U,0.5140926586261033,Connecticut Valley Youth Lacrosse,0.5084754952776975,Connecticut Valley Youth Lacrosse,0.5033668539129357,True,False,False
2026-04-20,Connecticut Valley Youth Lacrosse,Somers 12U White,Connecticut Valley Youth Lacrosse,Somers 12U White,0.5274373308123192,Connecticut Valley Youth Lacrosse,0.5074113161216527,Connecticut Valley Youth Lacrosse,0.5006429557516822,False,True,True
2026-04-21,Connecticut Valley Youth Lacrosse,Simsbury 12U Blue,Connecticut Valley Youth Lacrosse,Connecticut Valley Youth Lacrosse,0.5247529568357556,Connecticut Valley Youth Lacrosse,0.5221362915584813,Connecticut Valley Youth Lacrosse,0.5181556193774624,True,True,True
2026-04-21,Connecticut Valley Youth Lacrosse,East Longmeadow 12U White,Connecticut Valley Youth Lacrosse,Connecticut Valley Youth Lacrosse,0.5015658172431536,East Longmeadow 12U White,0.5284870051662034,East Longmeadow 12U White,0.5182904527197612,True,False,False
2026-04-21,Wethersfield 12U B,Connecticut Valley Youth Lacrosse,Wethersfield 12U B,Connecticut Valley Youth Lacrosse,0.5517901619336145,Connecticut Valley Youth Lacrosse,0.519214018589346,Connecticut Valley Youth Lacrosse,0.5203845597136951,False,False,False
2026-04-21,Connecticut Valley Youth Lacrosse,West Springfield 12U,West Springfield 12U,Connecticut Valley Youth Lacrosse,0.5351973273085396,Connecticut Valley Youth Lacrosse,0.5171993125862837,Connecticut Valley Youth Lacrosse,0.5165368974818195,False,False,False
2026-04-21,Suffield 12U White,Connecticut Valley Youth Lacrosse,Suffield 12U White,Connecticut Valley Youth Lacrosse,0.5059457334289296,Suffield 12U White,0.5060532495594373,Suffield 12U White,0.503030955002261,False,True,True
2026-04-22,Connecticut Valley Youth Lacrosse,Vernon 12U,Connecticut Valley Youth Lacrosse,Vernon 12U,0.506703237951637,Connecticut Valley Youth Lacrosse,0.510953706910359,Connecticut Valley Youth Lacrosse,0.5061017721288162,False,True,True
2026-04-22,Southington 12U Blue,Connecticut Valley Youth Lacrosse,Southington 12U Blue,Southington 12U Blue,0.5007003348433742,Southington 12U Blue,0.5463978310717863,Southington 12U Blue,0.5303148314187079,True,True,True
2026-04-22,Connecticut Valley Youth Lacrosse,Farmington 12U Red,Connecticut Valley Youth Lacrosse,Farmington 12U Red,0.5028016721166555,Connecticut Valley Youth Lacrosse,0.5121503852180226,Connecticut Valley Youth Lacrosse,0.5074728818443031,False,True,True
2026-04-22,West Hartford 12U Green,Connecticut Valley Youth Lacrosse,West Hartford 12U Green,Connecticut Valley Youth Lacrosse,0.5260953545371729,Connecticut Valley Youth Lacrosse,0.5173257108247278,Connecticut Valley Youth Lacrosse,0.5152316896366972,False,False,False
2026-04-22,RHAM 12U,Connecticut Valley Youth Lacrosse,RHAM 12U,RHAM 12U,0.504157169369159,Connecticut Valley Youth Lacrosse,0.5117585842452825,Connecticut Valley Youth Lacrosse,0.5070121124191292,True,False,False
2026-04-22,Connecticut Valley Youth Lacrosse,Suffield 12U,Suffield 12U,Suffield 12U,0.5706093645911583,Suffield 12U,0.5770918835708391,Suffield 12U,0.5610120642513039,True,True,True
2026-04-22,Connecticut Valley Youth Lacrosse,Wolcott 12U,Connecticut Valley Youth Lacrosse,Wolcott 12U,0.6075562567182684,Wolcott 12U,0.570770306546219,Wolcott 12U,0.5625898933544056,False,False,False
2026-04-22,Connecticut Valley Youth Lacrosse,Newington 12U,Connecticut Valley Youth Lacrosse,Newington 12U,0.5222092160395858,Connecticut Valley Youth Lacrosse,0.5308045716952089,Connecticut Valley Youth Lacrosse,0.5166640971790485,False,True,True
2026-04-22,Connecticut Valley Youth Lacrosse,West Hartford 12U White,Connecticut Valley Youth Lacrosse,West Hartford 12U White,0.5029377461366659,Connecticut Valley Youth Lacrosse,0.5089163526500535,Connecticut Valley Youth Lacrosse,0.5053494879913173,False,True,True
2026-04-22,Glastonbury 12U Blue,Connecticut Valley Youth Lacrosse,Glastonbury 12U Blue,Connecticut Valley Youth Lacrosse,0.5195079843009592,Connecticut Valley Youth Lacrosse,0.5115806399842979,Connecticut Valley Youth Lacrosse,0.5104940006526553,False,False,False
2026-04-22,South Windsor 12U,Connecticut Valley Youth Lacrosse,Connecticut Valley Youth Lacrosse,South Windsor 12U,0.5170498951694711,South Windsor 12U,0.5023816638264031,South Windsor 12U,0.5041406401393858,False,False,False
2026-04-23,West Hartford 12U Gold,Connecticut Valley Youth Lacrosse,West Hartford 12U Gold,West Hartford 12U Gold,0.5013091123757879,West Hartford 12U Gold,0.569593597857547,West Hartford 12U Gold,0.5456033030334274,True,True,True
2026-04-23,Suffield 12U,Connecticut Valley Youth Lacrosse,Suffield 12U,Suffield 12U,0.573053554204738,Suffield 12U,0.6302602229177513,Suffield 12U,0.5966207100407563,True,True,True
2026-04-23,Connecticut Valley Youth Lacrosse,Ellington 12U,Connecticut Valley Youth Lacrosse,Ellington 12U,0.504617774100794,Connecticut Valley Youth Lacrosse,0.5878409133638766,Connecticut Valley Youth Lacrosse,0.556747633897922,False,True,True
2026-04-23,Connecticut Valley Youth Lacrosse,Farmington 12U Black,Connecticut Valley Youth Lacrosse,Connecticut Valley Youth Lacrosse,0.5271044935202274,Connecticut Valley Youth Lacrosse,0.5911727652997831,Connecticut Valley Youth Lacrosse,0.5637083840517764,True,True,True
2026-04-24,Connecticut Valley Youth Lacrosse,Wethersfield 12U A,Wethersfield 12U A,Connecticut Valley Youth Lacrosse,0.5358014446300154,Connecticut Valley Youth Lacrosse,0.5125544382881194,Connecticut Valley Youth Lacrosse,0.5136099959899185,False,False,False
2026-04-24,Connecticut Valley Youth Lacrosse,Bristol 12U,Bristol 12U,Connecticut Valley Youth Lacrosse,0.5381517135019654,Connecticut Valley Youth Lacrosse,0.5715727439916835,Connecticut Valley Youth Lacrosse,0.5524606909544105,False,False,False
2026-04-24,Southington 12U White,Connecticut Valley Youth Lacrosse,Connecticut Valley Youth Lacrosse,Southington 12U White,0.5073523500423839,Connecticut Valley Youth Lacrosse,0.5078465779879817,Connecticut Valley Youth Lacrosse,0.5039829498649098,False,True,True
2026-04-24,Colchester 12U,Connecticut Valley Youth Lacrosse,Colchester 12U,Connecticut Valley Youth Lacrosse,0.517950865523163,Connecticut Valley Youth Lacrosse,0.510826158551009,Connecticut Valley Youth Lacrosse,0.5097666205176675,False,False,False
2026-04-24,Berlin 12U A,Connecticut Valley Youth Lacrosse,Connecticut Valley Youth Lacrosse,Connecticut Valley Youth Lacrosse,0.5021089725035712,Connecticut Valley Youth Lacrosse,0.5094685648700006,Connecticut Valley Youth Lacrosse,0.5064755131432962,True,True,True
2026-04-24,Connecticut Valley Youth Lacrosse,Wolcott 12U,Wolcott 12U,Connecticut Valley Youth Lacrosse,0.5047378241538775,Wolcott 12U,0.5070006986636981,Wolcott 12U,0.5038304912160698,False,True,True
2026-04-24,Simsbury 12U A,Connecticut Valley Youth Lacrosse,Connecticut Valley Youth Lacrosse,Connecticut Valley Youth Lacrosse,0.5018940239378213,Connecticut Valley Youth Lacrosse,0.5092289095225515,Connecticut Valley Youth Lacrosse,0.5062870400274297,True,True,True
2026-04-24,Connecticut Valley Youth Lacrosse,Middletown 12U,Connecticut Valley Youth Lacrosse,Connecticut Valley Youth Lacrosse,0.5309972533427088,Connecticut Valley Youth Lacrosse,0.5198593385830383,Connecticut Valley Youth Lacrosse,0.5176257858494218,True,True,True
2026-04-25,Connecticut Valley Youth Lacrosse,Minnechaug 12U White,Minnechaug 12U White,Connecticut Valley Youth Lacrosse,0.5034760648692888,Minnechaug 12U White,0.534796899300201,Minnechaug 12U White,0.5221117933847952,False,True,True
2026-04-25,Westfield 12U Black,Connecticut Valley Youth Lacrosse,Connecticut Valley Youth Lacrosse,Westfield 12U Black,0.5221117498004947,Westfield 12U Black,0.5084243184127568,Westfield 12U Black,0.5088386518692007,False,False,False
2026-04-25,Connecticut Valley Youth Lacrosse,Vernon 12U,Connecticut Valley Youth Lacrosse,Connecticut Valley Youth Lacrosse,0.5630401031167521,Connecticut Valley Youth Lacrosse,0.5924342960962633,Connecticut Valley Youth Lacrosse,0.5699528523144421,True,True,True
2026-04-25,Connecticut Valley Youth Lacrosse,Suffield Juniors 1 Blue,Suffield Juniors 1 Blue,Connecticut Valley Youth Lacrosse,0.545887556002973,Connecticut Valley Youth Lacrosse,0.5120264497671895,Connecticut Valley Youth Lacrosse,0.5148090994875778,False,False,False
2026-04-25,Connecticut Valley Youth Lacrosse,Newington 12U,Connecticut Valley Youth Lacrosse,Connecticut Valley Youth Lacrosse,0.5427488536205899,Connecticut Valley Youth Lacrosse,0.5769911676953068,Connecticut Valley Youth Lacrosse,0.5567142445844,True,True,True
2026-04-25,Avon 12U B,Connecticut Valley Youth Lacrosse,Avon 12U B,Connecticut Valley Youth Lacrosse,0.5418762335761047,Connecticut Valley Youth Lacrosse,0.5112020980133072,Connecticut Valley Youth Lacrosse,0.5136594448083256,False,False,False
2026-04-25,Connecticut Valley Youth Lacrosse,Simsbury 12U Blue,Connecticut Valley Youth Lacrosse,Connecticut Valley Youth Lacrosse,0.5491244357720326,Connecticut Valley Youth Lacrosse,0.5346644374600894,Connecticut Valley Youth Lacrosse,0.5300231581332061,True,True,True
2026-04-25,Connecticut Valley Youth Lacrosse,West Hartford 12U White,Connecticut Valley Youth Lacrosse,Connecticut Valley Youth Lacrosse,0.5606105063240987,Connecticut Valley Youth Lacrosse,0.5514604971778444,Connecticut Valley Youth Lacrosse,0.5427222716650317,True,True,True
2026-04-25,West Hartford 12U Gold,Connecticut Valley Youth Lacrosse,West Hartford 12U Gold,West Hartford 12U Gold,0.5170518976950743,West Hartford 12U Gold,0.6275692954077972,West Hartford 12U Gold,0.5865069478442209,True,True,True
2026-04-25,Suffield 12U White,Connecticut Valley Youth Lacrosse,Suffield 12U White,Suffield 12U White,0.5244896293281484,Suffield 12U White,0.56255374788233,Suffield 12U White,0.5444816555514386,True,True,True
2026-04-25,Connecticut Valley Youth Lacrosse,Ellington 12U,Ellington 12U,Connecticut Valley Youth Lacrosse,0.5710562631484677,Connecticut Valley Youth Lacrosse,0.6455827308824211,Connecticut Valley Youth Lacrosse,0.6066586515019479,False,False,False
2026-04-25,Connecticut Valley Youth Lacrosse,Southington 12U Blue,Connecticut Valley Youth Lacrosse,Southington 12U Blue,0.5699381824836469,Southington 12U Blue,0.5942679405418833,Southington 12U Blue,0.5722086577689506,False,False,False
2026-04-25,Avon 12U,Connecticut Valley Youth Lacrosse,Avon 12U,Connecticut Valley Youth Lacrosse,0.5098025630354818,Connecticut Valley Youth Lacrosse,0.5091835549115781,Connecticut Valley Youth Lacrosse,0.507459639145359,False,False,False
2026-04-26,Somers 12U White,Connecticut Valley Youth Lacrosse,Somers 12U White,Connecticut Valley Youth Lacrosse,0.5225358490898119,Connecticut Valley Youth Lacrosse,0.5886012234982394,Connecticut Valley Youth Lacrosse,0.5613227750953164,False,False,False
2026-04-26,Connecticut Valley Youth Lacrosse,Suffield 12U,Suffield 12U,Suffield 12U,0.6500292402678711,Suffield 12U,0.6759507659365347,Suffield 12U,0.6392271894992074,True,True,True
2026-04-26,Connecticut Valley Youth Lacrosse,Simsbury 12U Blue,Connecticut Valley Youth Lacrosse,Simsbury 12U Blue,0.5203624960592054,Connecticut Valley Youth Lacrosse,0.5499392991757727,Connecticut Valley Youth Lacrosse,0.5294381737098768,False,True,True
2026-04-26,Wethersfield 12U B,Connecticut Valley Youth Lacrosse,Wethersfield 12U B,Wethersfield 12U B,0.5523563439757194,Wethersfield 12U B,0.5145528416346964,Wethersfield 12U B,0.517442543528641,True,True,True
2026-04-26,Wethersfield 12U A,Connecticut Valley Youth Lacrosse,Wethersfield 12U A,Wethersfield 12U A,0.5741330642303796,Wethersfield 12U A,0.516866106938854,Wethersfield 12U A,0.5223044484616353,True,True,True
2026-04-26,Connecticut Valley Youth Lacrosse,Glastonbury 12U Blue,Connecticut Valley Youth Lacrosse,Glastonbury 12U Blue,0.5923763806029088,Glastonbury 12U Blue,0.5381175437965274,Glastonbury 12U Blue,0.5389501023978212,False,False,False
2026-04-26,Avon 12U B,Connecticut Valley Youth Lacrosse,Connecticut Valley Youth Lacrosse,Avon 12U B,0.5611678691186891,Avon 12U B,0.5255807159502932,Avon 12U B,0.5259631307416018,False,False,False
2026-04-26,Connecticut Valley Youth Lacrosse,West Hartford 12U Green,West Hartford 12U Green,West Hartford 12U Green,0.5548020054646785,West Hartford 12U Green,0.5664924375592828,West Hartford 12U Green,0.5516563061259677,True,True,True
2026-04-26,Connecticut Valley Youth Lacrosse,Simsbury 12U A,Connecticut Valley Youth Lacrosse,Simsbury 12U A,0.5219623959477079,Connecticut Valley Youth Lacrosse,0.526345200930718,Connecticut Valley Youth Lacrosse,0.5137962505049384,False,True,True
2026-04-26,Connecticut Valley Youth Lacrosse,Glastonbury 12U White,Connecticut Valley Youth Lacrosse,Connecticut Valley Youth Lacrosse,0.503368507023875,Connecticut Valley Youth Lacrosse,0.5081404618554182,Connecticut Valley Youth Lacrosse,0.5058035383036718,True,True,True
2026-04-26,Avon 12U,Connecticut Valley Youth Lacrosse,Connecticut Valley Youth Lacrosse,Avon 12U,0.5082678315530741,Avon 12U,0.5439557368641363,Avon 12U,0.5298664285248021,False,False,False
2026-04-26,Minnechaug 12U White,Connecticut Valley Youth Lacrosse,Minnechaug 12U White,Minnechaug 12U White,0.520164961515271,Minnechaug 12U White,0.5844501598942008,Minnechaug 12U White,0.5582251504644755,True,True,True
2026-04-26,Connecticut Valley Youth Lacrosse,Suffield 12U White,Connecticut Valley Youth Lacrosse,Suffield 12U White,0.5378122173266028,Suffield 12U White,0.5776686579567791,Suffield 12U White,0.556414005148584,False,False,False
2026-04-26,Connecticut Valley Youth Lacrosse,Tolland 12U,Connecticut Valley Youth Lacrosse,Connecticut Valley Youth Lacrosse,0.5387963129786757,Connecticut Valley Youth Lacrosse,0.509587998966001,Connecticut Valley Youth Lacrosse,0.5121396135989067,True,True,True
2026-04-26,Connecticut Valley Youth Lacrosse,West Hartford 12U Gold,West Hartford 12U Gold,West Hartford 12U Gold,0.5407859648104731,West Hartford 12U Gold,0.6680252311259276,West Hartford 12U Gold,0.6176007809928865,True,True,True
2026-04-26,Farmington 12U Red,Connecticut Valley Youth Lacrosse,Farmington 12U Red,Connecticut Valley Youth Lacrosse,0.5802722607656066,Connecticut Valley Youth Lacrosse,0.5827004781312984,Connecticut Valley Youth Lacrosse,0.5661713996758528,False,False,False
2026-04-26,Minnechaug 12U,Connecticut Valley Youth Lacrosse,Connecticut Valley Youth Lacrosse,Minnechaug 12U,0.5287925248017489,Minnechaug 12U,0.5641284178633947,Minnechaug 12U,0.5461638672596071,False,False,False
2026-04-26,RHAM 12U,Connecticut Valley Youth Lacrosse,RHAM 12U,Connecticut Valley Youth Lacrosse,0.5028423635266661,RHAM 12U,0.5739538029206758,RHAM 12U,0.5478462788393422,False,True,True
2026-04-27,Connecticut Valley Youth Lacrosse,Simsbury 12U A,Connecticut Valley Youth Lacrosse,Connecticut Valley Youth Lacrosse,0.5547590246060167,Connecticut Valley Youth Lacrosse,0.5933214492046116,Connecticut Valley Youth Lacrosse,0.5692867858280038,True,True,True
2026-04-27,Southington 12U White,Connecticut Valley Youth Lacrosse,Southington 12U White,Connecticut Valley Youth Lacrosse,0.5444571756302069,Connecticut Valley Youth Lacrosse,0.5586955170475241,Connecticut Valley Youth Lacrosse,0.5449823732349057,False,False,False
2026-04-27,Connecticut Valley Youth Lacrosse,East Longmeadow 12U White,Tie,East Longmeadow 12U White,0.5074636346981036,Connecticut Valley Youth Lacrosse,0.5221549857733532,Connecticut Valley Youth Lacrosse,0.5132724781610323,False,False,False
2026-04-27,Connecticut Valley Youth Lacrosse,West Hartford 12U White,Connecticut Valley Youth Lacrosse,Connecticut Valley Youth Lacrosse,0.529136869238733,Connecticut Valley Youth Lacrosse,0.5663808592783169,Connecticut Valley Youth Lacrosse,0.5476922595185929,True,True,True
2026-04-27,Minnechaug 12U,Connecticut Valley Youth Lacrosse,Minnechaug 12U,Minnechaug 12U,0.5166510257356937,Minnechaug 12U,0.5505448759213974,Minnechaug 12U,0.5354391922867977,True,True,True
2026-04-27,Westfield 12U Black,Connecticut Valley Youth Lacrosse,Tie,Westfield 12U Black,0.5099903328731209,Connecticut Valley Youth Lacrosse,0.5345098718582499,Connecticut Valley Youth Lacrosse,0.5209361259548799,False,False,False
2026-04-27,Connecticut Valley Youth Lacrosse,Longmeadow 12U Black,Connecticut Valley Youth Lacrosse,Longmeadow 12U Black,0.5155688116887382,Connecticut Valley Youth Lacrosse,0.5038399668746913,Connecticut Valley Youth Lacrosse,0.5001287551252036,False,True,True
2026-04-27,Farmington 12U Black,Connecticut Valley Youth Lacrosse,Farmington 12U Black,Connecticut Valley Youth Lacrosse,0.5828586817898123,Connecticut Valley Youth Lacrosse,0.6447581794125594,Connecticut Valley Youth Lacrosse,0.6078533567906842,False,False,False
2026-04-27,Connecticut Valley Youth Lacrosse,Newington 12U,Connecticut Valley Youth Lacrosse,Connecticut Valley Youth Lacrosse,0.5643325206175023,Connecticut Valley Youth Lacrosse,0.6200865164269356,Connecticut Valley Youth Lacrosse,0.5885024504815328,True,True,True
2026-04-28,South Hadley 12U,Connecticut Valley Youth Lacrosse,Connecticut Valley Youth Lacrosse,Connecticut Valley Youth Lacrosse,0.6134417075016058,Connecticut Valley Youth Lacrosse,0.6715003893365423,Connecticut Valley Youth Lacrosse,0.6306326209838464,True,True,True
2026-04-28,South Hadley 12U,Belchertown 12U,Belchertown 12U,Belchertown 12U,0.5987447907419481,Belchertown 12U,0.6084015821823024,Belchertown 12U,0.5859447933233609,True,True,True
2026-04-28,Wolcott 12U,Connecticut Valley Youth Lacrosse,Connecticut Valley Youth Lacrosse,Wolcott 12U,0.5134847775042255,Wolcott 12U,0.5223775176113787,Wolcott 12U,0.5165992321573233,False,False,False
2026-04-28,Southington 12U Blue,Connecticut Valley Youth Lacrosse,Southington 12U Blue,Connecticut Valley Youth Lacrosse,0.5060055993246847,Southington 12U Blue,0.5494934696182645,Southington 12U Blue,0.5313224674555301,False,True,True
2026-04-28,Colchester 12U,Connecticut Valley Youth Lacrosse,Colchester 12U,Colchester 12U,0.516441496751835,Colchester 12U,0.5171173451522016,Colchester 12U,0.5136273077518697,True,True,True
2026-04-28,Connecticut Valley Youth Lacrosse,East Longmeadow 12U A,Connecticut Valley Youth Lacrosse,East Longmeadow 12U A,0.533688795995808,Connecticut Valley Youth Lacrosse,0.5161532308955477,Connecticut Valley Youth Lacrosse,0.5053744776240634,False,True,True
2026-04-28,Connecticut Valley Youth Lacrosse,RHAM 12U,RHAM 12U,RHAM 12U,0.5683518564079474,RHAM 12U,0.6365145149903861,RHAM 12U,0.600127095088724,True,True,True
2026-04-28,Wethersfield 12U B,Connecticut Valley Youth Lacrosse,Connecticut Valley Youth Lacrosse,Wethersfield 12U B,0.5714418931283524,Wethersfield 12U B,0.56212898485011,Wethersfield 12U B,0.5513461914167799,False,False,False
2026-04-28,West Springfield 12U,Connecticut Valley Youth Lacrosse,West Springfield 12U,West Springfield 12U,0.5104168907669807,West Springfield 12U,0.5077964851825248,West Springfield 12U,0.5066513622742264,True,True,True
2026-04-28,Connecticut Valley Youth Lacrosse,Glastonbury 12U Blue,Connecticut Valley Youth Lacrosse,Glastonbury 12U Blue,0.517786242562645,Connecticut Valley Youth Lacrosse,0.5091452397533078,Connecticut Valley Youth Lacrosse,0.5032403188115858,False,True,True
2026-04-28,Connecticut Valley Youth Lacrosse,Northampton 12U,Connecticut Valley Youth Lacrosse,Connecticut Valley Youth Lacrosse,0.5583999899286383,Connecticut Valley Youth Lacrosse,0.5798584412219404,Connecticut Valley Youth Lacrosse,0.5609690232963879,True,True,True
2026-04-28,Connecticut Valley Youth Lacrosse,Berlin 12U A,Connecticut Valley Youth Lacrosse,Connecticut Valley Youth Lacrosse,0.5470068493344433,Connecticut Valley Youth Lacrosse,0.5257303544310205,Connecticut Valley Youth Lacrosse,0.5238876668415038,True,True,True
2026-04-28,Agawam 12U,Connecticut Valley Youth Lacrosse,Agawam 12U,Connecticut Valley Youth Lacrosse,0.6102086847968797,Connecticut Valley Youth Lacrosse,0.6372485571910573,Connecticut Valley Youth Lacrosse,0.6069151301894034,False,False,False
2026-04-28,Connecticut Valley Youth Lacrosse,Burlington 12U,Burlington 12U,Burlington 12U,0.5237297218047108,Burlington 12U,0.6253125292765671,Burlington 12U,0.5859729594588912,True,True,True
2026-04-29,Connecticut Valley Youth Lacrosse,Vernon 12U,Vernon 12U,Connecticut Valley Youth Lacrosse,0.5611907180212043,Connecticut Valley Youth Lacrosse,0.5934278249267905,Connecticut Valley Youth Lacrosse,0.5703286896942897,False,False,False
2026-04-29,Granby 12U,Connecticut Valley Youth Lacrosse,Connecticut Valley Youth Lacrosse,Connecticut Valley Youth Lacrosse,0.5146171804576705,Connecticut Valley Youth Lacrosse,0.5662284733826366,Connecticut Valley Youth Lacrosse,0.5454000507961776,True,True,True
2026-04-29,Belchertown 12U,Connecticut Valley Youth Lacrosse,Belchertown 12U,Connecticut Valley Youth Lacrosse,0.52974717116899,Connecticut Valley Youth Lacrosse,0.5586429536468547,Connecticut Valley Youth Lacrosse,0.5427167815956779,False,False,False
2026-04-29,Connecticut Valley Youth Lacrosse,West Hartford 12U White,Connecticut Valley Youth Lacrosse,Connecticut Valley Youth Lacrosse,0.5683807198358461,Connecticut Valley Youth Lacrosse,0.6051340387540379,Connecticut Valley Youth Lacrosse,0.5791599420606096,True,True,True
2026-04-29,Connecticut Valley Youth Lacrosse,South Windsor 12U,South Windsor 12U,Connecticut Valley Youth Lacrosse,0.5453410891261141,Connecticut Valley Youth Lacrosse,0.5685833954956699,Connecticut Valley Youth Lacrosse,0.5515887158974658,False,False,False
2026-04-29,Connecticut Valley Youth Lacrosse,Northampton 12U,Connecticut Valley Youth Lacrosse,Connecticut Valley Youth Lacrosse,0.571266882284677,Connecticut Valley Youth Lacrosse,0.6200542981983116,Connecticut Valley Youth Lacrosse,0.5895207066616952,True,True,True
2026-04-29,Connecticut Valley Youth Lacrosse,Southington 12U Blue,Connecticut Valley Youth Lacrosse,Southington 12U Blue,0.5472286240897191,Southington 12U Blue,0.5881023235582701,Southington 12U Blue,0.5647059417520737,False,False,False
2026-04-29,Simsbury 12U Blue,Connecticut Valley Youth Lacrosse,Simsbury 12U Blue,Connecticut Valley Youth Lacrosse,0.6187194113160517,Connecticut Valley Youth Lacrosse,0.5951673522141133,Connecticut Valley Youth Lacrosse,0.5803175080524967,False,False,False
2026-04-29,Connecticut Valley Youth Lacrosse,Westfield 12U Red,Westfield 12U Red,Westfield 12U Red,0.5660022954500746,Westfield 12U Red,0.6392457695464129,Westfield 12U Red,0.601621418773054,True,True,True
2026-04-29,Newington 12U,Connecticut Valley Youth Lacrosse,Connecticut Valley Youth Lacrosse,Connecticut Valley Youth Lacrosse,0.5818733895788724,Connecticut Valley Youth Lacrosse,0.614096327044053,Connecticut Valley Youth Lacrosse,0.5871506925671175,True,True,True
2026-04-29,Somers 12U Red,Connecticut Valley Youth Lacrosse,Somers 12U Red,Connecticut Valley Youth Lacrosse,0.5147617385837038,Connecticut Valley Youth Lacrosse,0.5052470790483337,Connecticut Valley Youth Lacrosse,0.5056549672924064,False,False,False
2026-04-29,Suffield 12U,Connecticut Valley Youth Lacrosse,Connecticut Valley Youth Lacrosse,Suffield 12U,0.606473389594563,Suffield 12U,0.6624638964494182,Suffield 12U,0.6234068678270058,False,False,False
2026-04-29,Connecticut Valley Youth Lacrosse,Longmeadow 12U White,Connecticut Valley Youth Lacrosse,Connecticut Valley Youth Lacrosse,0.5276732321667654,Connecticut Valley Youth Lacrosse,0.5065457161970196,Connecticut Valley Youth Lacrosse,0.5084648689529128,True,True,True
2026-04-29,West Hartford 12U Gold,Connecticut Valley Youth Lacrosse,West Hartford 12U Gold,West Hartford 12U Gold,0.5854838549450567,West Hartford 12U Gold,0.6732151946728748,West Hartford 12U Gold,0.6276823348131899,True,True,True
2026-04-30,West Springfield 12U,Connecticut Valley Youth Lacrosse,West Springfield 12U,West Springfield 12U,0.5311126667340921,West Springfield 12U,0.5665205725435364,West Springfield 12U,0.5480825149490571,True,True,True
2026-04-30,Connecticut Valley Youth Lacrosse,Glastonbury 12U Blue,Connecticut Valley Youth Lacrosse,Connecticut Valley Youth Lacrosse,0.523425487807208,Connecticut Valley Youth Lacrosse,0.5648254416193011,Connecticut Valley Youth Lacrosse,0.545809572247983,True,True,True
2026-04-30,West Hartford 12U Green,Connecticut Valley Youth Lacrosse,West Hartford 12U Green,West Hartford 12U Green,0.5344980478375244,West Hartford 12U Green,0.5671327963639007,West Hartford 12U Green,0.5489958240931068,True,True,True
2026-04-30,West Hartford 12U Gold,Connecticut Valley Youth Lacrosse,West Hartford 12U Gold,West Hartford 12U Gold,0.6652615356746611,West Hartford 12U Gold,0.7033523653764266,West Hartford 12U Gold,0.660506869988419,True,True,True
2026-04-30,Connecticut Valley Youth Lacrosse,Agawam 12U,Agawam 12U,Connecticut Valley Youth Lacrosse,0.5034439495922733,Connecticut Valley Youth Lacrosse,0.5874015491343696,Connecticut Valley Youth Lacrosse,0.5576662489400112,False,False,False
2026-04-30,Connecticut Valley Youth Lacrosse,Wolcott 12U,Wolcott 12U,Wolcott 12U,0.5514913912496417,Wolcott 12U,0.517000662634788,Wolcott 12U,0.5189003781287708,True,True,True
2026-04-30,Bristol 12U,Connecticut Valley Youth Lacrosse,Connecticut Valley Youth Lacrosse,Bristol 12U,0.5661873448147215,Connecticut Valley Youth Lacrosse,0.5163690973174333,Connecticut Valley Youth Lacrosse,0.5005236469344405,False,True,True
2026-04-30,Ellington 12U,Connecticut Valley Youth Lacrosse,Connecticut Valley Youth Lacrosse,Connecticut Valley Youth Lacrosse,0.5224831330492037,Connecticut Valley Youth Lacrosse,0.6093769993119927,Connecticut Valley Youth Lacrosse,0.5751098714236107,True,True,True
2026-04-30,Connecticut Valley Youth Lacrosse,Glastonbury 12U White,Connecticut Valley Youth Lacrosse,Connecticut Valley Youth Lacrosse,0.5075066027127555,Connecticut Valley Youth Lacrosse,0.5140288131014813,Connecticut Valley Youth Lacrosse,0.5102607941212502,True,True,True
2026-04-30,Connecticut Valley Youth Lacrosse,Somers 12U White,Somers 12U White,Connecticut Valley Youth Lacrosse,0.5052499769732502,Connecticut Valley Youth Lacrosse,0.5039060146452786,Connecticut Valley Youth Lacrosse,0.5033369535632374,False,False,False
2026-04-30,Westfield 12U Black,Connecticut Valley Youth Lacrosse,Connecticut Valley Youth Lacrosse,Westfield 12U Black,0.5141636221783101,Connecticut Valley Youth Lacrosse,0.5301088761538588,Connecticut Valley Youth Lacrosse,0.5174339162849404,False,True,True
2026-04-30,Connecticut Valley Youth Lacrosse,East Longmeadow 12U A,Connecticut Valley Youth Lacrosse,Connecticut Valley Youth Lacrosse,0.5150562740373165,Connecticut Valley Youth Lacrosse,0.5433767029909662,Connecticut Valley Youth Lacrosse,0.5305172237766203,True,True,True
2026-05-01,Connecticut Valley Youth Lacrosse,Bristol 12U,Connecticut Valley Youth Lacrosse,Connecticut Valley Youth Lacrosse,0.5399570908233433,Connecticut Valley Youth Lacrosse,0.5453811096308007,Connecticut Valley Youth Lacrosse,0.5356053338036824,True,True,True
2026-05-01,Connecticut Valley Youth Lacrosse,Minnechaug 12U,Minnechaug 12U,Minnechaug 12U,0.5200919062458893,Minnechaug 12U,0.6001313912241129,Minnechaug 12U,0.5685974079790872,True,True,True
2026-05-01,Wolcott 12U,Connecticut Valley Youth Lacrosse,Wolcott 12U,Wolcott 12U,0.525509910022948,Wolcott 12U,0.5364997157758985,Wolcott 12U,0.527619902383648,True,True,True
2026-05-01,Connecticut Valley Youth Lacrosse,Middletown 12U,Connecticut Valley Youth Lacrosse,Connecticut Valley Youth Lacrosse,0.5088154745113554,Connecticut Valley Youth Lacrosse,0.528308323168773,Connecticut Valley Youth Lacrosse,0.5197499453182934,True,True,True
2026-05-01,East Longmeadow 12U A,Connecticut Valley Youth Lacrosse,Connecticut Valley Youth Lacrosse,Connecticut Valley Youth Lacrosse,0.5553350793231748,Connecticut Valley Youth Lacrosse,0.5771275901867492,Connecticut Valley Youth Lacrosse,0.5587099624300207,True,True,True
2026-05-01,Connecticut Valley Youth Lacrosse,South Hadley 12U,Connecticut Valley Youth Lacrosse,Connecticut Valley Youth Lacrosse,0.6688044448356666,Connecticut Valley Youth Lacrosse,0.6567819131941387,Connecticut Valley Youth Lacrosse,0.6291719233593014,True,True,True
2026-05-01,Berlin 12U A,Connecticut Valley Youth Lacrosse,Berlin 12U A,Connecticut Valley Youth Lacrosse,0.6059828511787881,Connecticut Valley Youth Lacrosse,0.5862071984704252,Connecticut Valley Youth Lacrosse,0.5724443288855925,False,False,False
2026-05-02,Connecticut Valley Youth Lacrosse,Tolland 12U,Connecticut Valley Youth Lacrosse,Connecticut Valley Youth Lacrosse,0.5688146915454992,Connecticut Valley Youth Lacrosse,0.5883727237748471,Connecticut Valley Youth Lacrosse,0.5681519062176165,True,True,True
2026-05-02,Connecticut Valley Youth Lacrosse,Simsbury 12U Blue,Connecticut Valley Youth Lacrosse,Connecticut Valley Youth Lacrosse,0.6153632364698116,Connecticut Valley Youth Lacrosse,0.5622887277029293,Connecticut Valley Youth Lacrosse,0.5582899168719726,True,True,True
2026-05-02,Connecticut Valley Youth Lacrosse,West Hartford 12U White,Connecticut Valley Youth Lacrosse,Connecticut Valley Youth Lacrosse,0.6721277954069373,Connecticut Valley Youth Lacrosse,0.6237125251527517,Connecticut Valley Youth Lacrosse,0.6076822516253637,True,True,True
2026-05-02,Connecticut Valley Youth Lacrosse,Farmington 12U Red,Connecticut Valley Youth Lacrosse,Connecticut Valley Youth Lacrosse,0.5985037331095872,Connecticut Valley Youth Lacrosse,0.5094478821793612,Connecticut Valley Youth Lacrosse,0.5213001736143054,True,True,True
2026-05-02,Westfield 12U Red,Connecticut Valley Youth Lacrosse,Westfield 12U Red,Connecticut Valley Youth Lacrosse,0.5132228650327058,Westfield 12U Red,0.6459395795118901,Westfield 12U Red,0.5945394317727147,False,True,True
2026-05-02,Connecticut Valley Youth Lacrosse,RHAM 12U,RHAM 12U,RHAM 12U,0.5107638250035169,RHAM 12U,0.671328364048122,RHAM 12U,0.6155671785078565,True,True,True
2026-05-02,South Windsor 12U,Connecticut Valley Youth Lacrosse,South Windsor 12U,Connecticut Valley Youth Lacrosse,0.5581638644575527,Connecticut Valley Youth Lacrosse,0.5148045172619797,Connecticut Valley Youth Lacrosse,0.5184985950902672,False,False,False
2026-05-02,Vernon 12U,Connecticut Valley Youth Lacrosse,Connecticut Valley Youth Lacrosse,Connecticut Valley Youth Lacrosse,0.54408587091282,Connecticut Valley Youth Lacrosse,0.5520822397326437,Connecticut Valley Youth Lacrosse,0.5406057094189769,True,True,True
2026-05-02,Middletown 12U,Connecticut Valley Youth Lacrosse,Connecticut Valley Youth Lacrosse,Connecticut Valley Youth Lacrosse,0.5956823168379878,Connecticut Valley Youth Lacrosse,0.5831776561099609,Connecticut Valley Youth Lacrosse,0.5688578775428523,True,True,True
2026-05-02,Connecticut Valley Youth Lacrosse,Burlington 12U,Burlington 12U,Burlington 12U,0.505950114561182,Burlington 12U,0.6152965113523208,Burlington 12U,0.5766114499353066,True,True,True
2026-05-02,Avon 12U B,Connecticut Valley Youth Lacrosse,Avon 12U B,Connecticut Valley Youth Lacrosse,0.5294716880740558,Avon 12U B,0.5118523416573473,Avon 12U B,0.5032204350824411,False,True,True
2026-05-02,Connecticut Valley Youth Lacrosse,Somers 12U White,Connecticut Valley Youth Lacrosse,Somers 12U White,0.510307332297719,Somers 12U White,0.5409612343234561,Somers 12U White,0.5282215466738861,False,False,False
2026-05-02,Westfield 12U Black,Connecticut Valley Youth Lacrosse,Westfield 12U Black,Connecticut Valley Youth Lacrosse,0.5759683077002122,Connecticut Valley Youth Lacrosse,0.5429762282008578,Connecticut Valley Youth Lacrosse,0.539558321304914,False,False,False
2026-05-02,Connecticut Valley Youth Lacrosse,Granby 12U,Connecticut Valley Youth Lacrosse,Connecticut Valley Youth Lacrosse,0.5658829512610355,Connecticut Valley Youth Lacrosse,0.6110893741939537,Connecticut Valley Youth Lacrosse,0.5827378624055662,True,True,True
2026-05-02,Newington 12U,Connecticut Valley Youth Lacrosse,Newington 12U,Connecticut Valley Youth Lacrosse,0.639618361387778,Connecticut Valley Youth Lacrosse,0.6282531382974006,Connecticut Valley Youth Lacrosse,0.6054628525444052,False,False,False
2026-05-02,Simsbury 12U A,Connecticut Valley Youth Lacrosse,Simsbury 12U A,Connecticut Valley Youth Lacrosse,0.5938545171737644,Connecticut Valley Youth Lacrosse,0.6135705599849821,Connecticut Valley Youth Lacrosse,0.5886226362918318,False,False,False
2026-05-03,Connecticut Valley Youth Lacrosse,Berlin 12U A,Connecticut Valley Youth Lacrosse,Connecticut Valley Youth Lacrosse,0.5030014664317984,Connecticut Valley Youth Lacrosse,0.5440098799737871,Connecticut Valley Youth Lacrosse,0.5291039441983406,True,True,True
2026-05-03,Farmington 12U Red,Connecticut Valley Youth Lacrosse,Farmington 12U Red,Connecticut Valley Youth Lacrosse,0.5092870610846274,Connecticut Valley Youth Lacrosse,0.5130657391256588,Connecticut Valley Youth Lacrosse,0.5099051924064717,False,False,False
2026-05-03,Connecticut Valley Youth Lacrosse,Wethersfield 12U B,Connecticut Valley Youth Lacrosse,Wethersfield 12U B,0.5150722421377518,Connecticut Valley Youth Lacrosse,0.5125961216824515,Connecticut Valley Youth Lacrosse,0.5058972169584758,False,True,True
2026-05-03,Simsbury 12U Blue,Connecticut Valley Youth Lacrosse,Connecticut Valley Youth Lacrosse,Connecticut Valley Youth Lacrosse,0.575546272032403,Connecticut Valley Youth Lacrosse,0.6000120862667595,Connecticut Valley Youth Lacrosse,0.5768541435715893,True,True,True
2026-05-03,Farmington 12U Black,Connecticut Valley Youth Lacrosse,Connecticut Valley Youth Lacrosse,Connecticut Valley Youth Lacrosse,0.5636899711636976,Connecticut Valley Youth Lacrosse,0.5987017531595273,Connecticut Valley Youth Lacrosse,0.5741916631219772,True,True,True
2026-05-03,Simsbury 12U A,Connecticut Valley Youth Lacrosse,Connecticut Valley Youth Lacrosse,Connecticut Valley Youth Lacrosse,0.5950495050609597,Connecticut Valley Youth Lacrosse,0.5695614623696571,Connecticut Valley Youth Lacrosse,0.5598475349315721,True,True,True
2026-05-03,Connecticut Valley Youth Lacrosse,East Longmeadow 12U White,Connecticut Valley Youth Lacrosse,Connecticut Valley Youth Lacrosse,0.5794202423801269,Connecticut Valley Youth Lacrosse,0.5249310401503444,Connecticut Valley Youth Lacrosse,0.5283633570288713,True,True,True
2026-05-03,Middletown 12U,Connecticut Valley Youth Lacrosse,Middletown 12U,Connecticut Valley Youth Lacrosse,0.6721667524672226,Connecticut Valley Youth Lacrosse,0.6190284363153971,Connecticut Valley Youth Lacrosse,0.6045991507841635,False,False,False
2026-05-03,Connecticut Valley Youth Lacrosse,West Hartford 12U Gold,West Hartford 12U Gold,West Hartford 12U Gold,0.5863568140077735,West Hartford 12U Gold,0.6842732340792079,West Hartford 12U Gold,0.6354801203939393,True,True,True
2026-05-03,Connecticut Valley Youth Lacrosse,Colchester 12U,Connecticut Valley Youth Lacrosse,Connecticut Valley Youth Lacrosse,0.5097718161336606,Colchester 12U,0.5708847741107376,Colchester 12U,0.5447817064603899,True,False,False
2026-05-03,Connecticut Valley Youth Lacrosse,Wethersfield 12U A,Wethersfield 12U A,Connecticut Valley Youth Lacrosse,0.5525075052997807,Wethersfield 12U A,0.5165197002064691,Wethersfield 12U A,0.5027308503922778,False,True,True
2026-05-03,RHAM 12U,Connecticut Valley Youth Lacrosse,RHAM 12U,RHAM 12U,0.5586051213785463,RHAM 12U,0.6648440770195375,RHAM 12U,0.617988469858339,True,True,True
2026-05-03,Minnechaug 12U White,Connecticut Valley Youth Lacrosse,Minnechaug 12U White,Minnechaug 12U White,0.5478639782123731,Minnechaug 12U White,0.5894109543255118,Minnechaug 12U White,0.565665100371456,True,True,True
2026-05-03,Connecticut Valley Youth Lacrosse,West Hartford 12U Green,West Hartford 12U Green,West Hartford 12U Green,0.5645006704282718,West Hartford 12U Green,0.5870832926945391,West Hartford 12U Green,0.5666473854960354,True,True,True
2026-05-04,Connecticut Valley Youth Lacrosse,Wolcott 12U,Wolcott 12U,Wolcott 12U,0.5841968377721829,Wolcott 12U,0.5682423824691425,Wolcott 12U,0.5573044515526449,True,True,True
2026-05-04,Bristol 12U,Connecticut Valley Youth Lacrosse,Connecticut Valley Youth Lacrosse,Bristol 12U,0.5055828169294935,Connecticut Valley Youth Lacrosse,0.5655459178901079,Connecticut Valley Youth Lacrosse,0.5419042838627202,False,True,True
2026-05-04,West Springfield 12U,Connecticut Valley Youth Lacrosse,West Springfield 12U,West Springfield 12U,0.5868641534132426,West Springfield 12U,0.6032138263031992,West Springfield 12U,0.5806942203687431,True,True,True
2026-05-04,Connecticut Valley Youth Lacrosse,Minnechaug 12U,Minnechaug 12U,Minnechaug 12U,0.6387831270360097,Minnechaug 12U,0.6349211345973977,Minnechaug 12U,0.6097726580475137,True,True,True
2026-05-04,Westfield 12U Red,Connecticut Valley Youth Lacrosse,Connecticut Valley Youth Lacrosse,Westfield 12U Red,0.6867758113745621,Westfield 12U Red,0.6824262091013519,Westfield 12U Red,0.6494334081646118,False,False,False
2026-05-04,Connecticut Valley Youth Lacrosse,Belchertown 12U,Connecticut Valley Youth Lacrosse,Belchertown 12U,0.5350624783108989,Connecticut Valley Youth Lacrosse,0.5427178242232006,Connecticut Valley Youth Lacrosse,0.5224809080246009,False,True,True
2026-05-05,Connecticut Valley Youth Lacrosse,Colchester 12U,Connecticut Valley Youth Lacrosse,Colchester 12U,0.515183384441515,Colchester 12U,0.5186850121606715,Colchester 12U,0.514455517610329,False,False,False
2026-05-05,Northampton 12U,Connecticut Valley Youth Lacrosse,Connecticut Valley Youth Lacrosse,Connecticut Valley Youth Lacrosse,0.6109819628563071,Connecticut Valley Youth Lacrosse,0.6154095001100943,Connecticut Valley Youth Lacrosse,0.592471337196297,True,True,True
2026-05-05,East Longmeadow 12U A,Connecticut Valley Youth Lacrosse,East Longmeadow 12U A,Connecticut Valley Youth Lacrosse,0.6098098008807651,Connecticut Valley Youth Lacrosse,0.6171287276328183,Connecticut Valley Youth Lacrosse,0.5934310600068047,False,False,False
2026-05-05,Connecticut Valley Youth Lacrosse,Wethersfield 12U B,Wethersfield 12U B,Connecticut Valley Youth Lacrosse,0.5281324556671101,Connecticut Valley Youth Lacrosse,0.5256537795161863,Connecticut Valley Youth Lacrosse,0.520958065440977,False,False,False
2026-05-05,West Hartford 12U White,Connecticut Valley Youth Lacrosse,Connecticut Valley Youth Lacrosse,Connecticut Valley Youth Lacrosse,0.5875909074112873,Connecticut Valley Youth Lacrosse,0.6204661110727766,Connecticut Valley Youth Lacrosse,0.5922571005145618,True,True,True
2026-05-05,West Hartford 12U Green,Connecticut Valley Youth Lacrosse,West Hartford 12U Green,West Hartford 12U Green,0.57582560711806,West Hartford 12U Green,0.611360725331115,West Hartford 12U Green,0.5844174834091183,True,True,True
2026-05-05,Connecticut Valley Youth Lacrosse,Longmeadow 12U Black,Connecticut Valley Youth Lacrosse,Connecticut Valley Youth Lacrosse,0.5263568813330288,Connecticut Valley Youth Lacrosse,0.587189379185811,Connecticut Valley Youth Lacrosse,0.5609634700662904,True,True,True
2026-05-05,Agawam 12U,South Hadley 12U,Agawam 12U,Agawam 12U,0.6435963417671452,Agawam 12U,0.6227259108748073,Agawam 12U,0.6024232882212318,True,True,True
2026-05-05,Connecticut Valley Youth Lacrosse,Belchertown 12U,Belchertown 12U,Connecticut Valley Youth Lacrosse,0.5373867586664343,Connecticut Valley Youth Lacrosse,0.5956562209303656,Connecticut Valley Youth Lacrosse,0.5682176693133266,False,False,False
2026-05-05,Connecticut Valley Youth Lacrosse,South Hadley 12U,Connecticut Valley Youth Lacrosse,Connecticut Valley Youth Lacrosse,0.6687459567373002,Connecticut Valley Youth Lacrosse,0.7032456976504082,Connecticut Valley Youth Lacrosse,0.660966931797522,True,True,True
2026-05-06,Connecticut Valley Youth Lacrosse,West Springfield 12U,West Springfield 12U,West Springfield 12U,0.5785001936743998,West Springfield 12U,0.6422125934587793,West Springfield 12U,0.6054830387137509,True,True,True
2026-05-06,Connecticut Valley Youth Lacrosse,Southington 12U White,Southington 12U White,Southington 12U White,0.5017646249281817,Southington 12U White,0.5026877173808146,Southington 12U White,0.5020152517297933,True,True,True
2026-05-06,Granby 12U,Connecticut Valley Youth Lacrosse,Connecticut Valley Youth Lacrosse,Connecticut Valley Youth Lacrosse,0.5597438238504064,Connecticut Valley Youth Lacrosse,0.6351492790689849,Connecticut Valley Youth Lacrosse,0.5979284401771092,True,True,True
2026-05-06,Connecticut Valley Youth Lacrosse,Somers 12U White,Somers 12U White,Connecticut Valley Youth Lacrosse,0.5069177053587588,Connecticut Valley Youth Lacrosse,0.5201266234840864,Connecticut Valley Youth Lacrosse,0.5141371884547603,False,False,False
2026-05-06,Simsbury 12U Blue,Connecticut Valley Youth Lacrosse,Connecticut Valley Youth Lacrosse,Connecticut Valley Youth Lacrosse,0.562058538548164,Connecticut Valley Youth Lacrosse,0.6165107322545234,Connecticut Valley Youth Lacrosse,0.5857745462454069,True,True,True
2026-05-06,South Windsor 12U,Connecticut Valley Youth Lacrosse,Connecticut Valley Youth Lacrosse,South Windsor 12U,0.567585009287868,South Windsor 12U,0.5437213345983591,South Windsor 12U,0.5387501617597272,False,False,False
2026-05-07,Agawam 12U,Connecticut Valley Youth Lacrosse,Connecticut Valley Youth Lacrosse,Connecticut Valley Youth Lacrosse,0.503963920170095,Connecticut Valley Youth Lacrosse,0.5261893777588578,Connecticut Valley Youth Lacrosse,0.5176339130909688,True,True,True
2026-05-07,Suffield 12U White,Connecticut Valley Youth Lacrosse,Suffield 12U White,Connecticut Valley Youth Lacrosse,0.5091066222999203,Suffield 12U White,0.5549726418075661,Suffield 12U White,0.5344382459325803,False,True,True
2026-05-07,Connecticut Valley Youth Lacrosse,Longmeadow 12U Black,Longmeadow 12U Black,Connecticut Valley Youth Lacrosse,0.5855541147432525,Connecticut Valley Youth Lacrosse,0.5957224624950103,Connecticut Valley Youth Lacrosse,0.575547669122004,False,False,False
2026-05-07,Connecticut Valley Youth Lacrosse,Somers 12U Red,Connecticut Valley Youth Lacrosse,Somers 12U Red,0.5189910159899689,Somers 12U Red,0.5095898101792218,Somers 12U Red,0.5091212111696944,False,False,False
2026-05-07,Connecticut Valley Youth Lacrosse,Suffield B,Suffield B,Connecticut Valley Youth Lacrosse,0.513057911993208,Connecticut Valley Youth Lacrosse,0.5072166489989287,Connecticut Valley Youth Lacrosse,0.5066760449700504,False,False,False
2026-05-07,Connecticut Valley Youth Lacrosse,Burlington 12U,Burlington 12U,Burlington 12U,0.5955295075062585,Burlington 12U,0.6426188006171963,Burlington 12U,0.608304878005176,True,True,True
2026-05-07,Bristol 12U,Connecticut Valley Youth Lacrosse,Connecticut Valley Youth Lacrosse,Connecticut Valley Youth Lacrosse,0.5500146374335615,Connecticut Valley Youth Lacrosse,0.5894181240852475,Connecticut Valley Youth Lacrosse,0.5659941792012513,True,True,True
2026-05-08,South Hadley 12U,Connecticut Valley Youth Lacrosse,Connecticut Valley Youth Lacrosse,Connecticut Valley Youth Lacrosse,0.6954456894461497,Connecticut Valley Youth Lacrosse,0.7209701453938316,Connecticut Valley Youth Lacrosse,0.6775512048001509,True,True,True
2026-05-08,Connecticut Valley Youth Lacrosse,Farmington 12U Black,Connecticut Valley Youth Lacrosse,Connecticut Valley Youth Lacrosse,0.5903767988568822,Connecticut Valley Youth Lacrosse,0.6347592502138161,Connecticut Valley Youth Lacrosse,0.6022403169854698,True,True,True
2026-05-08,Southington 12U White,Connecticut Valley Youth Lacrosse,Connecticut Valley Youth Lacrosse,Connecticut Valley Youth Lacrosse,0.5192616732282247,Southington 12U White,0.5089647709146659,Southington 12U White,0.5028984100808653,True,False,False
2026-05-08,Southington 12U Blue,Connecticut Valley Youth Lacrosse,Southington 12U Blue,Connecticut Valley Youth Lacrosse,0.5512752616515484,Southington 12U Blue,0.5323779492544766,Southington 12U Blue,0.513250562093976,False,True,True
2026-05-08,Belchertown 12U,Connecticut Valley Youth Lacrosse,Belchertown 12U,Connecticut Valley Youth Lacrosse,0.5629329134258867,Connecticut Valley Youth Lacrosse,0.5846883820400902,Connecticut Valley Youth Lacrosse,0.5648330434245578,False,False,False
2026-05-08,Connecticut Valley Youth Lacrosse,Minnechaug 12U White,Connecticut Valley Youth Lacrosse,Minnechaug 12U White,0.5734242899962011,Minnechaug 12U White,0.6166385962734796,Minnechaug 12U White,0.587566925360961,False,False,False
2026-05-08,South Hadley 12U,Minnechaug 12U,Minnechaug 12U,Minnechaug 12U,0.7992217497436918,Minnechaug 12U,0.8268063856870972,Minnechaug 12U,0.7731242033182081,True,True,True
2026-05-08,Connecticut Valley Youth Lacrosse,Farmington 12U Red,Farmington 12U Red,Connecticut Valley Youth Lacrosse,0.5397491752716662,Connecticut Valley Youth Lacrosse,0.5004377179356728,Connecticut Valley Youth Lacrosse,0.506338950631571,False,False,False
2026-05-09,Connecticut Valley Youth Lacrosse,Tolland 12U,Connecticut Valley Youth Lacrosse,Connecticut Valley Youth Lacrosse,0.5810942694444358,Connecticut Valley Youth Lacrosse,0.6454748225085,Connecticut Valley Youth Lacrosse,0.6080755511166219,True,True,True
2026-05-09,Granby 12U,Connecticut Valley Youth Lacrosse,Granby 12U,Connecticut Valley Youth Lacrosse,0.6301552277511998,Connecticut Valley Youth Lacrosse,0.6359063183208775,Connecticut Valley Youth Lacrosse,0.6090845639970136,False,False,False
2026-05-09,Connecticut Valley Youth Lacrosse,South Windsor 12U,Connecticut Valley Youth Lacrosse,South Windsor 12U,0.5045021581697293,Connecticut Valley Youth Lacrosse,0.5128083312255057,Connecticut Valley Youth Lacrosse,0.5076422815357224,False,True,True
2026-05-09,Middletown 12U,Connecticut Valley Youth Lacrosse,Connecticut Valley Youth Lacrosse,Connecticut Valley Youth Lacrosse,0.5791032206484695,Connecticut Valley Youth Lacrosse,0.5987532779317551,Connecticut Valley Youth Lacrosse,0.5765631923420944,True,True,True
2026-05-09,Connecticut Valley Youth Lacrosse,Burlington 12U,Connecticut Valley Youth Lacrosse,Burlington 12U,0.5747295351100229,Burlington 12U,0.6391995030822922,Burlington 12U,0.602886985291043,False,False,False
2026-05-09,Connecticut Valley Youth Lacrosse,Meriden 12U,Meriden 12U,Connecticut Valley Youth Lacrosse,0.626309937563838,Connecticut Valley Youth Lacrosse,0.6004947039461321,Connecticut Valley Youth Lacrosse,0.5850136698693407,False,False,False
2026-05-09,Connecticut Valley Youth Lacrosse,Newington 12U,Newington 12U,Connecticut Valley Youth Lacrosse,0.6219185743459864,Connecticut Valley Youth Lacrosse,0.6087328414840576,Connecticut Valley Youth Lacrosse,0.5897530620204815,False,False,False
2026-05-09,RHAM 12U,Connecticut Valley Youth Lacrosse,RHAM 12U,RHAM 12U,0.6094889834390931,RHAM 12U,0.6834321795053843,RHAM 12U,0.6382784355161496,True,True,True
2026-05-09,Wolcott 12U,Connecticut Valley Youth Lacrosse,Wolcott 12U,Wolcott 12U,0.5732897634907343,Wolcott 12U,0.5848409999695227,Wolcott 12U,0.5665098459492927,True,True,True
2026-05-09,Connecticut Valley Youth Lacrosse,Berkshire,Berkshire,Berkshire,0.5198342948418971,Connecticut Valley Youth Lacrosse,0.5067525302577199,Connecticut Valley Youth Lacrosse,0.5013729515122056,True,False,False
2026-05-09,Bristol 12U,Connecticut Valley Youth Lacrosse,Connecticut Valley Youth Lacrosse,Connecticut Valley Youth Lacrosse,0.5364920191958816,Connecticut Valley Youth Lacrosse,0.5916000064681994,Connecticut Valley Youth Lacrosse,0.5653997852968081,True,True,True
2026-05-10,Middletown 12U,Connecticut Valley Youth Lacrosse,Connecticut Valley Youth Lacrosse,Connecticut Valley Youth Lacrosse,0.5551179218809614,Connecticut Valley Youth Lacrosse,0.6002082789728274,Connecticut Valley Youth Lacrosse,0.5738962027529555,True,True,True
2026-05-10,Connecticut Valley Youth Lacrosse,Simsbury 12U Blue,Connecticut Valley Youth Lacrosse,Connecticut Valley Youth Lacrosse,0.6075266713592021,Connecticut Valley Youth Lacrosse,0.613881292774135,Connecticut Valley Youth Lacrosse,0.5909251441854106,True,True,True
2026-05-10,Connecticut Valley Youth Lacrosse,Simsbury 12U A,Connecticut Valley Youth Lacrosse,Connecticut Valley Youth Lacrosse,0.5858684307492362,Connecticut Valley Youth Lacrosse,0.6104598550805059,Connecticut Valley Youth Lacrosse,0.5853417698722002,True,True,True
2026-05-10,Avon 12U B,Connecticut Valley Youth Lacrosse,Avon 12U B,Connecticut Valley Youth Lacrosse,0.5234482970461811,Avon 12U B,0.5158507112074344,Avon 12U B,0.5067391781811719,False,True,True
2026-05-10,Connecticut Valley Youth Lacrosse,Vernon 12U,Vernon 12U,Connecticut Valley Youth Lacrosse,0.5599427334982083,Connecticut Valley Youth Lacrosse,0.562147411337202,Connecticut Valley Youth Lacrosse,0.5495976635812043,False,False,False
2026-05-10,Avon 12U,Connecticut Valley Youth Lacrosse,Avon 12U,Avon 12U,0.504084059469287,Avon 12U,0.5109567370956422,Avon 12U,0.5077432036919522,True,True,True
2026-05-11,Berlin 12U A,Connecticut Valley Youth Lacrosse,Connecticut Valley Youth Lacrosse,Berlin 12U A,0.5050737633867131,Connecticut Valley Youth Lacrosse,0.5467455608094491,Connecticut Valley Youth Lacrosse,0.5296674642927854,False,True,True
2026-05-11,Vernon 12U,Connecticut Valley Youth Lacrosse,Connecticut Valley Youth Lacrosse,Vernon 12U,0.5003764307089889,Connecticut Valley Youth Lacrosse,0.5307465021600217,Connecticut Valley Youth Lacrosse,0.5199426704132268,False,True,True
2026-05-11,Connecticut Valley Youth Lacrosse,Glastonbury 12U White,Glastonbury 12U White,Connecticut Valley Youth Lacrosse,0.5399234408093273,Connecticut Valley Youth Lacrosse,0.5248942207803688,Connecticut Valley Youth Lacrosse,0.5222613387586675,False,False,False
2026-05-11,Connecticut Valley Youth Lacrosse,East Longmeadow 12U White,Connecticut Valley Youth Lacrosse,Connecticut Valley Youth Lacrosse,0.5087217998199646,Connecticut Valley Youth Lacrosse,0.5607242018812592,Connecticut Valley Youth Lacrosse,0.5409008051037205,True,True,True
2026-05-11,Connecticut Valley Youth Lacrosse,East Longmeadow 12U A,Connecticut Valley Youth Lacrosse,Connecticut Valley Youth Lacrosse,0.5567091069955862,Connecticut Valley Youth Lacrosse,0.6016644511207596,Connecticut Valley Youth Lacrosse,0.5751005118188086,True,True,True
2026-05-11,Connecticut Valley Youth Lacrosse,Meriden 12U,Meriden 12U,Connecticut Valley Youth Lacrosse,0.5569705129882162,Connecticut Valley Youth Lacrosse,0.5549248587279243,Connecticut Valley Youth Lacrosse,0.5444258058097116,False,False,False
2026-05-11,Connecticut Valley Youth Lacrosse,West Hartford 12U Green,West Hartford 12U Green,West Hartford 12U Green,0.5981351670703711,West Hartford 12U Green,0.6172741567630968,West Hartford 12U Green,0.5917363685633861,True,True,True
2026-05-11,Connecticut Valley Youth Lacrosse,South Windsor 12U,South Windsor 12U,South Windsor 12U,0.5169530921280768,Connecticut Valley Youth Lacrosse,0.5157867482750618,Connecticut Valley Youth Lacrosse,0.5076862824701343,True,False,False
2026-05-11,Tolland 12U,Connecticut Valley Youth Lacrosse,Connecticut Valley Youth Lacrosse,Connecticut Valley Youth Lacrosse,0.5499378799609838,Connecticut Valley Youth Lacrosse,0.6828191645773172,Connecticut Valley Youth Lacrosse,0.6292165099719866,True,True,True
2026-05-11,Minnechaug 12U White,Connecticut Valley Youth Lacrosse,Minnechaug 12U White,Minnechaug 12U White,0.5827003337689639,Minnechaug 12U White,0.5852887731100873,Minnechaug 12U White,0.5682436651823465,True,True,True
2026-05-11,Minnechaug 12U,Connecticut Valley Youth Lacrosse,Minnechaug 12U,Minnechaug 12U,0.6507592913141387,Minnechaug 12U,0.6464086215579354,Minnechaug 12U,0.6193385989000647,True,True,True
2026-05-11,Farmington 12U Black,Connecticut Valley Youth Lacrosse,Connecticut Valley Youth Lacrosse,Connecticut Valley Youth Lacrosse,0.5240818594275375,Connecticut Valley Youth Lacrosse,0.6261059861190611,Connecticut Valley Youth Lacrosse,0.5865591706264734,True,True,True
2026-05-12,Glastonbury 12U White,Connecticut Valley Youth Lacrosse,Connecticut Valley Youth Lacrosse,Glastonbury 12U White,0.5283043484994709,Glastonbury 12U White,0.5260554991390033,Glastonbury 12U White,0.5212455819658651,False,False,False
2026-05-12,Connecticut Valley Youth Lacrosse,Southington 12U Blue,Southington 12U Blue,Southington 12U Blue,0.5280329669072978,Southington 12U Blue,0.5361126619441481,Southington 12U Blue,0.5277511959196924,True,True,True
2026-05-12,Wolcott 12U,Connecticut Valley Youth Lacrosse,Connecticut Valley Youth Lacrosse,Wolcott 12U,0.6301088276878685,Wolcott 12U,0.6138782834999179,Wolcott 12U,0.5944369184829741,False,False,False
2026-05-12,Connecticut Valley Youth Lacrosse,South Hadley 12U,Connecticut Valley Youth Lacrosse,Connecticut Valley Youth Lacrosse,0.7374385447122304,Connecticut Valley Youth Lacrosse,0.7390099298555258,Connecticut Valley Youth Lacrosse,0.6970970217643039,True,True,True
2026-05-12,West Springfield 12U,South Hadley 12U,West Springfield 12U,West Springfield 12U,0.8163766887277679,West Springfield 12U,0.8382915105966648,West Springfield 12U,0.7852298157983421,True,True,True
2026-05-12,Connecticut Valley Youth Lacrosse,Agawam 12U,Connecticut Valley Youth Lacrosse,Connecticut Valley Youth Lacrosse,0.5412451244944116,Connecticut Valley Youth Lacrosse,0.5716100190606836,Connecticut Valley Youth Lacrosse,0.5529530862627586,True,True,True
2026-05-12,Connecticut Valley Youth Lacrosse,East Longmeadow 12U A,Connecticut Valley Youth Lacrosse,Connecticut Valley Youth Lacrosse,0.643193722521216,Connecticut Valley Youth Lacrosse,0.631654531818593,Connecticut Valley Youth Lacrosse,0.6082893239988987,True,True,True
2026-05-12,Longmeadow 12U Black,Connecticut Valley Youth Lacrosse,Longmeadow 12U Black,Connecticut Valley Youth Lacrosse,0.5727136964484134,Connecticut Valley Youth Lacrosse,0.5243950702677533,Connecticut Valley Youth Lacrosse,0.5269748067989299,False,False,False
2026-05-12,Connecticut Valley Youth Lacrosse,Suffield 12U,Suffield 12U,Suffield 12U,0.533595678813522,Suffield 12U,0.6202266237078755,Suffield 12U,0.5840178173442727,True,True,True
2026-05-13,Connecticut Valley Youth Lacrosse,Suffield 12U White,Suffield 12U White,Suffield 12U White,0.5347627168105993,Suffield 12U White,0.5557144655185293,Suffield 12U White,0.5415618683337363,True,True,True
2026-05-13,Connecticut Valley Youth Lacrosse,Southington 12U White,Connecticut Valley Youth Lacrosse,Connecticut Valley Youth Lacrosse,0.5128153743575922,Connecticut Valley Youth Lacrosse,0.5340379367859581,Connecticut Valley Youth Lacrosse,0.5240886717856393,True,True,True
2026-05-13,Wethersfield 12U A,Connecticut Valley Youth Lacrosse,Connecticut Valley Youth Lacrosse,Wethersfield 12U A,0.5336718795918554,Wethersfield 12U A,0.5704896424907349,Wethersfield 12U A,0.5510727295346584,False,False,False
2026-05-13,RHAM 12U,Connecticut Valley Youth Lacrosse,RHAM 12U,RHAM 12U,0.5901227875001723,RHAM 12U,0.6720069490849327,RHAM 12U,0.6275289719324877,True,True,True
2026-05-13,Connecticut Valley Youth Lacrosse,West Hartford 12U Gold,West Hartford 12U Gold,West Hartford 12U Gold,0.6668702268779553,West Hartford 12U Gold,0.7081352238900358,West Hartford 12U Gold,0.6641009858452951,True,True,True
2026-05-13,Connecticut Valley Youth Lacrosse,Glastonbury 12U Blue,Connecticut Valley Youth Lacrosse,Connecticut Valley Youth Lacrosse,0.5646611831167568,Connecticut Valley Youth Lacrosse,0.588367165096345,Connecticut Valley Youth Lacrosse,0.5675172747810938,True,True,True
2026-05-13,West Hartford 12U White,Connecticut Valley Youth Lacrosse,Connecticut Valley Youth Lacrosse,Connecticut Valley Youth Lacrosse,0.6272792075286155,Connecticut Valley Youth Lacrosse,0.6278487700851638,Connecticut Valley Youth Lacrosse,0.6032622215772752,True,True,True
2026-05-13,Newington 12U,Connecticut Valley Youth Lacrosse,Connecticut Valley Youth Lacrosse,Connecticut Valley Youth Lacrosse,0.5974703632409749,Connecticut Valley Youth Lacrosse,0.5913939206266616,Connecticut Valley Youth Lacrosse,0.5745296579345063,True,True,True
2026-05-13,Tolland 12U,Connecticut Valley Youth Lacrosse,Connecticut Valley Youth Lacrosse,Connecticut Valley Youth Lacrosse,0.6751765547328721,Connecticut Valley Youth Lacrosse,0.7145887207946202,Connecticut Valley Youth Lacrosse,0.6699090763308692,True,True,True
2026-05-13,Connecticut Valley Youth Lacrosse,Ellington 12U,Ellington 12U,Connecticut Valley Youth Lacrosse,0.6588646117392711,Connecticut Valley Youth Lacrosse,0.6429860494789859,Connecticut Valley Youth Lacrosse,0.618333461740964,False,False,False
2026-05-13,Connecticut Valley Youth Lacrosse,Granby 12U,Connecticut Valley Youth Lacrosse,Connecticut Valley Youth Lacrosse,0.5854234803372267,Connecticut Valley Youth Lacrosse,0.5755716524298422,Connecticut Valley Youth Lacrosse,0.5622887950270704,True,True,True
2026-05-13,Avon 12U B,Connecticut Valley Youth Lacrosse,Avon 12U B,Connecticut Valley Youth Lacrosse,0.5376365466138651,Avon 12U B,0.5265997763892738,Avon 12U B,0.5115724142137508,False,True,True
2026-05-13,Connecticut Valley Youth Lacrosse,Berlin 12U A,Berlin 12U A,Connecticut Valley Youth Lacrosse,0.6022544301990217,Connecticut Valley Youth Lacrosse,0.57541123623986,Connecticut Valley Youth Lacrosse,0.564793035956602,False,False,False
2026-05-13,Farmington 12U Red,Connecticut Valley Youth Lacrosse,Farmington 12U Red,Farmington 12U Red,0.5349041879806803,Farmington 12U Red,0.5371520494446779,Farmington 12U Red,0.5294734012812521,True,True,True
2026-05-14,East Longmeadow 12U A,Connecticut Valley Youth Lacrosse,Connecticut Valley Youth Lacrosse,Connecticut Valley Youth Lacrosse,0.5946649264409227,Connecticut Valley Youth Lacrosse,0.6304115618719808,Connecticut Valley Youth Lacrosse,0.5999721776533303,True,True,True
2026-05-14,Connecticut Valley Youth Lacrosse,Burlington 12U,Connecticut Valley Youth Lacrosse,Burlington 12U,0.5655651936799655,Burlington 12U,0.5834785703092391,Burlington 12U,0.5644373374589615,False,False,False
2026-05-14,Meriden 12U,Connecticut Valley Youth Lacrosse,Tie,Connecticut Valley Youth Lacrosse,0.5256380350564603,Connecticut Valley Youth Lacrosse,0.5195281461916244,Connecticut Valley Youth Lacrosse,0.5165941392272677,False,False,False
2026-05-14,Connecticut Valley Youth Lacrosse,Suffield 12U,Connecticut Valley Youth Lacrosse,Suffield 12U,0.5759946627772468,Suffield 12U,0.6362475062740154,Suffield 12U,0.6010856203221189,False,False,False
2026-05-14,Southington 12U Blue,Connecticut Valley Youth Lacrosse,Southington 12U Blue,Southington 12U Blue,0.5044236265279324,Southington 12U Blue,0.5504217573733488,Southington 12U Blue,0.5335080465277212,True,True,True
2026-05-14,Connecticut Valley Youth Lacrosse,Bristol 12U,Tie,Connecticut Valley Youth Lacrosse,0.6226586736595289,Connecticut Valley Youth Lacrosse,0.6101551162247435,Connecticut Valley Youth Lacrosse,0.5908081604476487,False,False,False
2026-05-14,Connecticut Valley Youth Lacrosse,Agawam 12U,Agawam 12U,Connecticut Valley Youth Lacrosse,0.5694576978342611,Connecticut Valley Youth Lacrosse,0.6067524103703149,Connecticut Valley Youth Lacrosse,0.5803959188909814,False,False,False
2026-05-14,Westfield 12U Red,Connecticut Valley Youth Lacrosse,Westfield 12U Red,Westfield 12U Red,0.6056849375981639,Westfield 12U Red,0.6475617259741504,Westfield 12U Red,0.6131710421881384,True,True,True
2026-05-15,Connecticut Valley Youth Lacrosse,Meriden 12U,Connecticut Valley Youth Lacrosse,Meriden 12U,0.5125720414690929,Connecticut Valley Youth Lacrosse,0.5173710785451534,Connecticut Valley Youth Lacrosse,0.5093832537091988,False,True,True
2026-05-15,Suffield 12U White,Connecticut Valley Youth Lacrosse,Suffield 12U White,Suffield 12U White,0.5566233264838921,Suffield 12U White,0.5666850033485732,Suffield 12U White,0.552059674875486,True,True,True
2026-05-15,Wolcott 12U,Connecticut Valley Youth Lacrosse,Wolcott 12U,Wolcott 12U,0.5770361791889967,Wolcott 12U,0.5886086784480911,Wolcott 12U,0.5695599019460523,True,True,True
2026-05-15,Connecticut Valley Youth Lacrosse,Simsbury 12U A,Connecticut Valley Youth Lacrosse,Connecticut Valley Youth Lacrosse,0.582997011399167,Connecticut Valley Youth Lacrosse,0.6435844529410827,Connecticut Valley Youth Lacrosse,0.6070803145969379,True,True,True
2026-05-15,Connecticut Valley Youth Lacrosse,South Hadley 12U,Connecticut Valley Youth Lacrosse,Connecticut Valley Youth Lacrosse,0.7528709708063023,Connecticut Valley Youth Lacrosse,0.7462882294658593,Connecticut Valley Youth Lacrosse,0.704875178821588,True,True,True
2026-05-15,Glastonbury 12U White,Connecticut Valley Youth Lacrosse,Glastonbury 12U White,Connecticut Valley Youth Lacrosse,0.5360952571992124,Connecticut Valley Youth Lacrosse,0.5137166938228793,Connecticut Valley Youth Lacrosse,0.5144102476895621,False,False,False
2026-05-15,Berlin 12U A,Connecticut Valley Youth Lacrosse,Berlin 12U A,Berlin 12U A,0.5073931377038049,Connecticut Valley Youth Lacrosse,0.5230745079993018,Connecticut Valley Youth Lacrosse,0.5138816615207713,True,False,False
2026-05-15,Connecticut Valley Youth Lacrosse,Middletown 12U,Connecticut Valley Youth Lacrosse,Connecticut Valley Youth Lacrosse,0.552416545720687,Connecticut Valley Youth Lacrosse,0.6123453810777526,Connecticut Valley Youth Lacrosse,0.5815538888135446,True,True,True
2026-05-15,East Longmeadow 12U A,South Hadley 12U,East Longmeadow 12U A,East Longmeadow 12U A,0.6605994037123867,East Longmeadow 12U A,0.6306321238689697,East Longmeadow 12U A,0.6103855586215517,True,True,True
2026-05-15,Connecticut Valley Youth Lacrosse,Glastonbury 12U Blue,Connecticut Valley Youth Lacrosse,Connecticut Valley Youth Lacrosse,0.5523579054377512,Connecticut Valley Youth Lacrosse,0.5866844163962228,Connecticut Valley Youth Lacrosse,0.5645454675504863,True,True,True
2026-05-16,West Springfield 12U,Connecticut Valley Youth Lacrosse,West Springfield 12U,West Springfield 12U,0.6203662130539864,West Springfield 12U,0.6461187422775274,West Springfield 12U,0.6144278950075553,True,True,True
2026-05-16,Connecticut Valley Youth Lacrosse,Agawam 12U,Connecticut Valley Youth Lacrosse,Connecticut Valley Youth Lacrosse,0.5187264438598554,Connecticut Valley Youth Lacrosse,0.5930185522265986,Connecticut Valley Youth Lacrosse,0.5636746369149087,True,True,True
2026-05-16,Longmeadow 12U Black,South Hadley 12U,Longmeadow 12U Black,Longmeadow 12U Black,0.7706559195489545,Longmeadow 12U Black,0.7323785387860909,Longmeadow 12U Black,0.6981705171101418,True,True,True
2026-05-16,Connecticut Valley Youth Lacrosse,Glastonbury 12U Blue,Connecticut Valley Youth Lacrosse,Connecticut Valley Youth Lacrosse,0.5827264575975435,Connecticut Valley Youth Lacrosse,0.59082747038335,Connecticut Valley Youth Lacrosse,0.5718901255592701,True,True,True
2026-05-16,Belchertown 12U,Connecticut Valley Youth Lacrosse,Belchertown 12U,Connecticut Valley Youth Lacrosse,0.5084772456049171,Connecticut Valley Youth Lacrosse,0.5539879332770373,Connecticut Valley Youth Lacrosse,0.5364533919332227,False,False,False
2026-05-16,Connecticut Valley Youth Lacrosse,Northampton 12U,Connecticut Valley Youth Lacrosse,Connecticut Valley Youth Lacrosse,0.604028262671297,Connecticut Valley Youth Lacrosse,0.6129057823882392,Connecticut Valley Youth Lacrosse,0.5897399846088741,True,True,True
2026-05-16,Avon 12U B,Connecticut Valley Youth Lacrosse,Avon 12U B,Avon 12U B,0.5448857428690307,Avon 12U B,0.5487554798550062,Avon 12U B,0.5385565717586287,True,True,True
2026-05-16,Connecticut Valley Youth Lacrosse,South Hadley 12U,Connecticut Valley Youth Lacrosse,Connecticut Valley Youth Lacrosse,0.7671715434298408,Connecticut Valley Youth Lacrosse,0.7394056315331993,Connecticut Valley Youth Lacrosse,0.7024773483946747,True,True,True
2026-05-17,Suffield 12U White,Connecticut Valley Youth Lacrosse,Tie,Suffield 12U White,0.5845658120553175,Suffield 12U White,0.5707740461391284,Suffield 12U White,0.5590167073252071,False,False,False
2026-05-17,Simsbury 12U A,Connecticut Valley Youth Lacrosse,Connecticut Valley Youth Lacrosse,Connecticut Valley Youth Lacrosse,0.6273341833672428,Connecticut Valley Youth Lacrosse,0.657551386400806,Connecticut Valley Youth Lacrosse,0.6232165976678715,True,True,True
2026-05-17,RHAM 12U,Connecticut Valley Youth Lacrosse,RHAM 12U,RHAM 12U,0.639497264701517,RHAM 12U,0.6937600986093845,RHAM 12U,0.6499155174795699,True,True,True
2026-05-17,Connecticut Valley Youth Lacrosse,Minnechaug 12U,Connecticut Valley Youth Lacrosse,Minnechaug 12U,0.637940872364706,Minnechaug 12U,0.6702975724436709,Minnechaug 12U,0.6335079291410616,False,False,False
2026-05-17,Wethersfield 12U A,Connecticut Valley Youth Lacrosse,Connecticut Valley Youth Lacrosse,Connecticut Valley Youth Lacrosse,0.523926732806258,Wethersfield 12U A,0.5331198683291201,Wethersfield 12U A,0.5179120982844411,True,False,False
2026-05-17,Connecticut Valley Youth Lacrosse,Avon 12U,Avon 12U,Connecticut Valley Youth Lacrosse,0.5330539297009426,Avon 12U,0.5681882950344381,Avon 12U,0.5394862441209605,False,True,True
2026-05-17,Connecticut Valley Youth Lacrosse,West Hartford 12U Green,Connecticut Valley Youth Lacrosse,West Hartford 12U Green,0.5687217449472348,West Hartford 12U Green,0.6462906031388362,West Hartford 12U Green,0.6067932642864797,False,False,False
2026-05-17,Suffield 12U,Connecticut Valley Youth Lacrosse,Suffield 12U,Suffield 12U,0.505188717500998,Suffield 12U,0.6136536208216599,Suffield 12U,0.5753974634003984,True,True,True
2026-05-17,Connecticut Valley Youth Lacrosse,Minnechaug 12U White,Tie,Minnechaug 12U White,0.5375833290332137,Minnechaug 12U White,0.5855077877864567,Minnechaug 12U White,0.5615415585882414,False,False,False
2026-05-17,Wethersfield 12U B,Connecticut Valley Youth Lacrosse,Wethersfield 12U B,Connecticut Valley Youth Lacrosse,0.5403096280161668,Connecticut Valley Youth Lacrosse,0.5077172903765754,Connecticut Valley Youth Lacrosse,0.5111552993256643,False,False,False
2026-05-17,Connecticut Valley Youth Lacrosse,Glastonbury 12U White,Glastonbury 12U White,Connecticut Valley Youth Lacrosse,0.5293364765408153,Glastonbury 12U White,0.5174221126200016,Glastonbury 12U White,0.5068641662742228,False,True,True
2026-05-18,Connecticut Valley Youth Lacrosse,East Longmeadow 12U White,Connecticut Valley Youth Lacrosse,Connecticut Valley Youth Lacrosse,0.5421864169316762,Connecticut Valley Youth Lacrosse,0.5687517240140455,Connecticut Valley Youth Lacrosse,0.5512209381263342,True,True,True
2026-05-18,Ellington 12U,Connecticut Valley Youth Lacrosse,Ellington 12U,Connecticut Valley Youth Lacrosse,0.5569888725076528,Connecticut Valley Youth Lacrosse,0.5872607815140537,Connecticut Valley Youth Lacrosse,0.5656256204236842,False,False,False
2026-05-18,Southington 12U Blue,Connecticut Valley Youth Lacrosse,Connecticut Valley Youth Lacrosse,Southington 12U Blue,0.5736484763246559,Southington 12U Blue,0.5646036902294497,Southington 12U Blue,0.5533019731325045,False,False,False
2026-05-18,Northampton 12U,Connecticut Valley Youth Lacrosse,Northampton 12U,Connecticut Valley Youth Lacrosse,0.6462856687404361,Connecticut Valley Youth Lacrosse,0.6145749014775361,Connecticut Valley Youth Lacrosse,0.5974616466099409,False,False,False
2026-05-18,Southington 12U White,Connecticut Valley Youth Lacrosse,Southington 12U White,Connecticut Valley Youth Lacrosse,0.5464866036039795,Connecticut Valley Youth Lacrosse,0.5571055434662864,Connecticut Valley Youth Lacrosse,0.5442517590851774,False,False,False
2026-05-18,Connecticut Valley Youth Lacrosse,Granby 12U,Connecticut Valley Youth Lacrosse,Connecticut Valley Youth Lacrosse,0.5727482624373965,Connecticut Valley Youth Lacrosse,0.6133464881792249,Connecticut Valley Youth Lacrosse,0.5852731749664046,True,True,True
2026-05-18,Connecticut Valley Youth Lacrosse,Somers 12U White,Connecticut Valley Youth Lacrosse,Somers 12U White,0.5169926836445986,Somers 12U White,0.5293597267400991,Somers 12U White,0.5216761417012004,False,False,False
2026-05-18,Bristol 12U,Connecticut Valley Youth Lacrosse,Bristol 12U,Connecticut Valley Youth Lacrosse,0.6249471325260488,Connecticut Valley Youth Lacrosse,0.6036648353429541,Connecticut Valley Youth Lacrosse,0.5868857712672451,False,False,False
2026-05-18,Connecticut Valley Youth Lacrosse,Glastonbury 12U White,Glastonbury 12U White,Glastonbury 12U White,0.5225601732482563,Glastonbury 12U White,0.5550361657554546,Glastonbury 12U White,0.5392695455879191,True,True,True
2026-05-18,Minnechaug 12U,Connecticut Valley Youth Lacrosse,Minnechaug 12U,Minnechaug 12U,0.6286845746913723,Minnechaug 12U,0.630014225849318,Minnechaug 12U,0.6049233676165267,True,True,True
2026-05-18,Connecticut Valley Youth Lacrosse,Glastonbury 12U Blue,Connecticut Valley Youth Lacrosse,Connecticut Valley Youth Lacrosse,0.5740722452808322,Connecticut Valley Youth Lacrosse,0.6084496683639314,Connecticut Valley Youth Lacrosse,0.5822193652945377,True,True,True
2026-05-18,Somers 12U Red,Connecticut Valley Youth Lacrosse,Connecticut Valley Youth Lacrosse,Somers 12U Red,0.5221054586855628,Somers 12U Red,0.5003193265214951,Somers 12U Red,0.5035697909571759,False,False,False
2026-05-18,Longmeadow 12U Black,Connecticut Valley Youth Lacrosse,Connecticut Valley Youth Lacrosse,Longmeadow 12U Black,0.5202514605566039,Longmeadow 12U Black,0.5103275415592449,Longmeadow 12U Black,0.509792573648115,False,False,False
2026-05-18,Connecticut Valley Youth Lacrosse,Minnechaug 12U White,Minnechaug 12U White,Minnechaug 12U White,0.5434774017827407,Minnechaug 12U White,0.578763894240776,Minnechaug 12U White,0.5579897319760507,True,True,True
2026-05-18,Connecticut Valley Youth Lacrosse,Berlin 12U A,Connecticut Valley Youth Lacrosse,Connecticut Valley Youth Lacrosse,0.5046994256942001,Berlin 12U A,0.5031859466284714,Berlin 12U A,0.5013565418453947,True,False,False
2026-05-18,Connecticut Valley Youth Lacrosse,Westfield 12U Red,Westfield 12U Red,Westfield 12U Red,0.5869732470565056,Westfield 12U Red,0.6443544797093945,Westfield 12U Red,0.608194328915298,True,True,True
2026-05-19,Connecticut Valley Youth Lacrosse,Wethersfield 12U B,Connecticut Valley Youth Lacrosse,Wethersfield 12U B,0.517247613498422,Connecticut Valley Youth Lacrosse,0.5008097654068988,Wethersfield 12U B,0.5020963705308836,False,True,False
2026-05-19,Suffield 12U White,Connecticut Valley Youth Lacrosse,Suffield 12U White,Suffield 12U White,0.5588423308262995,Suffield 12U White,0.565077019530881,Suffield 12U White,0.5513455898993278,True,True,True
2026-05-19,South Hadley 12U,Longmeadow 12U Black,Longmeadow 12U Black,Longmeadow 12U Black,0.7687076630917256,Longmeadow 12U Black,0.7165603559291056,Longmeadow 12U Black,0.6868451602786847,True,True,True
2026-05-19,Connecticut Valley Youth Lacrosse,Meriden 12U,Connecticut Valley Youth Lacrosse,Connecticut Valley Youth Lacrosse,0.533200316549064,Connecticut Valley Youth Lacrosse,0.5480466222188701,Connecticut Valley Youth Lacrosse,0.5363168848505825,True,True,True
2026-05-19,Connecticut Valley Youth Lacrosse,West Springfield 12U,West Springfield 12U,West Springfield 12U,0.6057276319379717,West Springfield 12U,0.6387171020968613,West Springfield 12U,0.6072193030928392,True,True,True
2026-05-19,Wolcott 12U,Connecticut Valley Youth Lacrosse,Wolcott 12U,Wolcott 12U,0.6016255722317866,Wolcott 12U,0.6056475180434359,Wolcott 12U,0.5845661765587553,True,True,True
2026-05-19,Belchertown 12U,Connecticut Valley Youth Lacrosse,Connecticut Valley Youth Lacrosse,Belchertown 12U,0.5359604220214039,Connecticut Valley Youth Lacrosse,0.5387382301703182,Connecticut Valley Youth Lacrosse,0.5197445920478858,False,True,True
2026-05-19,Connecticut Valley Youth Lacrosse,Agawam 12U,Connecticut Valley Youth Lacrosse,Connecticut Valley Youth Lacrosse,0.5632147235654092,Connecticut Valley Youth Lacrosse,0.5913664885808861,Connecticut Valley Youth Lacrosse,0.569274884218307,True,True,True
2026-05-19,Connecticut Valley Youth Lacrosse,Bristol 12U,Connecticut Valley Youth Lacrosse,Connecticut Valley Youth Lacrosse,0.6257631152896959,Connecticut Valley Youth Lacrosse,0.5930509561558833,Connecticut Valley Youth Lacrosse,0.5800374683843239,True,True,True
2026-05-19,South Hadley 12U,Connecticut Valley Youth Lacrosse,Connecticut Valley Youth Lacrosse,Connecticut Valley Youth Lacrosse,0.8295607579598336,Connecticut Valley Youth Lacrosse,0.7518520327963247,Connecticut Valley Youth Lacrosse,0.7233383524452046,True,True,True
2026-05-19,Suffield 12U,Connecticut Valley Youth Lacrosse,Suffield 12U,Suffield 12U,0.5477428901257387,Suffield 12U,0.6410229145441706,Suffield 12U,0.6001262773589094,True,True,True
2026-05-19,Newington 12U,Connecticut Valley Youth Lacrosse,Newington 12U,Connecticut Valley Youth Lacrosse,0.6327026188545053,Connecticut Valley Youth Lacrosse,0.6203562947445336,Connecticut Valley Youth Lacrosse,0.5991328157344239,False,False,False
2026-05-20,Westfield 12U Red,South Hadley 12U,Westfield 12U Red,Westfield 12U Red,0.8822493749806515,Westfield 12U Red,0.8635809066800867,Westfield 12U Red,0.8184083847266482,True,True,True
2026-05-20,Belchertown 12U,Connecticut Valley Youth Lacrosse,Belchertown 12U,Connecticut Valley Youth Lacrosse,0.5198135774245498,Connecticut Valley Youth Lacrosse,0.5573959441357021,Connecticut Valley Youth Lacrosse,0.5403975934811542,False,False,False
2026-05-20,Simsbury 12U Blue,Connecticut Valley Youth Lacrosse,Simsbury 12U Blue,Connecticut Valley Youth Lacrosse,0.6157604474235394,Connecticut Valley Youth Lacrosse,0.615844152357707,Connecticut Valley Youth Lacrosse,0.593498736522531,False,False,False
2026-05-20,Connecticut Valley Youth Lacrosse,East Longmeadow 12U A,Connecticut Valley Youth Lacrosse,Connecticut Valley Youth Lacrosse,0.5857444079701704,Connecticut Valley Youth Lacrosse,0.6211112135997987,Connecticut Valley Youth Lacrosse,0.5924077193715226,True,True,True
2026-05-20,Connecticut Valley Youth Lacrosse,Glastonbury 12U Blue,Connecticut Valley Youth Lacrosse,Connecticut Valley Youth Lacrosse,0.6163437852699301,Connecticut Valley Youth Lacrosse,0.606099560044534,Connecticut Valley Youth Lacrosse,0.5871444806356505,True,True,True
2026-05-20,Vernon 12U,Connecticut Valley Youth Lacrosse,Vernon 12U,Connecticut Valley Youth Lacrosse,0.537874037204225,Connecticut Valley Youth Lacrosse,0.5467896817338764,Connecticut Valley Youth Lacrosse,0.5362070710648452,False,False,False
2026-05-20,Connecticut Valley Youth Lacrosse,Simsbury 12U A,Connecticut Valley Youth Lacrosse,Connecticut Valley Youth Lacrosse,0.6183051861784015,Connecticut Valley Youth Lacrosse,0.6760666289563518,Connecticut Valley Youth Lacrosse,0.6344975122635895,True,True,True
2026-05-20,Connecticut Valley Youth Lacrosse,South Hadley 12U,Connecticut Valley Youth Lacrosse,Connecticut Valley Youth Lacrosse,0.807400487443068,Connecticut Valley Youth Lacrosse,0.7615087174189513,Connecticut Valley Youth Lacrosse,0.7256138565054003,True,True,True
2026-05-20,Connecticut Valley Youth Lacrosse,West Hartford 12U Green,Connecticut Valley Youth Lacrosse,West Hartford 12U Green,0.5899739495269414,West Hartford 12U Green,0.6201964128274235,West Hartford 12U Green,0.5924386311294999,False,False,False
2026-05-20,Ellington 12U,Connecticut Valley Youth Lacrosse,Ellington 12U,Connecticut Valley Youth Lacrosse,0.5640307600535601,Connecticut Valley Youth Lacrosse,0.5753005099746982,Connecticut Valley Youth Lacrosse,0.5588332929112394,False,False,False
2026-05-20,Connecticut Valley Youth Lacrosse,Tolland 12U,Connecticut Valley Youth Lacrosse,Connecticut Valley Youth Lacrosse,0.638926874534519,Connecticut Valley Youth Lacrosse,0.7317500152285391,Connecticut Valley Youth Lacrosse,0.6767853154976041,True,True,True
2026-05-20,South Windsor 12U,Connecticut Valley Youth Lacrosse,South Windsor 12U,Connecticut Valley Youth Lacrosse,0.5138211501249144,Connecticut Valley Youth Lacrosse,0.5027129859835133,Connecticut Valley Youth Lacrosse,0.5038647737876165,False,False,False
2026-05-21,Suffield 12U White,Connecticut Valley Youth Lacrosse,Suffield 12U White,Suffield 12U White,0.5990922063137034,Suffield 12U White,0.5773566950742612,Suffield 12U White,0.5655733327824735,True,True,True
2026-05-21,Meriden 12U,Connecticut Valley Youth Lacrosse,Meriden 12U,Connecticut Valley Youth Lacrosse,0.5331714712426436,Connecticut Valley Youth Lacrosse,0.5498487266223198,Connecticut Valley Youth Lacrosse,0.5374887654342914,False,False,False
2026-05-21,Colchester 12U,Connecticut Valley Youth Lacrosse,Colchester 12U,Colchester 12U,0.5289294365274669,Connecticut Valley Youth Lacrosse,0.506987321561507,Connecticut Valley Youth Lacrosse,0.5001397747506848,True,False,False
2026-05-21,Connecticut Valley Youth Lacrosse,Tolland 12U,Connecticut Valley Youth Lacrosse,Connecticut Valley Youth Lacrosse,0.6023183120867919,Connecticut Valley Youth Lacrosse,0.7486946745672762,Connecticut Valley Youth Lacrosse,0.6841008581834591,True,True,True
2026-05-21,Connecticut Valley Youth Lacrosse,West Springfield 12U,West Springfield 12U,West Springfield 12U,0.6756767234314586,West Springfield 12U,0.6447726797744352,West Springfield 12U,0.622237750420723,True,True,True
2026-05-21,Connecticut Valley Youth Lacrosse,Farmington 12U Red,Connecticut Valley Youth Lacrosse,Farmington 12U Red,0.6052265756956389,Farmington 12U Red,0.5395417552048389,Farmington 12U Red,0.5418948480763073,False,False,False
2026-05-21,Connecticut Valley Youth Lacrosse,Westfield 12U Black,Connecticut Valley Youth Lacrosse,Westfield 12U Black,0.5386424909547285,Connecticut Valley Youth Lacrosse,0.5015656304158205,Westfield 12U Black,0.5048676970368635,False,True,False
2026-05-21,West Hartford 12U Gold,Connecticut Valley Youth Lacrosse,West Hartford 12U Gold,West Hartford 12U Gold,0.7042070796897029,West Hartford 12U Gold,0.7091422513382479,West Hartford 12U Gold,0.6706538053674997,True,True,True
2026-05-21,Connecticut Valley Youth Lacrosse,Longmeadow 12U Black,Connecticut Valley Youth Lacrosse,Longmeadow 12U Black,0.5289352362784321,Connecticut Valley Youth Lacrosse,0.5074218951393417,Connecticut Valley Youth Lacrosse,0.5004214216170074,False,True,True
2026-05-21,Northampton 12U,Connecticut Valley Youth Lacrosse,Connecticut Valley Youth Lacrosse,Connecticut Valley Youth Lacrosse,0.6020103829796831,Connecticut Valley Youth Lacrosse,0.5965451472583727,Connecticut Valley Youth Lacrosse,0.5786209952056123,True,True,True
2026-05-22,Connecticut Valley Youth Lacrosse,Wethersfield 12U B,Wethersfield 12U B,Connecticut Valley Youth Lacrosse,0.5331729207295617,Connecticut Valley Youth Lacrosse,0.522779424858157,Connecticut Valley Youth Lacrosse,0.5198562388267054,False,False,False
2026-05-22,Simsbury 12U A,Connecticut Valley Youth Lacrosse,Connecticut Valley Youth Lacrosse,Connecticut Valley Youth Lacrosse,0.6600756606690636,Connecticut Valley Youth Lacrosse,0.6920887263758737,Connecticut Valley Youth Lacrosse,0.6518794064039346,True,True,True
2026-05-22,Connecticut Valley Youth Lacrosse,East Longmeadow 12U White,Connecticut Valley Youth Lacrosse,Connecticut Valley Youth Lacrosse,0.5779553701979552,Connecticut Valley Youth Lacrosse,0.5747100005545893,Connecticut Valley Youth Lacrosse,0.5605757060792963,True,True,True
2026-05-22,Connecticut Valley Youth Lacrosse,Burlington 12U,Connecticut Valley Youth Lacrosse,Burlington 12U,0.5008856349216101,Burlington 12U,0.5545664179166716,Burlington 12U,0.5356838449996093,False,False,False
2026-05-22,Suffield 12U,Connecticut Valley Youth Lacrosse,Suffield 12U,Suffield 12U,0.5766738412926753,Suffield 12U,0.6628318449672732,Suffield 12U,0.6192462112135123,True,True,True
2026-05-22,Connecticut Valley Youth Lacrosse,Westfield 12U Red,Westfield 12U Red,Westfield 12U Red,0.6139112891022074,Westfield 12U Red,0.6773664647250932,Westfield 12U Red,0.634738238256543,True,True,True
2026-05-22,Connecticut Valley Youth Lacrosse,Wethersfield 12U A,Wethersfield 12U A,Wethersfield 12U A,0.5029677359129061,Wethersfield 12U A,0.5241740477869865,Wethersfield 12U A,0.5161708601636799,True,True,True
2026-05-22,Somers 12U Red,Connecticut Valley Youth Lacrosse,Somers 12U Red,Connecticut Valley Youth Lacrosse,0.5183042837720286,Connecticut Valley Youth Lacrosse,0.5192154619534396,Connecticut Valley Youth Lacrosse,0.5152750012375978,False,False,False
2026-05-22,Southington 12U Blue,Connecticut Valley Youth Lacrosse,Connecticut Valley Youth Lacrosse,Southington 12U Blue,0.5587376030847298,Southington 12U Blue,0.5274345791498974,Southington 12U Blue,0.5267944219097148,False,False,False
2026-05-22,Farmington 12U Red,Connecticut Valley Youth Lacrosse,Tie,Farmington 12U Red,0.5230979237988382,Farmington 12U Red,0.5093687316488578,Farmington 12U Red,0.5096026635357899,False,False,False
2026-05-22,Southington 12U White,Connecticut Valley Youth Lacrosse,Connecticut Valley Youth Lacrosse,Connecticut Valley Youth Lacrosse,0.5138767674629411,Connecticut Valley Youth Lacrosse,0.5460432594144855,Connecticut Valley Youth Lacrosse,0.5320788772417324,True,True,True
2026-05-22,Connecticut Valley Youth Lacrosse,West Hartford 12U White,Tie,Connecticut Valley Youth Lacrosse,0.6508660192870102,Connecticut Valley Youth Lacrosse,0.633884227746996,Connecticut Valley Youth Lacrosse,0.6109888472675252,False,False,False
2026-05-23,Connecticut Valley Youth Lacrosse,RHAM 12U,RHAM 12U,RHAM 12U,0.6562010680640288,RHAM 12U,0.692762006812284,RHAM 12U,0.6517516803576402,True,True,True
2026-05-23,Connecticut Valley Youth Lacrosse,Vernon 12U,Vernon 12U,Vernon 12U,0.5021260476316435,Connecticut Valley Youth Lacrosse,0.5015418673958645,Connecticut Valley Youth Lacrosse,0.5006790488548604,True,False,False
2026-05-23,Connecticut Valley Youth Lacrosse,Berlin 12U A,Berlin 12U A,Berlin 12U A,0.5116377443934035,Connecticut Valley Youth Lacrosse,0.5015475044070395,Berlin 12U A,0.5007634107404781,True,False,True
2026-05-23,Meriden 12U,Connecticut Valley Youth Lacrosse,Connecticut Valley Youth Lacrosse,Meriden 12U,0.5139018050452695,Connecticut Valley Youth Lacrosse,0.5235431861214077,Connecticut Valley Youth Lacrosse,0.5131976675934973,False,True,True
2026-05-23,Connecticut Valley Youth Lacrosse,West Hartford 12U Gold,West Hartford 12U Gold,West Hartford 12U Gold,0.7225723890337379,West Hartford 12U Gold,0.7249659735153997,West Hartford 12U Gold,0.6847106435540976,True,True,True
2026-05-23,Newington 12U,Connecticut Valley Youth Lacrosse,Connecticut Valley Youth Lacrosse,Connecticut Valley Youth Lacrosse,0.5605959347762511,Connecticut Valley Youth Lacrosse,0.60810361038254,Connecticut Valley Youth Lacrosse,0.5799580331764509,True,True,True
2026-05-23,Glastonbury 12U White,Connecticut Valley Youth Lacrosse,Connecticut Valley Youth Lacrosse,Glastonbury 12U White,0.5570467654632869,Glastonbury 12U White,0.590975616358071,Glastonbury 12U White,0.5680836672105027,False,False,False
2026-05-23,Colchester 12U,Connecticut Valley Youth Lacrosse,Connecticut Valley Youth Lacrosse,Connecticut Valley Youth Lacrosse,0.5008443235350255,Colchester 12U,0.5304208474339452,Colchester 12U,0.519659523404588,True,False,False
2026-05-24,East Longmeadow 12U A,Connecticut Valley Youth Lacrosse,East Longmeadow 12U A,Connecticut Valley Youth Lacrosse,0.6585179433159118,Connecticut Valley Youth Lacrosse,0.6293453980640383,Connecticut Valley Youth Lacrosse,0.6091965329859239,False,False,False
2026-05-24,Connecticut Valley Youth Lacrosse,Northampton 12U,Connecticut Valley Youth Lacrosse,Connecticut Valley Youth Lacrosse,0.6056215438210713,Connecticut Valley Youth Lacrosse,0.6155576780101107,Connecticut Valley Youth Lacrosse,0.5917437194590023,True,True,True
2026-05-26,Connecticut Valley Youth Lacrosse,West Springfield 12U,West Springfield 12U,West Springfield 12U,0.6412008402855167,West Springfield 12U,0.6586880862531526,West Springfield 12U,0.6261170626878185,True,True,True
2026-05-26,Suffield 12U,Connecticut Valley Youth Lacrosse,Suffield 12U,Suffield 12U,0.6714807389609714,Suffield 12U,0.6831781031020301,Suffield 12U,0.6475154202737361,True,True,True
2026-05-26,Suffield 12U White,Connecticut Valley Youth Lacrosse,Suffield 12U White,Suffield 12U White,0.6366325527845446,Suffield 12U White,0.5809840118754083,Suffield 12U White,0.5738726330590737,True,True,True
2026-05-26,Connecticut Valley Youth Lacrosse,Somers 12U Red,Connecticut Valley Youth Lacrosse,Somers 12U Red,0.535518376006344,Somers 12U Red,0.5052232214738188,Somers 12U Red,0.5088023190411665,False,False,False
2026-05-26,Wethersfield 12U A,Connecticut Valley Youth Lacrosse,Connecticut Valley Youth Lacrosse,Wethersfield 12U A,0.5568449945824553,Wethersfield 12U A,0.5391520446002601,Wethersfield 12U A,0.5341260286065947,False,False,False
2026-05-26,Connecticut Valley Youth Lacrosse,South Windsor 12U,Connecticut Valley Youth Lacrosse,South Windsor 12U,0.5270472262776957,South Windsor 12U,0.5127026542631541,South Windsor 12U,0.5123712554692679,False,False,False
2026-05-26,Connecticut Valley Youth Lacrosse,RHAM 12U,RHAM 12U,RHAM 12U,0.652753616626059,RHAM 12U,0.7030073727594421,RHAM 12U,0.6583653404298302,True,True,True
2026-05-26,Connecticut Valley Youth Lacrosse,Belchertown 12U,Belchertown 12U,Connecticut Valley Youth Lacrosse,0.5058172970975537,Connecticut Valley Youth Lacrosse,0.5357278390941065,Connecticut Valley Youth Lacrosse,0.5241282735584742,False,False,False
2026-05-26,South Hadley 12U,Agawam 12U,Agawam 12U,Agawam 12U,0.7660473117923065,Agawam 12U,0.6697109596624922,Agawam 12U,0.6547004238157048,True,True,True
2026-05-26,Northampton 12U,Connecticut Valley Youth Lacrosse,Connecticut Valley Youth Lacrosse,Connecticut Valley Youth Lacrosse,0.6559480073398569,Connecticut Valley Youth Lacrosse,0.639921025048263,Connecticut Valley Youth Lacrosse,0.6158214788605807,True,True,True
2026-05-26,South Hadley 12U,Connecticut Valley Youth Lacrosse,Connecticut Valley Youth Lacrosse,Connecticut Valley Youth Lacrosse,0.8423008963137688,Connecticut Valley Youth Lacrosse,0.7728572990210116,Connecticut Valley Youth Lacrosse,0.7408917674864929,True,True,True
2026-05-27,Minnechaug 12U White,Connecticut Valley Youth Lacrosse,Minnechaug 12U White,Minnechaug 12U White,0.5628602837472828,Minnechaug 12U White,0.5857376650985662,Minnechaug 12U White,0.5655125186568395,True,True,True
2026-05-27,Minnechaug 12U,Connecticut Valley Youth Lacrosse,Minnechaug 12U,Minnechaug 12U,0.6063179604630793,Minnechaug 12U,0.6255178030465869,Minnechaug 12U,0.5984755596675239,True,True,True
2026-05-27,Colchester 12U,Connecticut Valley Youth Lacrosse,Connecticut Valley Youth Lacrosse,Colchester 12U,0.5139919454091167,Colchester 12U,0.5162054198667825,Colchester 12U,0.5126618799664384,False,False,False
2026-05-27,Connecticut Valley Youth Lacrosse,West Springfield 12U,Connecticut Valley Youth Lacrosse,West Springfield 12U,0.6492168603775996,West Springfield 12U,0.659636741918741,West Springfield 12U,0.6280037053600742,False,False,False
2026-05-27,Westfield 12U Red,Connecticut Valley Youth Lacrosse,Westfield 12U Red,Westfield 12U Red,0.6424198527984758,Westfield 12U Red,0.695169178588163,Westfield 12U Red,0.6513355250287749,True,True,True
2026-05-27,Connecticut Valley Youth Lacrosse,Somers 12U White,Connecticut Valley Youth Lacrosse,Connecticut Valley Youth Lacrosse,0.5034978430559218,Somers 12U White,0.5151440791089479,Somers 12U White,0.5093138941109392,True,False,False
2026-05-27,Suffield 12U White,Connecticut Valley Youth Lacrosse,Suffield 12U White,Suffield 12U White,0.5854428301738065,Suffield 12U White,0.5783822188559208,Suffield 12U White,0.5641330921603556,True,True,True
2026-05-27,Connecticut Valley Youth Lacrosse,Farmington 12U Black,Connecticut Valley Youth Lacrosse,Connecticut Valley Youth Lacrosse,0.6208820275940851,Connecticut Valley Youth Lacrosse,0.6498008596860785,Connecticut Valley Youth Lacrosse,0.6169892958970444,True,True,True
2026-05-27,Berlin 12U A,Connecticut Valley Youth Lacrosse,Berlin 12U A,Connecticut Valley Youth Lacrosse,0.5275028097055354,Berlin 12U A,0.5060109904558148,Connecticut Valley Youth Lacrosse,0.5002774032815753,False,True,False
2026-05-27,Connecticut Valley Youth Lacrosse,West Hartford 12U White,Connecticut Valley Youth Lacrosse,Connecticut Valley Youth Lacrosse,0.6472790627674415,Connecticut Valley Youth Lacrosse,0.6246002076791141,Connecticut Valley Youth Lacrosse,0.6042509386355968,True,True,True
2026-05-27,Connecticut Valley Youth Lacrosse,South Windsor 12U,South Windsor 12U,Connecticut Valley Youth Lacrosse,0.5569723955096011,Connecticut Valley Youth Lacrosse,0.5257363235415946,Connecticut Valley Youth Lacrosse,0.525419226859518,False,False,False
2026-05-27,Connecticut Valley Youth Lacrosse,Somers 12U Red,Connecticut Valley Youth Lacrosse,Connecticut Valley Youth Lacrosse,0.5255917331320603,Connecticut Valley Youth Lacrosse,0.5018617172658948,Connecticut Valley Youth Lacrosse,0.5051033688615588,True,True,True
2026-05-27,Vernon 12U,Connecticut Valley Youth Lacrosse,Connecticut Valley Youth Lacrosse,Connecticut Valley Youth Lacrosse,0.5163181834588126,Vernon 12U,0.5067185054358736,Vernon 12U,0.5018859872638235,True,False,False
2026-05-27,Wolcott 12U,Connecticut Valley Youth Lacrosse,Wolcott 12U,Wolcott 12U,0.5647410703697381,Wolcott 12U,0.6050648569098588,Wolcott 12U,0.5785648553231658,True,True,True
2026-05-27,Connecticut Valley Youth Lacrosse,Longmeadow 12U Black,Connecticut Valley Youth Lacrosse,Connecticut Valley Youth Lacrosse,0.5591092517535794,Connecticut Valley Youth Lacrosse,0.546433866211874,Connecticut Valley Youth Lacrosse,0.5392155217840666,True,True,True
2026-05-27,Connecticut Valley Youth Lacrosse,West Hartford 12U Green,West Hartford 12U Green,West Hartford 12U Green,0.5232859847611466,West Hartford 12U Green,0.5968415263559633,West Hartford 12U Green,0.5668910092520023,True,True,True
2026-05-27,Connecticut Valley Youth Lacrosse,Bristol 12U,Connecticut Valley Youth Lacrosse,Connecticut Valley Youth Lacrosse,0.6342083015755599,Connecticut Valley Youth Lacrosse,0.5955762691050008,Connecticut Valley Youth Lacrosse,0.5830343877759352,True,True,True
2026-05-28,Connecticut Valley Youth Lacrosse,Bristol 12U,Connecticut Valley Youth Lacrosse,Connecticut Valley Youth Lacrosse,0.6533881481649544,Connecticut Valley Youth Lacrosse,0.5940149247124243,Connecticut Valley Youth Lacrosse,0.5851004199677072,True,True,True
2026-05-28,Longmeadow 12U Black,Connecticut Valley Youth Lacrosse,Longmeadow 12U Black,Connecticut Valley Youth Lacrosse,0.6439621187524782,Connecticut Valley Youth Lacrosse,0.5798024142528836,Connecticut Valley Youth Lacrosse,0.5742843346050557,False,False,False
2026-05-28,Connecticut Valley Youth Lacrosse,Agawam 12U,Connecticut Valley Youth Lacrosse,Connecticut Valley Youth Lacrosse,0.624247333988885,Connecticut Valley Youth Lacrosse,0.593065162927951,Connecticut Valley Youth Lacrosse,0.5798073038608555,True,True,True
2026-05-28,West Hartford 12U Gold,Connecticut Valley Youth Lacrosse,West Hartford 12U Gold,West Hartford 12U Gold,0.6595530923607617,West Hartford 12U Gold,0.7135040435439906,West Hartford 12U Gold,0.666772067445451,True,True,True
2026-05-29,Suffield 12U,Connecticut Valley Youth Lacrosse,Suffield 12U,Suffield 12U,0.6562970254663991,Suffield 12U,0.6984149726670337,Suffield 12U,0.6556945699981216,True,True,True
2026-05-29,Glastonbury 12U Blue,Connecticut Valley Youth Lacrosse,Glastonbury 12U Blue,Connecticut Valley Youth Lacrosse,0.6487801901043337,Connecticut Valley Youth Lacrosse,0.6032651685711116,Connecticut Valley Youth Lacrosse,0.5904169210586068,False,False,False
2026-05-29,Connecticut Valley Youth Lacrosse,Meriden 12U,Meriden 12U,Connecticut Valley Youth Lacrosse,0.5123173070438944,Connecticut Valley Youth Lacrosse,0.5308053097367224,Connecticut Valley Youth Lacrosse,0.5219074569016794,False,False,False
2026-05-29,Middletown 12U,Connecticut Valley Youth Lacrosse,Connecticut Valley Youth Lacrosse,Connecticut Valley Youth Lacrosse,0.575367943392903,Connecticut Valley Youth Lacrosse,0.6276889865015463,Connecticut Valley Youth Lacrosse,0.5952426566375836,True,True,True
2026-05-29,Connecticut Valley Youth Lacrosse,Simsbury 12U Blue,Connecticut Valley Youth Lacrosse,Connecticut Valley Youth Lacrosse,0.5819202938211702,Connecticut Valley Youth Lacrosse,0.6042648758035986,Connecticut Valley Youth Lacrosse,0.5806361613425682,True,True,True
2026-05-29,Connecticut Valley Youth Lacrosse,Simsbury 12U A,Connecticut Valley Youth Lacrosse,Connecticut Valley Youth Lacrosse,0.687859309298632,Connecticut Valley Youth Lacrosse,0.7093602564680718,Connecticut Valley Youth Lacrosse,0.6682063045583024,True,True,True
2026-05-30,Connecticut Valley Youth Lacrosse,Wolcott 12U,Wolcott 12U,Wolcott 12U,0.6177247029181921,Wolcott 12U,0.6255465693160431,Wolcott 12U,0.6002482221603407,True,True,True
2026-05-30,Southington 12U White,Connecticut Valley Youth Lacrosse,Connecticut Valley Youth Lacrosse,Connecticut Valley Youth Lacrosse,0.5478524363206405,Connecticut Valley Youth Lacrosse,0.5839050842256779,Connecticut Valley Youth Lacrosse,0.5620338537467526,True,True,True
2026-05-30,Connecticut Valley Youth Lacrosse,Avon 12U,Connecticut Valley Youth Lacrosse,Avon 12U,0.5235090445708844,Avon 12U,0.5676839493820999,Avon 12U,0.5476968949413417,False,False,False
2026-05-30,Granby 12U,Connecticut Valley Youth Lacrosse,Granby 12U,Connecticut Valley Youth Lacrosse,0.6292436422931191,Connecticut Valley Youth Lacrosse,0.6099839236304,Connecticut Valley Youth Lacrosse,0.5917282770712824,False,False,False
2026-05-31,Bristol 12U,Connecticut Valley Youth Lacrosse,Bristol 12U,Connecticut Valley Youth Lacrosse,0.6527807598806161,Connecticut Valley Youth Lacrosse,0.6155524490591902,Connecticut Valley Youth Lacrosse,0.5991490070078572,False,False,False
2026-05-31,Connecticut Valley Youth Lacrosse,West Hartford 12U White,Connecticut Valley Youth Lacrosse,Connecticut Valley Youth Lacrosse,0.6422888812940305,Connecticut Valley Youth Lacrosse,0.6451907089490647,Connecticut Valley Youth Lacrosse,0.6171920632762854,True,True,True
2026-06-01,Connecticut Valley Youth Lacrosse,Simsbury,Connecticut Valley Youth Lacrosse,Connecticut Valley Youth Lacrosse,0.5178202053529715,Connecticut Valley Youth Lacrosse,0.5096084316073792,Connecticut Valley Youth Lacrosse,0.5089551654607768,True,True,True
2026-06-01,Connecticut Valley Youth Lacrosse,Glastonbury 12U Blue,Connecticut Valley Youth Lacrosse,Connecticut Valley Youth Lacrosse,0.6251032698046205,Connecticut Valley Youth Lacrosse,0.5690655261749673,Connecticut Valley Youth Lacrosse,0.5642527076309537,True,True,True
2026-06-01,East Longmeadow 12U White,Connecticut Valley Youth Lacrosse,East Longmeadow 12U White,Connecticut Valley Youth Lacrosse,0.6338794927423825,Connecticut Valley Youth Lacrosse,0.5903251662884246,Connecticut Valley Youth Lacrosse,0.5795399837794631,False,False,False
2026-06-02,Connecticut Valley Youth Lacrosse,West Hartford 12U White,Connecticut Valley Youth Lacrosse,Connecticut Valley Youth Lacrosse,0.6697355559466748,Connecticut Valley Youth Lacrosse,0.6482533209610163,Connecticut Valley Youth Lacrosse,0.62359964749457,True,True,True
2026-06-02,Connecticut Valley Youth Lacrosse,Granby 12U,Connecticut Valley Youth Lacrosse,Connecticut Valley Youth Lacrosse,0.6034858573626117,Connecticut Valley Youth Lacrosse,0.5981329042342541,Connecticut Valley Youth Lacrosse,0.579895019616385,True,True,True
2026-06-02,Southington 12U White,Connecticut Valley Youth Lacrosse,Southington 12U White,Connecticut Valley Youth Lacrosse,0.6261835294701628,Connecticut Valley Youth Lacrosse,0.6163714087608629,Connecticut Valley Youth Lacrosse,0.5954708818471116,False,False,False
2026-06-02,Bristol 12U,Connecticut Valley Youth Lacrosse,Bristol 12U,Connecticut Valley Youth Lacrosse,0.6192236204760759,Connecticut Valley Youth Lacrosse,0.6008935239227574,Connecticut Valley Youth Lacrosse,0.5841626642867144,False,False,False
2026-06-03,Meriden 12U,Connecticut Valley Youth Lacrosse,Meriden 12U,Meriden 12U,0.5047369639771636,Connecticut Valley Youth Lacrosse,0.5107621452943499,Connecticut Valley Youth Lacrosse,0.5062760908025097,True,False,False
2026-06-03,Connecticut Valley Youth Lacrosse,Simsbury 14U Blue,Connecticut Valley Youth Lacrosse,Simsbury 14U Blue,0.5364606388334068,Connecticut Valley Youth Lacrosse,0.5089322883653693,Connecticut Valley Youth Lacrosse,0.5002546212840369,False,True,True
2026-06-03,Connecticut Valley Youth Lacrosse,Wethersfield 12U B,Wethersfield 12U B,Wethersfield 12U B,0.543692931282072,Wethersfield 12U B,0.5169171778419714,Wethersfield 12U B,0.51765146888727,True,True,True
2026-06-03,Connecticut Valley Youth Lacrosse,Southington 12U Blue,Southington 12U Blue,Southington 12U Blue,0.5380818669597904,Southington 12U Blue,0.5128721680751065,Southington 12U Blue,0.5141647599814837,True,True,True
2026-06-03,Ellington 12U,Connecticut Valley Youth Lacrosse,Ellington 12U,Ellington 12U,0.5662819706566018,Connecticut Valley Youth Lacrosse,0.532333129808137,Connecticut Valley Youth Lacrosse,0.5109094613669258,True,False,False
2026-06-03,Connecticut Valley Youth Lacrosse,West Hartford Green,Connecticut Valley Youth Lacrosse,West Hartford Green,0.5728495893159823,Connecticut Valley Youth Lacrosse,0.5082117972373325,West Hartford Green,0.5058143202577964,False,True,False
2026-06-03,South Hadley 12U,Northampton 12U,South Hadley 12U,Northampton 12U,0.7281495118245135,Northampton 12U,0.6644766359333739,Northampton 12U,0.6442622212706125,False,False,False
2026-06-03,Connecticut Valley Youth Lacrosse,Vernon 12U,Connecticut Valley Youth Lacrosse,Vernon 12U,0.56055396350228,Vernon 12U,0.5023162281977629,Vernon 12U,0.5107536896762528,False,False,False
2026-06-03,South Windsor 12U,Connecticut Valley Youth Lacrosse,Connecticut Valley Youth Lacrosse,South Windsor 12U,0.5615192566828106,South Windsor 12U,0.5097489352342612,South Windsor 12U,0.5157311536873237,False,False,False
2026-06-03,Connecticut Valley Youth Lacrosse,Middletown 12U,Connecticut Valley Youth Lacrosse,Connecticut Valley Youth Lacrosse,0.6437025990117503,Connecticut Valley Youth Lacrosse,0.6413809771206243,Connecticut Valley Youth Lacrosse,0.6148608718065901,True,True,True
2026-06-03,South Hadley 12U,Connecticut Valley Youth Lacrosse,South Hadley 12U,Connecticut Valley Youth Lacrosse,0.825175926427784,Connecticut Valley Youth Lacrosse,0.7609718692243423,Connecticut Valley Youth Lacrosse,0.7288094701280496,False,False,False
2026-06-03,Avon 12U B,Connecticut Valley Youth Lacrosse,Connecticut Valley Youth Lacrosse,Avon 12U B,0.6031671300921262,Avon 12U B,0.5717159742567516,Avon 12U B,0.5625202553431511,False,False,False
2026-06-04,Connecticut Valley Youth Lacrosse,Tolland,Connecticut Valley Youth Lacrosse,Tolland,0.5028819185528274,Connecticut Valley Youth Lacrosse,0.5096642980076311,Connecticut Valley Youth Lacrosse,0.505844244676738,False,True,True
2026-06-04,Connecticut Valley Youth Lacrosse,Berlin 12U A,Connecticut Valley Youth Lacrosse,Berlin 12U A,0.5056575479244327,Berlin 12U A,0.5089259556839237,Berlin 12U A,0.5066620947044262,False,False,False
2026-06-04,Wolcott 12U,Connecticut Valley Youth Lacrosse,Wolcott 12U,Wolcott 12U,0.617888204750263,Wolcott 12U,0.6423293412272103,Wolcott 12U,0.6114994258010544,True,True,True
2026-06-06,Connecticut Valley Youth Lacrosse,Wolcott 12U,Connecticut Valley Youth Lacrosse,Wolcott 12U,0.654131996212225,Wolcott 12U,0.6500314413964032,Wolcott 12U,0.6223017651501563,False,False,False
2026-06-06,Ellington 12U,Connecticut Valley Youth Lacrosse,Ellington 12U,Connecticut Valley Youth Lacrosse,0.5386613664357104,Connecticut Valley Youth Lacrosse,0.5222759916195091,Connecticut Valley Youth Lacrosse,0.5203661117731584,False,False,False
