bucket,games,average_predicted_probability,actual_win_rate,calibration_gap
50-55%,66,0.5168499931324134,0.5757575757575758,0.05890758262516238
55-60%,38,0.5745470379079891,0.7368421052631579,0.16229506735516874
60-65%,29,0.622613182957467,0.7241379310344828,0.10152474807701573
65-70%,12,0.6710379446597213,1.0,0.32896205534027867
70-75%,15,0.7223371929625872,0.9333333333333333,0.2109961403707461
75%+,11,0.8041931389655459,1.0,0.1958068610344541
