total_games,elo_accuracy,power_v2_accuracy,power_v3_recency_accuracy,elo_brier_score,power_v2_brier_score,power_v3_recency_brier_score
216,0.7083333333333334,0.7314814814814815,0.7407407407407407,0.2055423906132061,0.1950756778469982,0.19534993550097976
