total_games,elo_accuracy,power_v2_accuracy,hybrid_accuracy,elo_brier_score,power_v2_brier_score,hybrid_brier_score
205,0.7073170731707317,0.7268292682926829,0.7268292682926829,0.2056975585698723,0.1949531587415164,0.20386263722403136
