total_games,elo_accuracy,power_v2_accuracy,hybrid_accuracy,elo_brier_score,power_v2_brier_score,hybrid_brier_score
215,0.7069767441860465,0.7302325581395349,0.7255813953488373,0.20562825082897696,0.19520922863155443,0.2040373546701383
