bucket,games,average_predicted_probability,actual_win_rate,calibration_gap
50-55%,100,0.5180312461984989,0.58,0.06196875380150102
55-60%,59,0.5751401313404293,0.7457627118644068,0.1706225805239775
60-65%,32,0.6235251241966138,0.875,0.25147487580338623
65-70%,28,0.6785195802934254,0.9285714285714286,0.2500518482780032
70-75%,9,0.7256707793927081,1.0,0.2743292206072919
75%+,8,0.802260515194171,1.0,0.19773948480582904
