total_games,elo_accuracy,power_v2_accuracy,power_v3_recency_accuracy,elo_brier_score,power_v2_brier_score,power_v3_recency_brier_score
166,0.6987951807228916,0.7108433734939759,0.7228915662650602,0.2135140109790534,0.20206698207458965,0.20259517076449451
