bucket,games,average_predicted_probability,actual_win_rate,calibration_gap
50-55%,83,0.5179640619553836,0.5662650602409639,0.04830099828558032
55-60%,59,0.5749226489378443,0.7457627118644068,0.1708400629265625
60-65%,21,0.6203905377910944,0.9047619047619048,0.28437136697081034
65-70%,26,0.6754340115504925,0.9615384615384616,0.286104449987969
70-75%,7,0.7281416698030766,1.0,0.2718583301969234
75%+,6,0.798769284977868,1.0,0.20123071502213197
