bucket,games,average_predicted_probability,actual_win_rate,calibration_gap
50-55%,82,0.5176138618884492,0.5975609756097561,0.07994711372130692
55-60%,41,0.5735814821383419,0.7073170731707317,0.13373559103238974
60-65%,44,0.6223757657811202,0.7727272727272727,0.1503515069461525
65-70%,22,0.6789918714068411,0.9090909090909091,0.23009903768406792
70-75%,20,0.7322086648533805,0.9,0.16779133514661948
75%+,20,0.8030750117137544,1.0,0.1969249882862456
