bucket,games,average_predicted_probability,actual_win_rate,calibration_gap
50-55%,65,0.5167825519474392,0.5692307692307692,0.052448217283330045
55-60%,34,0.576115230322344,0.7058823529411765,0.1297671226188325
60-65%,22,0.6244161248351431,0.7272727272727273,0.10285660243758421
65-70%,11,0.6692186266409046,1.0,0.3307813733590954
70-75%,13,0.7221201160449534,0.9230769230769231,0.20095680703196972
75%+,8,0.8050218529523414,1.0,0.1949781470476586
