bucket,games,average_predicted_probability,actual_win_rate,calibration_gap
50-55%,76,0.5170434833782567,0.5921052631578947,0.07506177977963802
55-60%,40,0.5736933934977554,0.7,0.12630660650224457
60-65%,43,0.6220263404978895,0.7674418604651163,0.1454155199672268
65-70%,22,0.6789918714068411,0.9090909090909091,0.23009903768406792
70-75%,17,0.7319735923423313,0.9411764705882353,0.209202878245904
75%+,19,0.8005919055790097,1.0,0.19940809442099028
