bucket,games,average_predicted_probability,actual_win_rate,calibration_gap
50-55%,70,0.5177026626562342,0.5571428571428572,0.03944019448662295
55-60%,30,0.5713528402870551,0.7666666666666667,0.1953138263796116
60-65%,15,0.6259331929390703,1.0,0.37406680706092965
65-70%,8,0.6784603471532074,0.875,0.19653965284679265
70-75%,3,0.7253942958771642,1.0,0.2746057041228358
75%+,3,0.7673662554289565,1.0,0.23263374457104347
