total_predictions,accuracy,average_confidence,brier_score
205,0.7073170731707317,0.5635666717639042,0.2056975585698723
