bucket,games,average_predicted_probability,actual_win_rate,calibration_gap
50-55%,92,0.517507329059421,0.5978260869565217,0.08031875789710075
55-60%,58,0.5755395440276704,0.7413793103448276,0.16583976631715724
60-65%,30,0.6231358821780304,0.9,0.2768641178219696
65-70%,25,0.6780850437525031,0.96,0.28191495624749685
70-75%,9,0.7256707793927081,1.0,0.2743292206072919
75%+,8,0.802260515194171,1.0,0.19773948480582904
