bucket,games,average_predicted_probability,actual_win_rate,calibration_gap
50-55%,70,0.5176785637375338,0.5571428571428572,0.039464293405323314
55-60%,30,0.5715016484050951,0.7666666666666667,0.19516501826157162
60-65%,16,0.626963340922858,1.0,0.373036659077142
65-70%,10,0.6764621490229658,0.9,0.22353785097703427
70-75%,4,0.7257580061084601,1.0,0.2742419938915399
75%+,3,0.767390268778767,1.0,0.23260973122123296
