total_games,elo_accuracy,power_v2_accuracy,hybrid_accuracy,elo_brier_score,power_v2_brier_score,hybrid_brier_score
202,0.7029702970297029,0.7277227722772277,0.7277227722772277,0.20643953920590621,0.19537698287319474,0.204250643428687
