total_games,elo_accuracy,power_v2_accuracy,hybrid_accuracy,elo_brier_score,power_v2_brier_score,hybrid_brier_score
233,0.7167381974248928,0.7339055793991416,0.7253218884120172,0.20450672821958962,0.19522690459294667,0.20384383993479502
