bucket,games,average_predicted_probability,actual_win_rate,calibration_gap
50-55%,61,0.5165743342714777,0.5573770491803278,0.040802714908850124
55-60%,30,0.5743892626809,0.7333333333333333,0.15894407065243332
60-65%,14,0.6222252032362636,0.7142857142857143,0.09206051104945068
65-70%,13,0.6713896307468625,1.0,0.32861036925313747
70-75%,9,0.7243394709598561,0.8888888888888888,0.16454941792903277
75%+,8,0.7985324451549489,1.0,0.20146755484505108
