agreement_level,games,average_confidence,prediction_accuracy,average_model_agreement,average_favorite_probability
full_agreement,119,68.08025210084034,0.7142857142857143,0.9779173403531712,
split_signal,14,57.12714285714286,0.6428571428571429,0.749134341066201,
confidence_tier:high,18,78.23833333333333,0.7222222222222222,,0.6295989755686234
confidence_tier:low,24,53.83041666666667,0.75,,0.555737861607655
confidence_tier:medium,91,68.14406593406594,0.6923076923076923,,0.5867466629633784
